unit,class,rung,stage_b_part,offered_current,offered_m6,stage_a_output_mse,stage_b_predicted_dloss,wire_bytes,wire_file_bytes,wire_sha256,receipt,producer_verified,prepared_wire_match,prepared_render_match
model.language_model.layers.45.mlp.experts.0.down_proj,routed,TESSERA_BF16_K1_R1024,r1024,1,1,0.00026895245537161827,2.1150301297280964e-07,4235983,4235983,8a94787ae68f01486022438e77a972a3d61bfbfc88a0ec3431e71f257bb63ef9,expert_wires+checkpoint,1,1,1
model.language_model.layers.45.mlp.experts.0.down_proj,routed,TESSERA_E4M3_K1_R1024,r1024,1,0,0.00033426983281970024,6.373578371418817e-07,4219595,4219595,5d91640894d22680add8d7cd2882b275961c80f52892d87bd8be2c938dabc740,expert_wires+checkpoint,1,1,1
model.language_model.layers.45.mlp.experts.0.gate_proj,routed,TESSERA_BF16_K1_R1024,r1024,1,1,0.0007271431386470795,8.188952474491711e-08,4231951,4231951,d96b78fe62e34182181163ff3cd657b286808f4c39024e6ae89baf4f28437f58,expert_wires+checkpoint,1,1,1
model.language_model.layers.45.mlp.experts.0.gate_proj,routed,TESSERA_E4M3_K1_R1024,r1024,1,0,0.0010932228760793805,1.9112267225040958e-07,4215563,4215563,981dedf169ab4e765996e8e6461321315d998406d525c9061ce86e8fa2c3b129,expert_wires+checkpoint,1,1,1
model.language_model.layers.45.mlp.experts.0.up_proj,routed,TESSERA_BF16_K1_R1024,r1024,1,1,0.0007751959492452443,4.714769780826727e-08,4231951,4231951,5df899801d42e5401f16f950411db3de052d02c8f8400d89269aed6259a43363,expert_wires+checkpoint,1,1,1
model.language_model.layers.45.mlp.experts.0.up_proj,routed,TESSERA_E4M3_K1_R1024,r1024,1,0,0.001163875451311469,9.438431727484851e-08,4215563,4215563,701f72f542488efed74043515460ad291026e1c1a98398a3ba1315dcf7537d9c,expert_wires+checkpoint,1,1,1
model.language_model.layers.45.mlp.experts.1.down_proj,routed,TESSERA_BF16_K1_R1024,r1024,1,1,0.00023430898727383465,5.612081178596076e-07,4235983,4235983,a11438186e8d6a8fba708700f7d874408d296e1fb280677b05fcafa8fb77987d,expert_wires+checkpoint,1,1,1
model.language_model.layers.45.mlp.experts.1.down_proj,routed,TESSERA_E4M3_K1_R1024,r1024,1,0,0.0002783016534522176,3.078251443884426e-07,4219595,4219595,2da4b18c7a7d6ca611901ae79910cc5a99c6d29fcdf33e0f76d6ddf912ddb98d,expert_wires+checkpoint,1,1,1
model.language_model.layers.45.mlp.experts.1.gate_proj,routed,TESSERA_BF16_K1_R1024,r1024,1,1,0.0009533892734907568,9.930086670892797e-07,4231951,4231951,fcab5b4cb1bf70e928e11de02ef9c92011a9e74d742832cee0a544b7044e40cf,expert_wires+checkpoint,1,1,1
model.language_model.layers.45.mlp.experts.1.gate_proj,routed,TESSERA_E4M3_K1_R1024,r1024,1,0,0.0013293484225869179,4.247591504602189e-07,4215563,4215563,6fed3ba6cd62980d0ffa65eba62f6040ea4f98af0c0527779738f88b4628ca8a,expert_wires+checkpoint,1,1,1
model.language_model.layers.45.mlp.experts.1.up_proj,routed,TESSERA_BF16_K1_R1024,r1024,1,1,0.000999612850137055,7.66961716157267e-07,4231951,4231951,88b225aec8d7de5c83efb15d7a1b6c23ae50955dae72662058fee4169da9a3b5,expert_wires+checkpoint,1,1,1
model.language_model.layers.45.mlp.experts.1.up_proj,routed,TESSERA_E4M3_K1_R1024,r1024,1,0,0.0013889260590076447,4.774469903091978e-07,4215563,4215563,e6feedcb06313dbdeeb5339f135f32a08122aba65e2efd6e284bd8fd05053402,expert_wires+checkpoint,1,1,1
model.language_model.layers.45.mlp.experts.10.down_proj,routed,TESSERA_BF16_K1_R1024,r1024,1,1,0.00017457289504818618,2.4231741983352156e-06,4235983,4235983,29dc7ccc26d6445125b8f5e6915233306eda02c9834eacdb93f3ad0007f91f1b,expert_wires+checkpoint,1,1,1
model.language_model.layers.45.mlp.experts.10.down_proj,routed,TESSERA_E4M3_K1_R1024,r1024,1,0,0.00022236026416067034,1.7806614792069135e-06,4219595,4219595,3b6a3027ee84637e604f93a48effc80f4161087cd10f537d3566df75739c80b5,expert_wires+checkpoint,1,1,1
model.language_model.layers.45.mlp.experts.10.gate_proj,routed,TESSERA_BF16_K1_R1024,r1024,1,1,0.0007317865383811295,5.882724327554021e-07,4231951,4231951,f7357c5fd93401ec62597e814bbaa6af3a5214f739de711761f2872dcca7683d,expert_wires+checkpoint,1,1,1
model.language_model.layers.45.mlp.experts.10.gate_proj,routed,TESSERA_E4M3_K1_R1024,r1024,1,0,0.001048989244736731,5.310945212923461e-07,4215563,4215563,06c2af89a559eb66f5066acb65e2642dec0382a190d792d62b85da103f1a75ec,expert_wires+checkpoint,1,1,1
model.language_model.layers.45.mlp.experts.10.up_proj,routed,TESSERA_BF16_K1_R1024,r1024,1,1,0.0008200342999771237,4.897549814710435e-08,4231951,4231951,f425883eb372ee2dfd28488b47de948fe95748179887d0e6bba886331c954b84,expert_wires+checkpoint,1,1,1
model.language_model.layers.45.mlp.experts.10.up_proj,routed,TESSERA_E4M3_K1_R1024,r1024,1,0,0.0011533355573192239,2.099500610103262e-06,4215563,4215563,4461c7fe9e3eacb7f1d529274c5cd9b10ceb57bdb0c8043b16e7dc774f41ca80,expert_wires+checkpoint,1,1,1
model.language_model.layers.45.mlp.experts.100.down_proj,routed,TESSERA_BF16_K1_R1024,r1024,1,1,0.0002470216422807425,1.047251449035071e-06,4235983,4235983,749661d920a9ed55237166b43eb9991996d5289d592500b97fa2090886e20e97,expert_wires+checkpoint,1,1,1
model.language_model.layers.45.mlp.experts.100.down_proj,routed,TESSERA_E4M3_K1_R1024,r1024,1,0,0.0002996667171828449,2.345139973689655e-06,4219595,4219595,bb180c68fdbbca3ad306487976714080c3eb9d7fb346bda1eb68e320e2e5212d,expert_wires+checkpoint,1,1,1
model.language_model.layers.45.mlp.experts.100.gate_proj,routed,TESSERA_BF16_K1_R1024,r1024,1,1,0.0009803320281207561,7.541280155793144e-07,4231951,4231951,72452f06e0daf46cd8eb7c6b7befd913f53c299f847f2946f9726f12f4c80edb,expert_wires+checkpoint,1,1,1
model.language_model.layers.45.mlp.experts.100.gate_proj,routed,TESSERA_E4M3_K1_R1024,r1024,1,0,0.001346553093753755,1.8196193102329521e-06,4215563,4215563,c1e500d8545a9d7fa62540f30d36048cc831e0405bc9dce1ecdcf65cad974c0c,expert_wires+checkpoint,1,1,1
model.language_model.layers.45.mlp.experts.100.up_proj,routed,TESSERA_BF16_K1_R1024,r1024,1,1,0.0010609824676066637,8.572412191600491e-07,4231951,4231951,8f0e533207fe7127aa58672209fb8ffa356501be77d06ef608b07124b9703129,expert_wires+checkpoint,1,1,1
model.language_model.layers.45.mlp.experts.100.up_proj,routed,TESSERA_E4M3_K1_R1024,r1024,1,0,0.0014575249515473843,1.264607579603932e-06,4215563,4215563,9c7a126b5297a54ef87c161e6e05a780424605fb1fd3fb6db91c1c1cb9626b0b,expert_wires+checkpoint,1,1,1
model.language_model.layers.45.mlp.experts.101.down_proj,routed,TESSERA_BF16_K1_R1024,r1024,1,1,0.00011998718400718644,2.0792032398240616e-07,4235983,4235983,6263a882808ecdcfdb67b391816b749aa8dc16209246b11ad3218f5472a3b672,expert_wires+checkpoint,1,1,1
model.language_model.layers.45.mlp.experts.101.down_proj,routed,TESSERA_E4M3_K1_R1024,r1024,1,0,0.00014893035404384136,4.0668458564228353e-07,4219595,4219595,9e09a2f1af3cd0fd4870073cae68bde273afdf11d1efcf5a67c5d66a9bd9b447,expert_wires+checkpoint,1,1,1
model.language_model.layers.45.mlp.experts.101.gate_proj,routed,TESSERA_BF16_K1_R1024,r1024,1,1,0.0008759073680266738,2.3093281934575125e-07,4231951,4231951,fd08601484846c2036ea96be7a5919601ab6ca5b73608e3075293071b3b38cc7,expert_wires+checkpoint,1,1,1
model.language_model.layers.45.mlp.experts.101.gate_proj,routed,TESSERA_E4M3_K1_R1024,r1024,1,0,0.001270093023777008,1.012126842678002e-07,4215563,4215563,270d5e2e0d12c323d968bb9e57fe2222678da242144f42f3d0504dd8b02d55d1,expert_wires+checkpoint,1,1,1
model.language_model.layers.45.mlp.experts.101.up_proj,routed,TESSERA_BF16_K1_R1024,r1024,1,1,0.0009047074127011001,1.2408367434630801e-07,4231951,4231951,4b6ae74edee8453a8f34ae8bbfe6ead659e156f83c350b8a20252d3309b3aca8,expert_wires+checkpoint,1,1,1
model.language_model.layers.45.mlp.experts.101.up_proj,routed,TESSERA_E4M3_K1_R1024,r1024,1,0,0.0013045680243521929,1.1559593236915005e-07,4215563,4215563,8d3d89719e0cbd6f762b2c275fb1769b546f467495db25c26d3dd802915d0868,expert_wires+checkpoint,1,1,1
model.language_model.layers.45.mlp.experts.102.down_proj,routed,TESSERA_BF16_K1_R1024,r1024,1,1,0.00030113072716630995,1.710676489891116e-07,4235983,4235983,7dbfa51819ce8ac8fd3a0f5cf7d0b79c88f95ee0bde12220ffe29d28da725535,expert_wires+checkpoint,1,1,1
model.language_model.layers.45.mlp.experts.102.down_proj,routed,TESSERA_E4M3_K1_R1024,r1024,1,0,0.000394958391552791,3.7375064577829103e-06,4219595,4219595,6fe633fa3442c74aa4da37ef3d0de7c68ae809fd1cb84073aecf484a686e5c9c,expert_wires+checkpoint,1,1,1
model.language_model.layers.45.mlp.experts.102.gate_proj,routed,TESSERA_BF16_K1_R1024,r1024,1,1,0.0005812816089019179,1.6298098480747983e-06,4231951,4231951,e490aa3c1e0a127fbb6a4f8768c4b55faa51ba91c546df70d2a40b6c6dc5b5fe,expert_wires+checkpoint,1,1,1
model.language_model.layers.45.mlp.experts.102.gate_proj,routed,TESSERA_E4M3_K1_R1024,r1024,1,0,0.0008438340155407786,6.639546333781983e-06,4215563,4215563,69986e947c5535ed47db0467302dc98a18fe149b15232e565f80d11d8f9b2259,expert_wires+checkpoint,1,1,1
model.language_model.layers.45.mlp.experts.102.up_proj,routed,TESSERA_BF16_K1_R1024,r1024,1,1,0.0006436709081754088,1.1401947756118423e-06,4231951,4231951,04929eba1f679631ac4a7fa4abea05bd3815f3c381924ff7248e11b5dd76efb5,expert_wires+checkpoint,1,1,1
model.language_model.layers.45.mlp.experts.102.up_proj,routed,TESSERA_E4M3_K1_R1024,r1024,1,0,0.0009283616091124713,3.6255208497738336e-06,4215563,4215563,7cc50d7cb81a9138a657475f85203a3eebd537d9aceda5c8f5e0a0a9f2a65f02,expert_wires+checkpoint,1,1,1
model.language_model.layers.45.mlp.experts.103.down_proj,routed,TESSERA_BF16_K1_R1024,r1024,1,1,0.00014099752297624946,2.396229036607581e-07,4235983,4235983,7f0d65e23174d5bf60b1bd89940187eb6b63dcaa427c1360c1e0e77497967eb4,expert_wires+checkpoint,1,1,1
model.language_model.layers.45.mlp.experts.103.down_proj,routed,TESSERA_E4M3_K1_R1024,r1024,1,0,0.00017905842105392367,2.398043390739492e-07,4219595,4219595,7281e5ccf41badb3f8b43c0798b22fd56d6077caa95eed4dd054e3ff3485aff7,expert_wires+checkpoint,1,1,1
model.language_model.layers.45.mlp.experts.103.gate_proj,routed,TESSERA_BF16_K1_R1024,r1024,1,1,0.0007725813193246722,1.505071411811013e-08,4231951,4231951,b9f25f684d1364f7f07de7b6cfea08d131a53c701e3019a24200bdb629394008,expert_wires+checkpoint,1,1,1
model.language_model.layers.45.mlp.experts.103.gate_proj,routed,TESSERA_E4M3_K1_R1024,r1024,1,0,0.0011760187335312366,3.420467393994898e-07,4215563,4215563,93bfd1b5a0db72490c9f94a43361e14f1ab20365c74ccd5c6651cb11ffe05e7d,expert_wires+checkpoint,1,1,1
model.language_model.layers.45.mlp.experts.103.up_proj,routed,TESSERA_BF16_K1_R1024,r1024,1,1,0.0008295067236758769,2.2029366395204293e-07,4231951,4231951,d1841abc00770b5e81ad7531b8934e7aeb556571f63992b88ea918cb4c19f760,expert_wires+checkpoint,1,1,1
model.language_model.layers.45.mlp.experts.103.up_proj,routed,TESSERA_E4M3_K1_R1024,r1024,1,0,0.0012479973956942558,7.887221035508807e-08,4215563,4215563,6336d92d3ec6d0ca5cfdbc65ad021f7def3ecda5a655197e3a7676f8ee7ede08,expert_wires+checkpoint,1,1,1
model.language_model.layers.45.mlp.experts.104.down_proj,routed,TESSERA_BF16_K1_R1024,r1024,1,1,0.0004182825214229524,6.90852098986907e-07,4235983,4235983,091159809a0dadff6e13b4d3afd18e2a28562b91bc10dbc83f9a85759cc0824c,expert_wires+checkpoint,1,1,1
model.language_model.layers.45.mlp.experts.104.down_proj,routed,TESSERA_E4M3_K1_R1024,r1024,1,0,0.0005314807058311999,2.615075151713862e-07,4219595,4219595,e54f8304d7f6011bd9fcae039aa664a98dd3afb278aa529c35948fd0d6efc15d,expert_wires+checkpoint,1,1,1
model.language_model.layers.45.mlp.experts.104.gate_proj,routed,TESSERA_BF16_K1_R1024,r1024,1,1,0.0007019315380603075,3.8315999514187784e-07,4231951,4231951,52182d354168646e0884a3c2cf2fda96855b495a74b88a68c63cc7d7ce79e408,expert_wires+checkpoint,1,1,1
model.language_model.layers.45.mlp.experts.104.gate_proj,routed,TESSERA_E4M3_K1_R1024,r1024,1,0,0.0010121637023985386,3.9217012776269613e-07,4215563,4215563,8f41a58b12354392b607475a8544cec71e30c9927b505def364dc09c8af25659,expert_wires+checkpoint,1,1,1
model.language_model.layers.45.mlp.experts.104.up_proj,routed,TESSERA_BF16_K1_R1024,r1024,1,1,0.0008557778783142567,1.6481392467859314e-07,4231951,4231951,7547c2b2c9158b1bdac0fd3da57b12e6e7a7e9cac87cf73d429cef793111ede2,expert_wires+checkpoint,1,1,1
model.language_model.layers.45.mlp.experts.104.up_proj,routed,TESSERA_E4M3_K1_R1024,r1024,1,0,0.0012212969595566392,3.5337755077654616e-07,4215563,4215563,6d254ec31c5f189c221e5e8c9d1401544e9ecc614333207544bce0f2cc557dce,expert_wires+checkpoint,1,1,1
model.language_model.layers.45.mlp.experts.105.down_proj,routed,TESSERA_BF16_K1_R1024,r1024,1,1,0.0001591280597494915,5.111104211655645e-07,4235983,4235983,83a2cb0d7974c936169a6e7acabc9b8d153cba24d05f4d5dd90393ccdb22a4c5,expert_wires+checkpoint,1,1,1
model.language_model.layers.45.mlp.experts.105.down_proj,routed,TESSERA_E4M3_K1_R1024,r1024,1,0,0.00019926333334296942,4.517845351585375e-07,4219595,4219595,d274490ac8d97804f47d9c6a975e534aea0d3ebbf56f442a89103ee685fb7de6,expert_wires+checkpoint,1,1,1
model.language_model.layers.45.mlp.experts.105.gate_proj,routed,TESSERA_BF16_K1_R1024,r1024,1,1,0.0005234729615040123,6.140028697386751e-08,4231951,4231951,e2a7580715c8c1cb1cd188caf8a2477c58f8f565d50f921c875afea5de706a4b,expert_wires+checkpoint,1,1,1
model.language_model.layers.45.mlp.experts.105.gate_proj,routed,TESSERA_E4M3_K1_R1024,r1024,1,0,0.0007767120841890574,1.8807730154697267e-07,4215563,4215563,2b719fc440c11fb5b03c9a1ab50791ef05ab5f190e7d3ac5f740b25d9e9633be,expert_wires+checkpoint,1,1,1
model.language_model.layers.45.mlp.experts.105.up_proj,routed,TESSERA_BF16_K1_R1024,r1024,1,1,0.0006052684620954096,1.9135167358888855e-07,4231951,4231951,98fa828891bc63c2daf24835a55d6f6cfc1cb2ed7a5869a507b91c5b0b0a2e7f,expert_wires+checkpoint,1,1,1
model.language_model.layers.45.mlp.experts.105.up_proj,routed,TESSERA_E4M3_K1_R1024,r1024,1,0,0.0008927583112381399,2.2518228531227562e-07,4215563,4215563,2bcbc8020a2c9526b790e82aba7a63750fb208fe45a5d0d129643480ae6482fb,expert_wires+checkpoint,1,1,1
model.language_model.layers.45.mlp.experts.106.down_proj,routed,TESSERA_BF16_K1_R1024,r1024,1,1,0.00010975923214573413,2.300479779372697e-07,4235983,4235983,ed506d137b0671ab58c8914b48912c0573e36fdcac206a65655b949b0d5e5e7f,expert_wires+checkpoint,1,1,1
model.language_model.layers.45.mlp.experts.106.down_proj,routed,TESSERA_E4M3_K1_R1024,r1024,1,0,0.00013799374573864043,4.3625654899435076e-07,4219595,4219595,10195c147e3d5b0a2dbb002fd1ab45ad870b20c00ffec55e51b9e87275e4e133,expert_wires+checkpoint,1,1,1
model.language_model.layers.45.mlp.experts.106.gate_proj,routed,TESSERA_BF16_K1_R1024,r1024,1,1,0.0009194253943860531,6.781568007352611e-07,4231951,4231951,842aec3763f46dda912ea101104afb47e99c1f02e5f4719c3b6f2b7712a94a6a,expert_wires+checkpoint,1,1,1
model.language_model.layers.45.mlp.experts.106.gate_proj,routed,TESSERA_E4M3_K1_R1024,r1024,1,0,0.0013048737309873104,2.680141288795224e-07,4215563,4215563,5ce927c2521c0cda85e0d0bb1b76452103e9534ff398bd1ccc1e991dea0d59ce,expert_wires+checkpoint,1,1,1
model.language_model.layers.45.mlp.experts.106.up_proj,routed,TESSERA_BF16_K1_R1024,r1024,1,1,0.0009850005153566599,2.121801219664223e-07,4231951,4231951,7404209272535eea24015ea0cc3acbff84598567d7e2bb047d17e05ab52c03ea,expert_wires+checkpoint,1,1,1
model.language_model.layers.45.mlp.experts.106.up_proj,routed,TESSERA_E4M3_K1_R1024,r1024,1,0,0.0014019542140886188,7.587358493603188e-07,4215563,4215563,460c65774a45cc2fda50f7bb31d7e37e2e528adc0f6f5a42df098e28d1809a8b,expert_wires+checkpoint,1,1,1
model.language_model.layers.45.mlp.experts.107.down_proj,routed,TESSERA_BF16_K1_R1024,r1024,1,1,0.00019137506023980677,4.0628015641016453e-07,4235983,4235983,2f491275dad6f154cf02067711501ee82ca095c2fcc703aaf3532e297c84fedb,expert_wires+checkpoint,1,1,1
model.language_model.layers.45.mlp.experts.107.down_proj,routed,TESSERA_E4M3_K1_R1024,r1024,1,0,0.00023131363559514284,3.850720119360078e-07,4219595,4219595,6dac23e9ba38a9b561607b21f39f5c3aa6ccb51d64b1dd0da2996aa53a57e883,expert_wires+checkpoint,1,1,1
model.language_model.layers.45.mlp.experts.107.gate_proj,routed,TESSERA_BF16_K1_R1024,r1024,1,1,0.0008593511884100735,1.526614893633534e-07,4231951,4231951,5c552eb4c66ffa08f8deebd4897e0eff12c47ebeb12b11faa9ddb299d7f3077d,expert_wires+checkpoint,1,1,1
model.language_model.layers.45.mlp.experts.107.gate_proj,routed,TESSERA_E4M3_K1_R1024,r1024,1,0,0.001211213180795312,9.326565732653474e-07,4215563,4215563,5033b46262ccabe9bdac9e955a5f9f9ad3fd46de962c7f5962bdad625bf33302,expert_wires+checkpoint,1,1,1
model.language_model.layers.45.mlp.experts.107.up_proj,routed,TESSERA_BF16_K1_R1024,r1024,1,1,0.0009384708246216178,4.378000523618212e-08,4231951,4231951,f544cec107131885cc0823af42509ecbc65a8ae4f8bfaed9e4de07f7505867e3,expert_wires+checkpoint,1,1,1
model.language_model.layers.45.mlp.experts.107.up_proj,routed,TESSERA_E4M3_K1_R1024,r1024,1,0,0.0013207426527515054,8.099231856879427e-07,4215563,4215563,427f6dde72793a31a3404497df7beb777d023bac4e7182fdc5614dcbc71cf1f9,expert_wires+checkpoint,1,1,1
model.language_model.layers.45.mlp.experts.108.down_proj,routed,TESSERA_BF16_K1_R1024,r1024,1,1,0.00036660919431596994,5.378710993739684e-07,4235983,4235983,69d09691e407bbb585b2be0f1ee98634bd80147e96aaaed361f664061e577089,expert_wires+checkpoint,1,1,1
model.language_model.layers.45.mlp.experts.108.down_proj,routed,TESSERA_E4M3_K1_R1024,r1024,1,0,0.00045031955232843757,3.6683343725703695e-07,4219595,4219595,7dfb8b407904edaa43349cc64a9e7d87ce0b6f43851e87a7d348e12dc02dcb92,expert_wires+checkpoint,1,1,1
model.language_model.layers.45.mlp.experts.108.gate_proj,routed,TESSERA_BF16_K1_R1024,r1024,1,1,0.0008920751861296594,2.249657782462255e-07,4231951,4231951,6f3ea7636edd1d660b70dc4ad73a0b31c600f56e9bef552a7215a5bf63fe3580,expert_wires+checkpoint,1,1,1
model.language_model.layers.45.mlp.experts.108.gate_proj,routed,TESSERA_E4M3_K1_R1024,r1024,1,0,0.0012344683054834604,5.311526247619093e-07,4215563,4215563,3ec1358b8dc1d8f1d4b675690fd13e54cd9f7ea22856b63739647d839be07d67,expert_wires+checkpoint,1,1,1
model.language_model.layers.45.mlp.experts.108.up_proj,routed,TESSERA_BF16_K1_R1024,r1024,1,1,0.0010202478151768446,1.8391313192153536e-07,4231951,4231951,95ea86f9e6ccc608e8211e8fb82ba84b231a11525416d8cceb3d9eda66e66c49,expert_wires+checkpoint,1,1,1
model.language_model.layers.45.mlp.experts.108.up_proj,routed,TESSERA_E4M3_K1_R1024,r1024,1,0,0.0014126987662166357,4.853700930984761e-07,4215563,4215563,d5de5163435c1663c9be7a137b4def9d76996281cadc8b2c9b9983d6db4782c4,expert_wires+checkpoint,1,1,1
model.language_model.layers.45.mlp.experts.109.down_proj,routed,TESSERA_BF16_K1_R1024,r1024,1,1,0.00029201930738054216,1.740329342293865e-06,4235983,4235983,d987e531420ceefe9e20f55567e97f2c3cdc9f67d6040e9ab977ef2f776e240f,expert_wires+checkpoint,1,1,1
model.language_model.layers.45.mlp.experts.109.down_proj,routed,TESSERA_E4M3_K1_R1024,r1024,1,0,0.00037019571755081415,1.3743567766711762e-06,4219595,4219595,a62b3a517266121651b16ba6164b616f0c24a12c8a544568317c9b6e267a04cc,expert_wires+checkpoint,1,1,1
model.language_model.layers.45.mlp.experts.109.gate_proj,routed,TESSERA_BF16_K1_R1024,r1024,1,1,0.0007609184831380844,1.335797753128171e-06,4231951,4231951,7d8f5e99a73fb3ac55eee9eb934cf48e9dada30ea37eaca67c97d74d6e587dc1,expert_wires+checkpoint,1,1,1
model.language_model.layers.45.mlp.experts.109.gate_proj,routed,TESSERA_E4M3_K1_R1024,r1024,1,0,0.0010922703659161925,1.866186683737037e-06,4215563,4215563,f2c7c63da67ba48e5b738153992604f3f0189ed5488d7a08267aa2033e1bf494,expert_wires+checkpoint,1,1,1
model.language_model.layers.45.mlp.experts.109.up_proj,routed,TESSERA_BF16_K1_R1024,r1024,1,1,0.0008058088133111596,2.224713470439352e-07,4231951,4231951,b4eb4925bab28dcfc4afc1315a84e957e466d174f31bb06c370f4eb5cef5b771,expert_wires+checkpoint,1,1,1
model.language_model.layers.45.mlp.experts.109.up_proj,routed,TESSERA_E4M3_K1_R1024,r1024,1,0,0.001149489195086062,1.2010976795477868e-06,4215563,4215563,b5f4c554c014290acef71a04cfb611b28acc3efe74fa320c225b2f2e79364e62,expert_wires+checkpoint,1,1,1
model.language_model.layers.45.mlp.experts.11.down_proj,routed,TESSERA_BF16_K1_R1024,r1024,1,1,0.00015814350626897067,2.562315079331182e-07,4235983,4235983,409f3e236c342cf50e6529978b5f5cefdc56e428c877f38d5d2b77e3ae25a4df,expert_wires+checkpoint,1,1,1
model.language_model.layers.45.mlp.experts.11.down_proj,routed,TESSERA_E4M3_K1_R1024,r1024,1,0,0.00020237333956174552,4.5017561238154715e-07,4219595,4219595,fa91e60e000bd7772c876d073610ae60dc19ab0ef630d9257f9885eac1dff157,expert_wires+checkpoint,1,1,1
model.language_model.layers.45.mlp.experts.11.gate_proj,routed,TESSERA_BF16_K1_R1024,r1024,1,1,0.0006087067304179072,2.956286891824374e-07,4231951,4231951,f7744879d2ae4d741f1cce436084c8e344ac8b0941acfd1594be13993f593790,expert_wires+checkpoint,1,1,1
model.language_model.layers.45.mlp.experts.11.gate_proj,routed,TESSERA_E4M3_K1_R1024,r1024,1,0,0.0009016268886625767,7.393793528561096e-07,4215563,4215563,c63f4692e8e93d4d73b2e2a4e8c980aebd61e8f07f5e109fb84f57b02d810dc2,expert_wires+checkpoint,1,1,1
model.language_model.layers.45.mlp.experts.11.up_proj,routed,TESSERA_BF16_K1_R1024,r1024,1,1,0.0006583059439435601,1.7130774227178268e-07,4231951,4231951,7c21038a3923227e4c22fb3361caeb6c1c868835e950ed3e244ed0836a197fbb,expert_wires+checkpoint,1,1,1
model.language_model.layers.45.mlp.experts.11.up_proj,routed,TESSERA_E4M3_K1_R1024,r1024,1,0,0.0009690920123830438,3.4441904916958314e-07,4215563,4215563,8546e54aaf3034341548f416fcf5d933085dcd7d3d4c9becad404c6d166b7aff,expert_wires+checkpoint,1,1,1
model.language_model.layers.45.mlp.experts.110.down_proj,routed,TESSERA_BF16_K1_R1024,r1024,1,1,0.00038598719402216375,1.679866623010311e-07,4235983,4235983,f15a297894d239917cd518a533a992ac7b1036ce7546eb602e874c275fab9603,expert_wires+checkpoint,1,1,1
model.language_model.layers.45.mlp.experts.110.down_proj,routed,TESSERA_E4M3_K1_R1024,r1024,1,0,0.0004832260892726481,4.7829175001633513e-08,4219595,4219595,7f14f77d40b1800b793b58b77d7c86222d011e175d2fbd4d225bde04b9358449,expert_wires+checkpoint,1,1,1
model.language_model.layers.45.mlp.experts.110.gate_proj,routed,TESSERA_BF16_K1_R1024,r1024,1,1,0.0007833662675693631,1.4909704957733487e-07,4231951,4231951,07833f39e67f497cfe415d83a050e0859f43e8c73ff19e75026224377af9c892,expert_wires+checkpoint,1,1,1
model.language_model.layers.45.mlp.experts.110.gate_proj,routed,TESSERA_E4M3_K1_R1024,r1024,1,0,0.0011343533406034112,2.0604271860609125e-07,4215563,4215563,30d7bd59a4fb90157f25b8b33549c09c20690661106c4530e0c39ff97f92bc71,expert_wires+checkpoint,1,1,1
model.language_model.layers.45.mlp.experts.110.up_proj,routed,TESSERA_BF16_K1_R1024,r1024,1,1,0.0008400982478633523,2.706233517822702e-07,4231951,4231951,d24fa0d5dc8becd67745520bc1ac4dfcd61f80e946bd6f8c600bb1fb7621a4c9,expert_wires+checkpoint,1,1,1
model.language_model.layers.45.mlp.experts.110.up_proj,routed,TESSERA_E4M3_K1_R1024,r1024,1,0,0.0012134992284700274,5.551791275605906e-07,4215563,4215563,0afdcd9e6247a00c5c2d6fb9928c02ed71780ac21b5ac857f28f8d6268f305d5,expert_wires+checkpoint,1,1,1
model.language_model.layers.45.mlp.experts.111.down_proj,routed,TESSERA_BF16_K1_R1024,r1024,1,1,0.00013504497474059463,3.13048499928604e-07,4235983,4235983,13d12c5d45f330da47d89aff86cebf256a5e36344f24269efb50d999510026a4,expert_wires+checkpoint,1,1,1
model.language_model.layers.45.mlp.experts.111.down_proj,routed,TESSERA_E4M3_K1_R1024,r1024,1,0,0.00017544605361763388,1.680755765669199e-07,4219595,4219595,ed6688f71201d48e5ab07ac3e7259a0735816243a6a4945642deba780c377272,expert_wires+checkpoint,1,1,1
model.language_model.layers.45.mlp.experts.111.gate_proj,routed,TESSERA_BF16_K1_R1024,r1024,1,1,0.0008070028852671385,9.449065119084063e-08,4231951,4231951,fc351a89d6401875322d68d43644ab65dd5b6c695320c5cb09bc8232360c595e,expert_wires+checkpoint,1,1,1
model.language_model.layers.45.mlp.experts.111.gate_proj,routed,TESSERA_E4M3_K1_R1024,r1024,1,0,0.0011395534966140985,1.358814290865471e-07,4215563,4215563,fe20d1ad3db317574c6cefd9276f5ac24217ca5cea496ed4455e8d0ac4970fc5,expert_wires+checkpoint,1,1,1
model.language_model.layers.45.mlp.experts.111.up_proj,routed,TESSERA_BF16_K1_R1024,r1024,1,1,0.0008979144040495157,5.869722839089606e-08,4231951,4231951,6e04f8af6ae7188c927445446f190690acb30d15867be363845b412033e9c5be,expert_wires+checkpoint,1,1,1
model.language_model.layers.45.mlp.experts.111.up_proj,routed,TESSERA_E4M3_K1_R1024,r1024,1,0,0.001263041514903307,7.345133881115316e-08,4215563,4215563,6ae350509e722afc066ba38272acf6aae8ba9963dff6f2d9228230f8e9800492,expert_wires+checkpoint,1,1,1
model.language_model.layers.45.mlp.experts.112.down_proj,routed,TESSERA_BF16_K1_R1024,r1024,1,1,0.0002790937141980976,3.2185121222420485e-07,4235983,4235983,3c866e303bc13d308075a4132752f8f77b8b1ec7d40b72061a9325310b2ea9f1,expert_wires+checkpoint,1,1,1
model.language_model.layers.45.mlp.experts.112.down_proj,routed,TESSERA_E4M3_K1_R1024,r1024,1,0,0.0003356188826728612,2.5687386814736584e-06,4219595,4219595,81b08c995409b8eaf0bc599d9807927633198ce82ac0c6eee5f7df0523715057,expert_wires+checkpoint,1,1,1
model.language_model.layers.45.mlp.experts.112.gate_proj,routed,TESSERA_BF16_K1_R1024,r1024,1,1,0.000963732716627419,1.1715427222666366e-07,4231951,4231951,d32529800305563e769e73aadadb03bc53cb001692d40ba10908f5fabea98f81,expert_wires+checkpoint,1,1,1
model.language_model.layers.45.mlp.experts.112.gate_proj,routed,TESSERA_E4M3_K1_R1024,r1024,1,0,0.0013444056967273355,3.53102928271303e-07,4215563,4215563,ad155a91343ae1e795d6ff973208e7f153f5d09a5353bf7c00ab12dbe106c05b,expert_wires+checkpoint,1,1,1
model.language_model.layers.45.mlp.experts.112.up_proj,routed,TESSERA_BF16_K1_R1024,r1024,1,1,0.0010443778010085225,2.769178648468783e-07,4231951,4231951,77c8fed02116b035ff48ffe97a071785d3013b88bb1b387ebc269042eea28087,expert_wires+checkpoint,1,1,1
model.language_model.layers.45.mlp.experts.112.up_proj,routed,TESSERA_E4M3_K1_R1024,r1024,1,0,0.001452833879739046,4.024034737192328e-07,4215563,4215563,216bafc80ba244a09b48065e7bc83aac89ad052e8464ae9c15f763b3e7033adc,expert_wires+checkpoint,1,1,1
model.language_model.layers.45.mlp.experts.113.down_proj,routed,TESSERA_BF16_K1_R1024,r1024,1,1,0.00033708527917042375,2.3601829447818345e-06,4235983,4235983,4b694fddf3527efafa53460010e426f731bce216013eb2c2ce02ed4e9db14ff5,expert_wires+checkpoint,1,1,1
model.language_model.layers.45.mlp.experts.113.down_proj,routed,TESSERA_E4M3_K1_R1024,r1024,1,0,0.0004009995609521866,8.435642440946188e-07,4219595,4219595,2392478fcfbd4ef584d5d8704bc6823710d8c9a0dfac17779a7ecb6dbf83174c,expert_wires+checkpoint,1,1,1
model.language_model.layers.45.mlp.experts.113.gate_proj,routed,TESSERA_BF16_K1_R1024,r1024,1,1,0.0010875791776925325,9.736914565885147e-07,4231951,4231951,286dce7cd33fd36397ed06f1c401d3e3c8d2f2fe576ef056288b3a40b581c618,expert_wires+checkpoint,1,1,1
model.language_model.layers.45.mlp.experts.113.gate_proj,routed,TESSERA_E4M3_K1_R1024,r1024,1,0,0.0014489528257399797,1.2082864430697227e-06,4215563,4215563,86729938bb860c1c4e994a282922b0cccf686864f51e81ba59db1b9afdeb8f81,expert_wires+checkpoint,1,1,1
model.language_model.layers.45.mlp.experts.113.up_proj,routed,TESSERA_BF16_K1_R1024,r1024,1,1,0.0011899336241185665,1.3475949922308716e-06,4231951,4231951,da20650c1f3ce2396035c4401218fc7fac3410d95831fd96e73076efcc8a7e17,expert_wires+checkpoint,1,1,1
model.language_model.layers.45.mlp.experts.113.up_proj,routed,TESSERA_E4M3_K1_R1024,r1024,1,0,0.0015869182534515858,2.882065165849293e-07,4215563,4215563,02681f3f89906e67ef83f39f2bfa0f73634ea7f81895c67cdd1a7afecc11979d,expert_wires+checkpoint,1,1,1
model.language_model.layers.45.mlp.experts.114.down_proj,routed,TESSERA_BF16_K1_R1024,r1024,1,1,0.00015868448826950043,1.4389166777276302e-06,4235983,4235983,bd5528bfbfbe150970f59ad90ee0374a243aee10b025ab63091c82b4868065b5,expert_wires+checkpoint,1,1,1
model.language_model.layers.45.mlp.experts.114.down_proj,routed,TESSERA_E4M3_K1_R1024,r1024,1,0,0.00020095621584914625,3.13926759748622e-06,4219595,4219595,f15efa84daa5720b6137f5badc6728a0634bc233050d70f55d61bec93c7dee73,expert_wires+checkpoint,1,1,1
model.language_model.layers.45.mlp.experts.114.gate_proj,routed,TESSERA_BF16_K1_R1024,r1024,1,1,0.0007464690716005862,7.959905732497614e-07,4231951,4231951,9d3803c8cb8b21288cd03edf576ebaa06d3a30e9a386ad5821cc9c708aa84057,expert_wires+checkpoint,1,1,1
model.language_model.layers.45.mlp.experts.114.gate_proj,routed,TESSERA_E4M3_K1_R1024,r1024,1,0,0.0010861426126211882,1.814267644340024e-06,4215563,4215563,ad07efaf24bdf01aaa231f8aa7fc288c35e61217d0bc0385d6a0660023f082d7,expert_wires+checkpoint,1,1,1
model.language_model.layers.45.mlp.experts.114.up_proj,routed,TESSERA_BF16_K1_R1024,r1024,1,1,0.0007468711119145155,4.1818791045301106e-07,4231951,4231951,07ce8df7e936ad0ec18f0e4333c74e182ad133731cf7abba47b7c5a123bce7d0,expert_wires+checkpoint,1,1,1
model.language_model.layers.45.mlp.experts.114.up_proj,routed,TESSERA_E4M3_K1_R1024,r1024,1,0,0.0010825737845152617,9.473115766045687e-07,4215563,4215563,3aba5a322d73d1a547b519bd93b816a9f40766651eab3c2034245ee366e11cf8,expert_wires+checkpoint,1,1,1
model.language_model.layers.45.mlp.experts.115.down_proj,routed,TESSERA_BF16_K1_R1024,r1024,1,1,0.00028521372587420046,6.046101837421975e-08,4235983,4235983,27a75cb84a60680bde6d795bd55fa4b4b45356269c8f2f821a86e91a76f9079c,expert_wires+checkpoint,1,1,1
model.language_model.layers.45.mlp.experts.115.down_proj,routed,TESSERA_E4M3_K1_R1024,r1024,1,0,0.0003603784425649792,2.2808151657277086e-07,4219595,4219595,e9b60d2ade2ea5d44b410a7f45e6cb84ce1c9cedceb421fc28141124aa7fb697,expert_wires+checkpoint,1,1,1
model.language_model.layers.45.mlp.experts.115.gate_proj,routed,TESSERA_BF16_K1_R1024,r1024,1,1,0.0006780743133276701,2.2788790568380507e-07,4231951,4231951,13ffa089442b79a5be01c3e14bfae07b30940d933ee7312346796b7669667187,expert_wires+checkpoint,1,1,1
model.language_model.layers.45.mlp.experts.115.gate_proj,routed,TESSERA_E4M3_K1_R1024,r1024,1,0,0.0010263209696859121,1.1305617964095652e-07,4215563,4215563,f68dfd1980d64065fcfb5b4e31aed525a58945012ad7f7cf022003d45a1dc34f,expert_wires+checkpoint,1,1,1
model.language_model.layers.45.mlp.experts.115.up_proj,routed,TESSERA_BF16_K1_R1024,r1024,1,1,0.0007416872540488839,2.8056939112695853e-07,4231951,4231951,513918ee2bc92b094feb036057602543ffd6c279fcd36b9c81b3356c7960aac3,expert_wires+checkpoint,1,1,1
model.language_model.layers.45.mlp.experts.115.up_proj,routed,TESSERA_E4M3_K1_R1024,r1024,1,0,0.001118288142606616,4.1803288049986676e-07,4215563,4215563,004a6b4f8fdb23e87d63538685555af5233bbe5aa5e79a5758593a54f32a2bd2,expert_wires+checkpoint,1,1,1
model.language_model.layers.45.mlp.experts.116.down_proj,routed,TESSERA_BF16_K1_R1024,r1024,1,1,0.00028543718508444726,2.2493276384827418e-07,4235983,4235983,de21ec16fd99007a8da39ce854e2c86e3fb23b78df2966d1f78c6618930f9280,expert_wires+checkpoint,1,1,1
model.language_model.layers.45.mlp.experts.116.down_proj,routed,TESSERA_E4M3_K1_R1024,r1024,1,0,0.0003762736450880766,5.453383987510626e-07,4219595,4219595,581d7c43d3cf6f2143502f628923ecc91194cac2f58ca214f9e526223f2af503,expert_wires+checkpoint,1,1,1
model.language_model.layers.45.mlp.experts.116.gate_proj,routed,TESSERA_BF16_K1_R1024,r1024,1,1,0.0004589859745465219,1.082918997656562e-07,4231951,4231951,1eb4b88b227df78972dc88c68c9d19887d0a8b54547c4fc9503c17f2135760a2,expert_wires+checkpoint,1,1,1
model.language_model.layers.45.mlp.experts.116.gate_proj,routed,TESSERA_E4M3_K1_R1024,r1024,1,0,0.0007170429453253746,2.1633199172861901e-07,4215563,4215563,c85db851a526a6bfdcdacebaf5a5b2d6aa6f024a45d72b8fc544449acc402f6a,expert_wires+checkpoint,1,1,1
model.language_model.layers.45.mlp.experts.116.up_proj,routed,TESSERA_BF16_K1_R1024,r1024,1,1,0.0005636304849758744,9.454116203832795e-08,4231951,4231951,634c672d5f20a99bd79b2cec3d84d6d4b0b43641e29f7d53cbf12cb368e4b2be,expert_wires+checkpoint,1,1,1
model.language_model.layers.45.mlp.experts.116.up_proj,routed,TESSERA_E4M3_K1_R1024,r1024,1,0,0.0008718068129383028,1.8791329791999466e-07,4215563,4215563,d7b246d0cfff6980ad740ab1fefd4763e1815b88a829c84cd6b9b78c08541b4c,expert_wires+checkpoint,1,1,1
model.language_model.layers.45.mlp.experts.117.down_proj,routed,TESSERA_BF16_K1_R1024,r1024,1,1,0.0002406973799224943,8.416590845527197e-07,4235983,4235983,3e9dc0e03b7e4409ddd8d18d68f7c12e3f8b0049e11e81b371f7bdc4f368b294,expert_wires+checkpoint,1,1,1
model.language_model.layers.45.mlp.experts.117.down_proj,routed,TESSERA_E4M3_K1_R1024,r1024,1,0,0.00029367220122367144,4.162649892479519e-07,4219595,4219595,59a3e02835eba830d53d011deb5d71888d6201cbf67e32bfd0c13ea33ed323a0,expert_wires+checkpoint,1,1,1
model.language_model.layers.45.mlp.experts.117.gate_proj,routed,TESSERA_BF16_K1_R1024,r1024,1,1,0.0009112004772759974,4.710888701881638e-07,4231951,4231951,4947fc06a6d8e9e9a49c5b3c55a90ec1485d148facef3582bc57dac37d517d29,expert_wires+checkpoint,1,1,1
model.language_model.layers.45.mlp.experts.117.gate_proj,routed,TESSERA_E4M3_K1_R1024,r1024,1,0,0.0013039730256423354,1.988246662925802e-07,4215563,4215563,41e310bce3fd0241df7ff55e40ffb1dfedbbb7742f99b3a981001b17f7f26413,expert_wires+checkpoint,1,1,1
model.language_model.layers.45.mlp.experts.117.up_proj,routed,TESSERA_BF16_K1_R1024,r1024,1,1,0.0010278485715389252,4.925254174421395e-08,4231951,4231951,81ca4502db7fee96ef82850258db6fc9b8cc026d27955383cd5568cc8fc07d28,expert_wires+checkpoint,1,1,1
model.language_model.layers.45.mlp.experts.117.up_proj,routed,TESSERA_E4M3_K1_R1024,r1024,1,0,0.0014444765402004123,1.2191860071323937e-06,4215563,4215563,d3185a8ce1b76dfe57040b3746f1298f505ca4909e2f59cfd50b2740e11e9b3f,expert_wires+checkpoint,1,1,1
model.language_model.layers.45.mlp.experts.118.down_proj,routed,TESSERA_BF16_K1_R1024,r1024,1,1,0.00010068548726849258,1.3240567905181835e-07,4235983,4235983,7c4ff1be59ed65fc3e14b23c8ea7cb9ae3577780843e4ace9bb4f81840a08345,expert_wires+checkpoint,1,1,1
model.language_model.layers.45.mlp.experts.118.down_proj,routed,TESSERA_E4M3_K1_R1024,r1024,1,0,0.00012563850032165647,3.268165272229061e-08,4219595,4219595,7bf02641bbe9f732ba2d6e5766ed1f5c62f49b583388f47310b42e0a64d042f2,expert_wires+checkpoint,1,1,1
model.language_model.layers.45.mlp.experts.118.gate_proj,routed,TESSERA_BF16_K1_R1024,r1024,1,1,0.0008105991873890162,5.980536419483171e-08,4231951,4231951,8498579f311d18da05e2c87529de46b0e88699442198dc8602732a2396b918ea,expert_wires+checkpoint,1,1,1
model.language_model.layers.45.mlp.experts.118.gate_proj,routed,TESSERA_E4M3_K1_R1024,r1024,1,0,0.0011077108792960644,1.1665269272060245e-07,4215563,4215563,9cf9392adfcd6e7b2c9a48f9aef8a772c51a28e2bae7b63cab01db1926056863,expert_wires+checkpoint,1,1,1
model.language_model.layers.45.mlp.experts.118.up_proj,routed,TESSERA_BF16_K1_R1024,r1024,1,1,0.000945715350098908,1.4652363269239857e-07,4231951,4231951,e829af0d7dfa68525b63b99bfa847bebb028b8cff36225ee1228bb64bcccac15,expert_wires+checkpoint,1,1,1
model.language_model.layers.45.mlp.experts.118.up_proj,routed,TESSERA_E4M3_K1_R1024,r1024,1,0,0.0012912815436720848,3.3415636906830927e-07,4215563,4215563,a79122e5a82dbbc0050432682f37cef5d97d7519d0de2641d1f9241fa3878c0e,expert_wires+checkpoint,1,1,1
model.language_model.layers.45.mlp.experts.119.down_proj,routed,TESSERA_BF16_K1_R1024,r1024,1,1,0.0004820884205400944,6.043090212827218e-07,4235983,4235983,1df5ac606e1ec32175c8693995e000fd58b708e5227d01f750e6561819874b0c,expert_wires+checkpoint,1,1,1
model.language_model.layers.45.mlp.experts.119.down_proj,routed,TESSERA_E4M3_K1_R1024,r1024,1,0,0.0006159430486150086,1.7617027493013063e-06,4219595,4219595,785268ec7be26b75befe96273e7f7382ddd16db03e396e83d3ba01494f13470d,expert_wires+checkpoint,1,1,1
model.language_model.layers.45.mlp.experts.119.gate_proj,routed,TESSERA_BF16_K1_R1024,r1024,1,1,0.0009127299417741597,2.99666185987019e-07,4231951,4231951,9af5b7155e3af025dda3df9a6ea1d39e1bcb9b388ed8ef42a58744a43fa52165,expert_wires+checkpoint,1,1,1
model.language_model.layers.45.mlp.experts.119.gate_proj,routed,TESSERA_E4M3_K1_R1024,r1024,1,0,0.0012878875713795424,1.5857770287559345e-07,4215563,4215563,7d74b4d4b4ab82827db44a93f00ddd8058330359d988af2c8118c06e63444f1e,expert_wires+checkpoint,1,1,1
model.language_model.layers.45.mlp.experts.119.up_proj,routed,TESSERA_BF16_K1_R1024,r1024,1,1,0.001199700403958559,1.035334068351243e-07,4231951,4231951,d5d3bd957d76b147277cb208514b2ec083612f960360e7dca2bce02ec0f7d016,expert_wires+checkpoint,1,1,1
model.language_model.layers.45.mlp.experts.119.up_proj,routed,TESSERA_E4M3_K1_R1024,r1024,1,0,0.0016907183453440666,3.167527213619138e-07,4215563,4215563,42f59583471ca3d51ae788d9089437e9b8a884318e3cc7418aa3a5039220075b,expert_wires+checkpoint,1,1,1
model.language_model.layers.45.mlp.experts.12.down_proj,routed,TESSERA_BF16_K1_R1024,r1024,1,1,0.00013612123439088464,1.559724331543757e-07,4235983,4235983,e2a1d1acdac3203925019c02e81589807a7aa36544d81a42892c7180d1db1007,expert_wires+checkpoint,1,1,1
model.language_model.layers.45.mlp.experts.12.down_proj,routed,TESSERA_E4M3_K1_R1024,r1024,1,0,0.00017018539074342698,1.6751324437810738e-06,4219595,4219595,e5bcaac18ff582007cbd5b01a7ee53b4fb4c64d80f70188933129104672fd657,expert_wires+checkpoint,1,1,1
model.language_model.layers.45.mlp.experts.12.gate_proj,routed,TESSERA_BF16_K1_R1024,r1024,1,1,0.0008507003076374531,4.0346541912480994e-07,4231951,4231951,002c31268a75d402e39258175d9bef0e17093ccd5f04e157d587553e55152f97,expert_wires+checkpoint,1,1,1
model.language_model.layers.45.mlp.experts.12.gate_proj,routed,TESSERA_E4M3_K1_R1024,r1024,1,0,0.0011750441044569016,4.3218385041628624e-07,4215563,4215563,ecfd6b3f22a9ac220b36243be83406497a4a5f5ad4052364a272d0c9359c1c76,expert_wires+checkpoint,1,1,1
model.language_model.layers.45.mlp.experts.12.up_proj,routed,TESSERA_BF16_K1_R1024,r1024,1,1,0.0009009009227156639,4.833608679450613e-07,4231951,4231951,86d43b66d9a3a9574380901332ca4f12c9e693c9c4611c290117f38261f847e5,expert_wires+checkpoint,1,1,1
model.language_model.layers.45.mlp.experts.12.up_proj,routed,TESSERA_E4M3_K1_R1024,r1024,1,0,0.0012370708864182234,5.986494696398419e-08,4215563,4215563,9a52e7e5c4a2756ba88039ed807e60b15eb435ddbd25547a97c6820a86400e63,expert_wires+checkpoint,1,1,1
model.language_model.layers.45.mlp.experts.120.down_proj,routed,TESSERA_BF16_K1_R1024,r1024,1,1,0.00012355636863503605,6.395910534867596e-07,4235983,4235983,9f35fdcf584fb6c8c26c126778825ffe925c5dd0f68b9cdec26a4c98c25699ab,expert_wires+checkpoint,1,1,1
model.language_model.layers.45.mlp.experts.120.down_proj,routed,TESSERA_E4M3_K1_R1024,r1024,1,0,0.00015080306911841035,5.779052613710529e-07,4219595,4219595,52f765f9439491fe99e64b7f322321f383d6dfa0f9caa7bf41800125bca009b6,expert_wires+checkpoint,1,1,1
model.language_model.layers.45.mlp.experts.120.gate_proj,routed,TESSERA_BF16_K1_R1024,r1024,1,1,0.0008678688900545239,3.5889615185168123e-07,4231951,4231951,6a791bd2f9baf6da1537f20e1b598d55ffff8b54c4d8843d00615ade45dc6c22,expert_wires+checkpoint,1,1,1
model.language_model.layers.45.mlp.experts.120.gate_proj,routed,TESSERA_E4M3_K1_R1024,r1024,1,0,0.001183049287647009,1.945120748066136e-07,4215563,4215563,db6dc06d0174079126b908b2aec69fbe6672b61297d403b1ac958bcfe1005edf,expert_wires+checkpoint,1,1,1
model.language_model.layers.45.mlp.experts.120.up_proj,routed,TESSERA_BF16_K1_R1024,r1024,1,1,0.0009658432682044804,3.5369840387077605e-07,4231951,4231951,12ff3112862f9a8190826874e45f36fad48f84cef47eca205ee205c5e887399d,expert_wires+checkpoint,1,1,1
model.language_model.layers.45.mlp.experts.120.up_proj,routed,TESSERA_E4M3_K1_R1024,r1024,1,0,0.0013041337952017784,5.424326394968839e-07,4215563,4215563,bc32585ce41b97f204138c11bc988af51e3f7751fe6b48938a5ed6f82f5fd358,expert_wires+checkpoint,1,1,1
model.language_model.layers.45.mlp.experts.121.down_proj,routed,TESSERA_BF16_K1_R1024,r1024,1,1,0.0006950771785341203,6.286879614505875e-07,4235983,4235983,7e40805322c54cf8c06739a37f2b905d11ea62dfe4a3bfd3a2b17fae93d9779e,expert_wires+checkpoint,1,1,1
model.language_model.layers.45.mlp.experts.121.down_proj,routed,TESSERA_E4M3_K1_R1024,r1024,1,0,0.0008609274518676102,3.0785665978327925e-06,4219595,4219595,2de22f808c4357c90ba3950364397f648144f16306aeb968785d85db3e307fb2,expert_wires+checkpoint,1,1,1
model.language_model.layers.45.mlp.experts.121.gate_proj,routed,TESSERA_BF16_K1_R1024,r1024,1,1,0.0009140874026343226,5.336986063454868e-07,4231951,4231951,10c40088693f5b076592c2f57f812b102d8a1089204bc43208d4acdd2bafaf4e,expert_wires+checkpoint,1,1,1
model.language_model.layers.45.mlp.experts.121.gate_proj,routed,TESSERA_E4M3_K1_R1024,r1024,1,0,0.0012522951001301408,1.1580371279924571e-06,4215563,4215563,4849981e60018df05f0f1aaeebda1972283279ca8bbb03995247fc5d4c087584,expert_wires+checkpoint,1,1,1
model.language_model.layers.45.mlp.experts.121.up_proj,routed,TESSERA_BF16_K1_R1024,r1024,1,1,0.0010063290828838944,1.7255750617057725e-07,4231951,4231951,84e4002dd1540f60915e7f60cad14816a73450c7aa9a1cbe73587c73f06ed471,expert_wires+checkpoint,1,1,1
model.language_model.layers.45.mlp.experts.121.up_proj,routed,TESSERA_E4M3_K1_R1024,r1024,1,0,0.0013760494766756892,1.3421248781765078e-07,4215563,4215563,9ffeb7df639e9aba4d0b264fc3834487b945fe6f56fed49aa5399957f3bec577,expert_wires+checkpoint,1,1,1
model.language_model.layers.45.mlp.experts.122.down_proj,routed,TESSERA_BF16_K1_R1024,r1024,1,1,0.0008413353352807462,6.770248746260224e-07,4235983,4235983,a81a1b795c26d7cadb684e95e734636ed3ae77d377e01593699b84b599401d9b,expert_wires+checkpoint,1,1,1
model.language_model.layers.45.mlp.experts.122.down_proj,routed,TESSERA_E4M3_K1_R1024,r1024,1,0,0.0011379251955077052,2.587521658068786e-06,4219595,4219595,7d2677404fdc166473c407946665e3121b07717413fd5119f23928230e54c804,expert_wires+checkpoint,1,1,1
model.language_model.layers.45.mlp.experts.122.gate_proj,routed,TESSERA_BF16_K1_R1024,r1024,1,1,0.0007086428813636303,2.4646755785694454e-07,4231951,4231951,c37744069ba045256cfaec22fac0276f203ee1994d56e64e0475f7342b141ea6,expert_wires+checkpoint,1,1,1
model.language_model.layers.45.mlp.experts.122.gate_proj,routed,TESSERA_E4M3_K1_R1024,r1024,1,0,0.0010223907884210348,4.6001419875133303e-07,4215563,4215563,0a36a6c8dcfdcf0780526e29479158f3b4e84fe9db936154d099f0b5bc26effd,expert_wires+checkpoint,1,1,1
model.language_model.layers.45.mlp.experts.122.up_proj,routed,TESSERA_BF16_K1_R1024,r1024,1,1,0.0007823409978300333,3.1151616480865535e-07,4231951,4231951,74a4fefa4018bbdb43e3653584af5dde61af6f32d6b861384040488ba3f21934,expert_wires+checkpoint,1,1,1
model.language_model.layers.45.mlp.experts.122.up_proj,routed,TESSERA_E4M3_K1_R1024,r1024,1,0,0.0011216213461011648,1.0301855326300641e-06,4215563,4215563,4fa0860ebcf535983fe7f4f625b825b64741b0a57096ef915ec70df32237af52,expert_wires+checkpoint,1,1,1
model.language_model.layers.45.mlp.experts.123.down_proj,routed,TESSERA_BF16_K1_R1024,r1024,1,1,0.000172606814885512,7.943712286299908e-07,4235983,4235983,38719c9ef516cdf6bdc3b154ddfc9a0c3f63b30bb6bfd9e6622e8d04b21ac768,expert_wires+checkpoint,1,1,1
model.language_model.layers.45.mlp.experts.123.down_proj,routed,TESSERA_E4M3_K1_R1024,r1024,1,0,0.00020196553668938577,1.2037664493692708e-06,4219595,4219595,48864bf85101c90836b62163c962daf40afd6fbdec0b7a3b5c5952892fb6df1c,expert_wires+checkpoint,1,1,1
model.language_model.layers.45.mlp.experts.123.gate_proj,routed,TESSERA_BF16_K1_R1024,r1024,1,1,0.0009753297781571746,1.1071646348403643e-07,4231951,4231951,c16c8df614dea190a3d92bc12225f52694902e08c7b0acc2303ee4880d8eb649,expert_wires+checkpoint,1,1,1
model.language_model.layers.45.mlp.experts.123.gate_proj,routed,TESSERA_E4M3_K1_R1024,r1024,1,0,0.0013606149004772305,4.352828183179079e-07,4215563,4215563,d795d92e8fbd0545d3e3ec029b55e9772e562659521a47455577531335ce50c0,expert_wires+checkpoint,1,1,1
model.language_model.layers.45.mlp.experts.123.up_proj,routed,TESSERA_BF16_K1_R1024,r1024,1,1,0.001072979299351573,5.319655266795117e-07,4231951,4231951,3cd6c12d3ec859c0380dde3bf945489422ecb2436058cd1cbd3ed3a39644b159,expert_wires+checkpoint,1,1,1
model.language_model.layers.45.mlp.experts.123.up_proj,routed,TESSERA_E4M3_K1_R1024,r1024,1,0,0.0014743644278496504,7.420598240821771e-07,4215563,4215563,dd4d58f0f2a49f7f2d2653de611c0f63b6e8e4ddaddd3cbb173748114ee008fd,expert_wires+checkpoint,1,1,1
model.language_model.layers.45.mlp.experts.124.down_proj,routed,TESSERA_BF16_K1_R1024,r1024,1,1,0.0001842739584390074,1.9292833138852327e-07,4235983,4235983,e71810a7e6aa76c5fcce20141d4edd780231d57372ba3e6e1eee81ea5aba7369,expert_wires+checkpoint,1,1,1
model.language_model.layers.45.mlp.experts.124.down_proj,routed,TESSERA_E4M3_K1_R1024,r1024,1,0,0.000230129633564502,2.2100045886917968e-07,4219595,4219595,717195c13b776c92c10c0f47bd37a8d3beccb051b74809ba5f6d94a552a59fbb,expert_wires+checkpoint,1,1,1
model.language_model.layers.45.mlp.experts.124.gate_proj,routed,TESSERA_BF16_K1_R1024,r1024,1,1,0.0007593544432893395,4.7246903130344175e-07,4231951,4231951,5d73292e1b3e843d707abb638cac10ce3701161313b1bf4f208e5cdd5176e682,expert_wires+checkpoint,1,1,1
model.language_model.layers.45.mlp.experts.124.gate_proj,routed,TESSERA_E4M3_K1_R1024,r1024,1,0,0.0010676179081201553,7.056160773924862e-07,4215563,4215563,15c7e499c5f89d32a37124941cc251b0f6b012fb9989de3d7b8551ea5f9be5d6,expert_wires+checkpoint,1,1,1
model.language_model.layers.45.mlp.experts.124.up_proj,routed,TESSERA_BF16_K1_R1024,r1024,1,1,0.0008531560888513923,3.5783552756725003e-07,4231951,4231951,b741600712d568e63c6643128fb2321b2e4c1a4f300091d738838994dc4792fb,expert_wires+checkpoint,1,1,1
model.language_model.layers.45.mlp.experts.124.up_proj,routed,TESSERA_E4M3_K1_R1024,r1024,1,0,0.0011947017628699541,6.762311124113777e-07,4215563,4215563,d8810a80844e3742b5a6c8c62bd086c82cb923d7e1714115f681f0cbf8009cb7,expert_wires+checkpoint,1,1,1
model.language_model.layers.45.mlp.experts.125.down_proj,routed,TESSERA_BF16_K1_R1024,r1024,1,1,0.00021678555640392005,4.734468892216032e-06,4235983,4235983,f74e0fa0c684b075e47f9b810a839835d0623831c5b186b5a3bbc97712caa66b,expert_wires+checkpoint,1,1,1
model.language_model.layers.45.mlp.experts.125.down_proj,routed,TESSERA_E4M3_K1_R1024,r1024,1,0,0.00028144093812443316,1.879270568913374e-05,4219595,4219595,b348aafb381354219bc21bd4c6785f66da82bf3a1c8a60a5913af937afe7f881,expert_wires+checkpoint,1,1,1
model.language_model.layers.45.mlp.experts.125.gate_proj,routed,TESSERA_BF16_K1_R1024,r1024,1,1,0.0008843620307743549,1.3077364896085499e-06,4231951,4231951,6453cfc8f0987a5d6ba910933b7baed15d4c5932107b91d06b4f861c52d8a888,expert_wires+checkpoint,1,1,1
model.language_model.layers.45.mlp.experts.125.gate_proj,routed,TESSERA_E4M3_K1_R1024,r1024,1,0,0.0012253286549821496,1.4477505418838213e-06,4215563,4215563,e667c4f4e6c5fc853b4f2a8bff6bd96bf216baf8b426838afe6d168d87b1bf77,expert_wires+checkpoint,1,1,1
model.language_model.layers.45.mlp.experts.125.up_proj,routed,TESSERA_BF16_K1_R1024,r1024,1,1,0.0009916686685755849,9.528127511646164e-07,4231951,4231951,b7d4cda8c47cda0bbab8bd0276d7a4e4604465ac057edf1b704fc867d5f99806,expert_wires+checkpoint,1,1,1
model.language_model.layers.45.mlp.experts.125.up_proj,routed,TESSERA_E4M3_K1_R1024,r1024,1,0,0.0013485696399584413,5.200418294968111e-06,4215563,4215563,883b49d70b4db5c519e41a653d66c0f184063ef99895248012f7db524cfd2b56,expert_wires+checkpoint,1,1,1
model.language_model.layers.45.mlp.experts.126.down_proj,routed,TESSERA_BF16_K1_R1024,r1024,1,1,0.00013531435979530215,1.0799563246945876e-06,4235983,4235983,9f7efb98c2797bcd4ee14dcc44071a8eabae1cf02e4167264d38d45dd0061d8e,expert_wires+checkpoint,1,1,1
model.language_model.layers.45.mlp.experts.126.down_proj,routed,TESSERA_E4M3_K1_R1024,r1024,1,0,0.000171267194673419,1.5610925169598166e-06,4219595,4219595,d996176ff85ec98e6a097332a29dd2509900bc7ef6a0e9457b7ef0a3b447be3c,expert_wires+checkpoint,1,1,1
model.language_model.layers.45.mlp.experts.126.gate_proj,routed,TESSERA_BF16_K1_R1024,r1024,1,1,0.0006688876310363412,9.239689280061604e-07,4231951,4231951,d9183bf864318d018f113fd524f65e028a413be9fc78126debdab0dc496fda59,expert_wires+checkpoint,1,1,1
model.language_model.layers.45.mlp.experts.126.gate_proj,routed,TESSERA_E4M3_K1_R1024,r1024,1,0,0.0009969717357307673,2.337211636723039e-07,4215563,4215563,e66c48e88285f392e2664def9cbceb30d723aeaaddafed710c33bd532be4cb59,expert_wires+checkpoint,1,1,1
model.language_model.layers.45.mlp.experts.126.up_proj,routed,TESSERA_BF16_K1_R1024,r1024,1,1,0.0006950087263248861,4.476976627924732e-07,4231951,4231951,daa696f143d8277d1fb25787ef8ebe438f105ca56e129628bca53fce512b3ab5,expert_wires+checkpoint,1,1,1
model.language_model.layers.45.mlp.experts.126.up_proj,routed,TESSERA_E4M3_K1_R1024,r1024,1,0,0.0010232924250885844,1.6537275387873663e-07,4215563,4215563,4c528a5f4d6beea1faaeb892c36b927e2d7ea32fe982f498f263deac5de29958,expert_wires+checkpoint,1,1,1
model.language_model.layers.45.mlp.experts.127.down_proj,routed,TESSERA_BF16_K1_R1024,r1024,1,1,0.00024183953064493835,1.3461186506607825e-06,4235983,4235983,d44ec5afbbf0d99d31b694fa8ec574efa193748a5a9d966866df234fe1f16b1d,expert_wires+checkpoint,1,1,1
model.language_model.layers.45.mlp.experts.127.down_proj,routed,TESSERA_E4M3_K1_R1024,r1024,1,0,0.0003528854576870799,2.2763582274738524e-06,4219595,4219595,471ff9d8e048a2fdc2549e5363ce9a2c3dfad94dfa803cc5d3dafce5e4df2ed8,expert_wires+checkpoint,1,1,1
model.language_model.layers.45.mlp.experts.127.gate_proj,routed,TESSERA_BF16_K1_R1024,r1024,1,1,0.0004225908196531236,1.6394146000712341e-07,4231951,4231951,68632fae52518a5771ff4a8404f6de1d67eeaddb007896d1353ceb44c94b0d98,expert_wires+checkpoint,1,1,1
model.language_model.layers.45.mlp.experts.127.gate_proj,routed,TESSERA_E4M3_K1_R1024,r1024,1,0,0.0006981323240324855,3.295476103361984e-06,4215563,4215563,a4c3ed516577078a7cb837b71a0395278315b114ad7ea6553de4eb3357d69890,expert_wires+checkpoint,1,1,1
model.language_model.layers.45.mlp.experts.127.up_proj,routed,TESSERA_BF16_K1_R1024,r1024,1,1,0.0004950312431901693,6.944026272867867e-07,4231951,4231951,b1d95dd81a6012e860afefbe47b7d540b00180a08f52121d465979eb2238cdda,expert_wires+checkpoint,1,1,1
model.language_model.layers.45.mlp.experts.127.up_proj,routed,TESSERA_E4M3_K1_R1024,r1024,1,0,0.0008079988183453679,2.085960353145605e-06,4215563,4215563,7fcd9e9c3c64253996cbf4c84630d3005e52eb216bbf57679f542228ed06f9c6,expert_wires+checkpoint,1,1,1
model.language_model.layers.45.mlp.experts.128.down_proj,routed,TESSERA_BF16_K1_R1024,r1024,1,1,0.00021897099213674664,1.601727004356078e-07,4235983,4235983,0bd38c0b264f7e55a08d63950ff8ce01b0bd8eb0e77657982962d91a3be9f12b,expert_wires+checkpoint,1,1,1
model.language_model.layers.45.mlp.experts.128.down_proj,routed,TESSERA_E4M3_K1_R1024,r1024,1,0,0.0002885655267164111,7.05216252407659e-08,4219595,4219595,621d004d5d6a36de1b0eb092c793fd7fdbfb95b07b5c731bcbcd0445726546aa,expert_wires+checkpoint,1,1,1
model.language_model.layers.45.mlp.experts.128.gate_proj,routed,TESSERA_BF16_K1_R1024,r1024,1,1,0.0005594514077529311,4.120861791539671e-08,4231951,4231951,18978afd122caca7c6bddf9ae6b138a74fdfdb4bde03063fae54acb8e9d59608,expert_wires+checkpoint,1,1,1
model.language_model.layers.45.mlp.experts.128.gate_proj,routed,TESSERA_E4M3_K1_R1024,r1024,1,0,0.000839797081425786,4.7014091012790885e-08,4215563,4215563,de6c9fd34e987ae6325593cd6f5ef5c2d4d7fcc0d002164cc603d081ac1005cb,expert_wires+checkpoint,1,1,1
model.language_model.layers.45.mlp.experts.128.up_proj,routed,TESSERA_BF16_K1_R1024,r1024,1,1,0.000661140657030046,3.6131655948590015e-08,4231951,4231951,59d8498faa68d743a66ab45359707f355547221a04b4e6227897bbf8538cf8ac,expert_wires+checkpoint,1,1,1
model.language_model.layers.45.mlp.experts.128.up_proj,routed,TESSERA_E4M3_K1_R1024,r1024,1,0,0.000981201883405447,6.626663693712737e-08,4215563,4215563,e91b51de1c74d9059ff15637e02844dcc8d5e9572d690a096c96b3d8002747be,expert_wires+checkpoint,1,1,1
model.language_model.layers.45.mlp.experts.129.down_proj,routed,TESSERA_BF16_K1_R1024,r1024,1,1,0.0003806516178883612,9.522690518591997e-07,4235983,4235983,677676aeb56e3daef9343da27d3c139dbc11935902e1d7052780d74a5db8daa0,expert_wires+checkpoint,1,1,1
model.language_model.layers.45.mlp.experts.129.down_proj,routed,TESSERA_E4M3_K1_R1024,r1024,1,0,0.0004756452690344304,1.2284255344354838e-06,4219595,4219595,cf19e026df7f379a1b21ab09a52a5fc992aaf59db0fd1916bcb18a6c76a72edd,expert_wires+checkpoint,1,1,1
model.language_model.layers.45.mlp.experts.129.gate_proj,routed,TESSERA_BF16_K1_R1024,r1024,1,1,0.0007893417496234179,1.0982821741018033e-06,4231951,4231951,d88178968358bccd348ae57286a410ca3db9accca78f077ae6211bda59421346,expert_wires+checkpoint,1,1,1
model.language_model.layers.45.mlp.experts.129.gate_proj,routed,TESSERA_E4M3_K1_R1024,r1024,1,0,0.001138041028752923,5.86075308202672e-07,4215563,4215563,cea02af32722aa576fab60634326e97dac9be84cf027a0ab0785885447b1c33d,expert_wires+checkpoint,1,1,1
model.language_model.layers.45.mlp.experts.129.up_proj,routed,TESSERA_BF16_K1_R1024,r1024,1,1,0.0008940905681811273,1.4207484586071897e-06,4231951,4231951,8c4bd35af7b48bd97a13ab14cc79759cce2bfee365932ae572d8ba7506dba94c,expert_wires+checkpoint,1,1,1
model.language_model.layers.45.mlp.experts.129.up_proj,routed,TESSERA_E4M3_K1_R1024,r1024,1,0,0.0012829478364437819,6.48106107936103e-07,4215563,4215563,7253521441534c294999efb9314db446cf8845ca2a7efad106732dad8b33d9dc,expert_wires+checkpoint,1,1,1
model.language_model.layers.45.mlp.experts.13.down_proj,routed,TESSERA_BF16_K1_R1024,r1024,1,1,0.0001424547517672181,1.0083022824250693e-07,4235983,4235983,1287a5e315cb114e1e7089b36328ac6a51e2b0e2af05edb8c8445118cef92a38,expert_wires+checkpoint,1,1,1
model.language_model.layers.45.mlp.experts.13.down_proj,routed,TESSERA_E4M3_K1_R1024,r1024,1,0,0.00019635265925899148,2.209081350735216e-07,4219595,4219595,19b3ae6bd8b5a5199affefae467f004e91422056bd114a487a73d37b686c08ff,expert_wires+checkpoint,1,1,1
model.language_model.layers.45.mlp.experts.13.gate_proj,routed,TESSERA_BF16_K1_R1024,r1024,1,1,0.0003922465839423239,8.489577868236006e-08,4231951,4231951,2f5dd89e88b2baa096bd94048f1de629601bb35399c2e6e7201ba1b50ec6bfd6,expert_wires+checkpoint,1,1,1
model.language_model.layers.45.mlp.experts.13.gate_proj,routed,TESSERA_E4M3_K1_R1024,r1024,1,0,0.0006836170214228332,3.067962516904335e-08,4215563,4215563,94059b61290dc7227f949d2ce65ba03cb43b3d5b032d82d0eeabb63891780760,expert_wires+checkpoint,1,1,1
model.language_model.layers.45.mlp.experts.13.up_proj,routed,TESSERA_BF16_K1_R1024,r1024,1,1,0.0004063511732965708,3.8121270084096794e-08,4231951,4231951,825f43eaedadacbb88715f1d887fbc215a7ce08edec6cc56872aed19b9994ddd,expert_wires+checkpoint,1,1,1
model.language_model.layers.45.mlp.experts.13.up_proj,routed,TESSERA_E4M3_K1_R1024,r1024,1,0,0.0006972418632358313,7.153293164100514e-08,4215563,4215563,88b8165f32fe33712f76fe7521fb0c220916304d9cf72158f9158ee9dc17bc01,expert_wires+checkpoint,1,1,1
model.language_model.layers.45.mlp.experts.130.down_proj,routed,TESSERA_BF16_K1_R1024,r1024,1,1,0.0002534342056605965,2.1183627256596857e-07,4235983,4235983,6d353180063f5a1fa034dd9c77028bbee09afe4373911d3c4538ba9e8c2f4aa0,expert_wires+checkpoint,1,1,1
model.language_model.layers.45.mlp.experts.130.down_proj,routed,TESSERA_E4M3_K1_R1024,r1024,1,0,0.0002964818268083036,2.900850086746126e-06,4219595,4219595,221f24e23107d9bf6f61ff91c071213086fab7f5e4a67ececd1e71378f459c79,expert_wires+checkpoint,1,1,1
model.language_model.layers.45.mlp.experts.130.gate_proj,routed,TESSERA_BF16_K1_R1024,r1024,1,1,0.0010278441477566957,4.3770186371647705e-07,4231951,4231951,8663d80d6d368fb7dd8dbf14c9c54224c60cdb2577fa3c2422d92a1c7adb5e01,expert_wires+checkpoint,1,1,1
model.language_model.layers.45.mlp.experts.130.gate_proj,routed,TESSERA_E4M3_K1_R1024,r1024,1,0,0.0014076991938054562,4.943672908445097e-07,4215563,4215563,098d79abb5f7845146d5a092fe17bbb09bd0731ce96ea8a309d795128e72631a,expert_wires+checkpoint,1,1,1
model.language_model.layers.45.mlp.experts.130.up_proj,routed,TESSERA_BF16_K1_R1024,r1024,1,1,0.0011314064031466842,8.070745822463995e-07,4231951,4231951,689d0c33a5fe3283c2f1f3cddbef4c241d0c39a89362abcc5c894b64a6e72afa,expert_wires+checkpoint,1,1,1
model.language_model.layers.45.mlp.experts.130.up_proj,routed,TESSERA_E4M3_K1_R1024,r1024,1,0,0.001540456898510456,7.286227327026604e-07,4215563,4215563,f063e374c04324f0b133693ee1bb69cfa44fc23eb8224efdb752013ff781a5fd,expert_wires+checkpoint,1,1,1
model.language_model.layers.45.mlp.experts.131.down_proj,routed,TESSERA_BF16_K1_R1024,r1024,1,1,0.00016309494094457477,1.1035074559901834e-06,4235983,4235983,956fb30a0279a7cb8ef67f57c0366f579262c19be6f7ce40bc423473aea6ca14,expert_wires+checkpoint,1,1,1
model.language_model.layers.45.mlp.experts.131.down_proj,routed,TESSERA_E4M3_K1_R1024,r1024,1,0,0.00019800772133748978,1.1022820066327836e-06,4219595,4219595,adaa0ac648e9c9d269e1f605c34c4b40d6e0a6d1897bcd8d5f8e4de411299f14,expert_wires+checkpoint,1,1,1
model.language_model.layers.45.mlp.experts.131.gate_proj,routed,TESSERA_BF16_K1_R1024,r1024,1,1,0.0007881285855546594,1.2292463800408993e-07,4231951,4231951,cfe4085afaba5b46359f267b65fffbb039fc58b5075bcc77bd7ce9924b0ab0f4,expert_wires+checkpoint,1,1,1
model.language_model.layers.45.mlp.experts.131.gate_proj,routed,TESSERA_E4M3_K1_R1024,r1024,1,0,0.0011256624711677432,4.7553578545875335e-07,4215563,4215563,1486945dd0a6b1898006686db3bfd1ad327120d4fbfb8c91b33955b787f06fbc,expert_wires+checkpoint,1,1,1
model.language_model.layers.45.mlp.experts.131.up_proj,routed,TESSERA_BF16_K1_R1024,r1024,1,1,0.0009095916757360101,3.452758088904826e-07,4231951,4231951,46ab8624700273cd445818aa13190fa991087f965d4ac08b661003db9fab5cd8,expert_wires+checkpoint,1,1,1
model.language_model.layers.45.mlp.experts.131.up_proj,routed,TESSERA_E4M3_K1_R1024,r1024,1,0,0.0012998990714550018,5.020521129280088e-07,4215563,4215563,135af94e915fee69d10c916f411801f7634ced610d5882d676c1a13bf802d731,expert_wires+checkpoint,1,1,1
model.language_model.layers.45.mlp.experts.132.down_proj,routed,TESSERA_BF16_K1_R1024,r1024,1,1,0.00031440588645637035,1.590958442011616e-07,4235983,4235983,a75924228411f9511bc3ae0dbb037349752eb069b460e0a757874551ac940955,expert_wires+checkpoint,1,1,1
model.language_model.layers.45.mlp.experts.132.down_proj,routed,TESSERA_E4M3_K1_R1024,r1024,1,0,0.00039501552237197757,1.1667427938984018e-06,4219595,4219595,9309c560b5250a9bad6994997a59aac91e048de158d7876b859740ba840e72d8,expert_wires+checkpoint,1,1,1
model.language_model.layers.45.mlp.experts.132.gate_proj,routed,TESSERA_BF16_K1_R1024,r1024,1,1,0.0006322282133623958,4.387557499998972e-07,4231951,4231951,04e08ad1267b131f0077ea0c36a67451fe3b364c5f824c4bf0d9c103e7fef5f8,expert_wires+checkpoint,1,1,1
model.language_model.layers.45.mlp.experts.132.gate_proj,routed,TESSERA_E4M3_K1_R1024,r1024,1,0,0.0009257113561034203,4.1176216005127514e-08,4215563,4215563,3aee1ca32aa57a3ba2bbde0880795c72b0e409a090be658ed3cd6f1981058531,expert_wires+checkpoint,1,1,1
model.language_model.layers.45.mlp.experts.132.up_proj,routed,TESSERA_BF16_K1_R1024,r1024,1,1,0.000855948543176055,1.3293567536073604e-07,4231951,4231951,b6a1f31c4133cfbed5d68a411a8e86278769bbe39331be5b1031ce05523027d2,expert_wires+checkpoint,1,1,1
model.language_model.layers.45.mlp.experts.132.up_proj,routed,TESSERA_E4M3_K1_R1024,r1024,1,0,0.0012459175195544958,1.240839390776595e-07,4215563,4215563,39aa2c3bda7be9cb198a96cc5f6728821e5d955d088340a69fd27bbc141498a5,expert_wires+checkpoint,1,1,1
model.language_model.layers.45.mlp.experts.133.down_proj,routed,TESSERA_BF16_K1_R1024,r1024,1,1,0.0002444941783323884,3.587729381427193e-07,4235983,4235983,1f3442dde0f938ddaaa1ab514235533024e902f9c6ff239a4256b99dc6ffd657,expert_wires+checkpoint,1,1,1
model.language_model.layers.45.mlp.experts.133.down_proj,routed,TESSERA_E4M3_K1_R1024,r1024,1,0,0.00033670812263153493,2.3830677932577857e-07,4219595,4219595,14bbaae9058e7ff04187a5f2f392ab590c2ac4ac1066d4e4923c841d94c7ef4a,expert_wires+checkpoint,1,1,1
model.language_model.layers.45.mlp.experts.133.gate_proj,routed,TESSERA_BF16_K1_R1024,r1024,1,1,0.00042565487092360854,1.5582189630586103e-08,4231951,4231951,7ef2edd5f5b09ecadcdffcdc85f3f6d37e7ff9752bc4ddfb2421b29e407e3178,expert_wires+checkpoint,1,1,1
model.language_model.layers.45.mlp.experts.133.gate_proj,routed,TESSERA_E4M3_K1_R1024,r1024,1,0,0.0007180466200225055,1.5732350760865485e-07,4215563,4215563,965c8abf70180b9bbbcca7801915851ca917940a009b362b0517659728e609d3,expert_wires+checkpoint,1,1,1
model.language_model.layers.45.mlp.experts.133.up_proj,routed,TESSERA_BF16_K1_R1024,r1024,1,1,0.000512012979015708,9.331850329259391e-08,4231951,4231951,9802dcba281e00be6cb6a9a355cfade1804a78c4244d677ad0cf3a3a179d43fb,expert_wires+checkpoint,1,1,1
model.language_model.layers.45.mlp.experts.133.up_proj,routed,TESSERA_E4M3_K1_R1024,r1024,1,0,0.0008389976574108005,5.730289327828633e-08,4215563,4215563,e631e9c91d491bad65d9ceab2b54d2a0b6ad7bb0adc53be03f8ce8d66b3434f7,expert_wires+checkpoint,1,1,1
model.language_model.layers.45.mlp.experts.134.down_proj,routed,TESSERA_BF16_K1_R1024,r1024,1,1,8.743601210881025e-05,4.5135822044341517e-07,4235983,4235983,797cdf712083a76451f5da78d501011873fd6351617536a8eee3d7af758e0557,expert_wires+checkpoint,1,1,1
model.language_model.layers.45.mlp.experts.134.down_proj,routed,TESSERA_E4M3_K1_R1024,r1024,1,0,0.00011101994459750131,1.4065619257311877e-07,4219595,4219595,5ef2c578ded7834eca13d56013afbae95dadf2de88a144f2b4bdad29c6f6a811,expert_wires+checkpoint,1,1,1
model.language_model.layers.45.mlp.experts.134.gate_proj,routed,TESSERA_BF16_K1_R1024,r1024,1,1,0.0006811452331021428,4.02435761611216e-08,4231951,4231951,074e3efd1b91a4ba6c5fb8fb710f8cb50de4f92e12790da4b14f510b9cca3a8d,expert_wires+checkpoint,1,1,1
model.language_model.layers.45.mlp.experts.134.gate_proj,routed,TESSERA_E4M3_K1_R1024,r1024,1,0,0.0009953015251085162,1.642296800389113e-07,4215563,4215563,a3d3567370e64d34256729d7cd27530fab04b00623ab23850f724822bcf11c3e,expert_wires+checkpoint,1,1,1
model.language_model.layers.45.mlp.experts.134.up_proj,routed,TESSERA_BF16_K1_R1024,r1024,1,1,0.000736299785785377,4.4742038586382695e-08,4231951,4231951,465b7e5e3b11125f9c992ff6fe720bb7cae3c226908326f23025e10aacf7820a,expert_wires+checkpoint,1,1,1
model.language_model.layers.45.mlp.experts.134.up_proj,routed,TESSERA_E4M3_K1_R1024,r1024,1,0,0.0010686127934604883,1.5179000298753847e-07,4215563,4215563,a9019ef3b040e248ac0e0811884594c87fa29f8bde02446d50f6c1f05d3eedcc,expert_wires+checkpoint,1,1,1
model.language_model.layers.45.mlp.experts.135.down_proj,routed,TESSERA_BF16_K1_R1024,r1024,1,1,0.000256915926001966,2.8603866434931194e-06,4235983,4235983,04192484de79b7d237517c1c3ccc593420467a24b1e88140fdefe7db643c69d6,expert_wires+checkpoint,1,1,1
model.language_model.layers.45.mlp.experts.135.down_proj,routed,TESSERA_E4M3_K1_R1024,r1024,1,0,0.000305184512399137,3.122395109428455e-06,4219595,4219595,ec259c658ee80b6804ac379f5428ba8cb4835f40ceffabbffcf8f5eed44bc719,expert_wires+checkpoint,1,1,1
model.language_model.layers.45.mlp.experts.135.gate_proj,routed,TESSERA_BF16_K1_R1024,r1024,1,1,0.0009610076085664332,3.547258250972038e-06,4231951,4231951,b630741f866a92f15a88ce934285a318cd0c53ec415623ec866a4dcff7b08709,expert_wires+checkpoint,1,1,1
model.language_model.layers.45.mlp.experts.135.gate_proj,routed,TESSERA_E4M3_K1_R1024,r1024,1,0,0.0012951932149007916,1.1512411927786063e-06,4215563,4215563,c3bec5e39b1a753e8dd224f2f593e2aad9e2ef75418c718bdf5d104d703a129d,expert_wires+checkpoint,1,1,1
model.language_model.layers.45.mlp.experts.135.up_proj,routed,TESSERA_BF16_K1_R1024,r1024,1,1,0.001085510477423668,1.8271855131952863e-06,4231951,4231951,23c2414cc98f5c47878a9bbd9c89fa129f644e3eb20594c62d56907aa249b795,expert_wires+checkpoint,1,1,1
model.language_model.layers.45.mlp.experts.135.up_proj,routed,TESSERA_E4M3_K1_R1024,r1024,1,0,0.0014496567891910672,2.6286547033824784e-07,4215563,4215563,7e0ac48f78963af15d8c22cc9ec34558e40feaa6e318402b248c209fdc5f80dd,expert_wires+checkpoint,1,1,1
model.language_model.layers.45.mlp.experts.136.down_proj,routed,TESSERA_BF16_K1_R1024,r1024,1,1,0.00045560451690107584,4.5060657759707607e-07,4235983,4235983,3211e47f60cc5afa068a5f6998c8db21575c135d32a090d28923e5b112225926,expert_wires+checkpoint,1,1,1
model.language_model.layers.45.mlp.experts.136.down_proj,routed,TESSERA_E4M3_K1_R1024,r1024,1,0,0.0006222841329872608,1.4629805957293884e-06,4219595,4219595,25152d00ad22a511233df877ea01bb6018a64b5c3b393e5fb17d23e58f2e11dc,expert_wires+checkpoint,1,1,1
model.language_model.layers.45.mlp.experts.136.gate_proj,routed,TESSERA_BF16_K1_R1024,r1024,1,1,0.0007562529062852263,8.303573270254728e-07,4231951,4231951,41f69686ef17de4d7e812218786a7625cfa746e9b37464c91affd6aa75bd6e65,expert_wires+checkpoint,1,1,1
model.language_model.layers.45.mlp.experts.136.gate_proj,routed,TESSERA_E4M3_K1_R1024,r1024,1,0,0.001177344936877489,7.027359191924447e-07,4215563,4215563,4008591e4ebf00ffe63962aa13c3d96747718171084faf11b31c982c5da1eb0e,expert_wires+checkpoint,1,1,1
model.language_model.layers.45.mlp.experts.136.up_proj,routed,TESSERA_BF16_K1_R1024,r1024,1,1,0.0007069145794957876,1.3729807342310062e-07,4231951,4231951,f4330166a54c7265931df722b64740076e6b494bebbbb471b8f18edb55e6abbd,expert_wires+checkpoint,1,1,1
model.language_model.layers.45.mlp.experts.136.up_proj,routed,TESSERA_E4M3_K1_R1024,r1024,1,0,0.0010833486448973417,6.861650976121311e-07,4215563,4215563,d5988171b18c380c538fdc98d02fae4b7c3fbc45782e52a653df59872546433d,expert_wires+checkpoint,1,1,1
model.language_model.layers.45.mlp.experts.137.down_proj,routed,TESSERA_BF16_K1_R1024,r1024,1,1,0.0003270547022111714,7.366187347307716e-07,4235983,4235983,09762be59f156972974d793f1bb4d92a52dd342cc2a765adec512e22b040e497,expert_wires+checkpoint,1,1,1
model.language_model.layers.45.mlp.experts.137.down_proj,routed,TESSERA_E4M3_K1_R1024,r1024,1,0,0.00041383574716746807,1.0801787522438951e-06,4219595,4219595,62942b8410cf4db4433936d12f254c700a31bd617134a45ac53e74cd8973083f,expert_wires+checkpoint,1,1,1
model.language_model.layers.45.mlp.experts.137.gate_proj,routed,TESSERA_BF16_K1_R1024,r1024,1,1,0.0007477612234652042,2.2276058124488385e-07,4231951,4231951,985f194e13486656b710165dcdcf140b1c8cce3d83a4b43016b6b84f8a226dff,expert_wires+checkpoint,1,1,1
model.language_model.layers.45.mlp.experts.137.gate_proj,routed,TESSERA_E4M3_K1_R1024,r1024,1,0,0.0010574173647910357,8.186758634332958e-07,4215563,4215563,69e20b335445395fe49c7e0546520b215a3b801f97d6535e4fbfd1f5f1b64bfa,expert_wires+checkpoint,1,1,1
model.language_model.layers.45.mlp.experts.137.up_proj,routed,TESSERA_BF16_K1_R1024,r1024,1,1,0.0008475357899442315,1.1351330357774397e-06,4231951,4231951,b93a53f33f6d17c92628133069ed4a31421d0dd4329f3f144be2dc6a50be60c2,expert_wires+checkpoint,1,1,1
model.language_model.layers.45.mlp.experts.137.up_proj,routed,TESSERA_E4M3_K1_R1024,r1024,1,0,0.0011937699746340513,1.8841924943245332e-07,4215563,4215563,651823429219f13d4f220e52cc22295c274765a5382e889f09d0b99475247ad9,expert_wires+checkpoint,1,1,1
model.language_model.layers.45.mlp.experts.138.down_proj,routed,TESSERA_BF16_K1_R1024,r1024,1,1,0.00024385974393226206,6.837345130560431e-07,4235983,4235983,3cb636d9c47b2b49a2f417dd9f12a4b80c43a3b080403db5bd93350f1c6f9125,expert_wires+checkpoint,1,1,1
model.language_model.layers.45.mlp.experts.138.down_proj,routed,TESSERA_E4M3_K1_R1024,r1024,1,0,0.00031764383311383426,5.713874010370165e-06,4219595,4219595,214d6a7dda75a0db30432f657620d2644fd12c32e42eb92af47c3523c9f892df,expert_wires+checkpoint,1,1,1
model.language_model.layers.45.mlp.experts.138.gate_proj,routed,TESSERA_BF16_K1_R1024,r1024,1,1,0.0005668172379955649,6.596801246315568e-07,4231951,4231951,68f09174e58348dba8ba8a5bcbcb1640a02fdb4ac8186e88a4bcdd550bb6ae46,expert_wires+checkpoint,1,1,1
model.language_model.layers.45.mlp.experts.138.gate_proj,routed,TESSERA_E4M3_K1_R1024,r1024,1,0,0.0008302310016006231,1.6254653289671614e-06,4215563,4215563,311b0ec4b4fd6583b22204849fe8c6eef5b09c37269c4953a4566a4dd34dd5c1,expert_wires+checkpoint,1,1,1
model.language_model.layers.45.mlp.experts.138.up_proj,routed,TESSERA_BF16_K1_R1024,r1024,1,1,0.0006375573575496674,5.50411908808877e-07,4231951,4231951,e244c68fb67d537b7539824f8ca24179b3dfc27899e2d22cbd31de691f880e5d,expert_wires+checkpoint,1,1,1
model.language_model.layers.45.mlp.experts.138.up_proj,routed,TESSERA_E4M3_K1_R1024,r1024,1,0,0.0009291368769481778,3.359278673023282e-07,4215563,4215563,d04ac2fdbc48b9e9e7b6c9a88a94926ba00958fa0f64876bf819e0950c108134,expert_wires+checkpoint,1,1,1
model.language_model.layers.45.mlp.experts.139.down_proj,routed,TESSERA_BF16_K1_R1024,r1024,1,1,0.00012444388994481415,4.995807759462335e-07,4235983,4235983,72b597ac6bc83c88cea0f71b4768a2365c7104e6c01a96aadb02d900c4fb74a9,expert_wires+checkpoint,1,1,1
model.language_model.layers.45.mlp.experts.139.down_proj,routed,TESSERA_E4M3_K1_R1024,r1024,1,0,0.0001548772561363876,3.8012381678994077e-07,4219595,4219595,af4c0b1e3fc0805e4b43179006659c795bd2bb548c0eb768d3f5e5fc64a1b8de,expert_wires+checkpoint,1,1,1
model.language_model.layers.45.mlp.experts.139.gate_proj,routed,TESSERA_BF16_K1_R1024,r1024,1,1,0.00091807811986655,8.54355874858045e-08,4231951,4231951,e423f56995c7e392813bbb96e8339427e5068a48acd3754cbf204576d4e40c50,expert_wires+checkpoint,1,1,1
model.language_model.layers.45.mlp.experts.139.gate_proj,routed,TESSERA_E4M3_K1_R1024,r1024,1,0,0.001295765396207571,6.148801753928095e-08,4215563,4215563,b5d00a6099f80854409efbe2171d7f5d753a813d293a53050c29d53d5a6b08b3,expert_wires+checkpoint,1,1,1
model.language_model.layers.45.mlp.experts.139.up_proj,routed,TESSERA_BF16_K1_R1024,r1024,1,1,0.0009691229788586497,5.535531779683793e-07,4231951,4231951,98357ead5960feac0e55a04bcd9e397e4afba2eeaf7fb89d835ddd97c2202708,expert_wires+checkpoint,1,1,1
model.language_model.layers.45.mlp.experts.139.up_proj,routed,TESSERA_E4M3_K1_R1024,r1024,1,0,0.0013589848531410098,5.343383316999079e-07,4215563,4215563,cd522516a12fbce630eec25a8d81887bd24fd8db86a78561e11489ac16c7c9e2,expert_wires+checkpoint,1,1,1
model.language_model.layers.45.mlp.experts.14.down_proj,routed,TESSERA_BF16_K1_R1024,r1024,1,1,0.00044688954949378967,8.830426930753478e-07,4235983,4235983,d07916189ece52531d64172c207d53dc19c63d6c1a4a78475ca3e74d60e7e91e,expert_wires+checkpoint,1,1,1
model.language_model.layers.45.mlp.experts.14.down_proj,routed,TESSERA_E4M3_K1_R1024,r1024,1,0,0.0005888304440304637,2.0173478742245306e-06,4219595,4219595,02f2598e474fd9955110a4cb2cfaff1a693a62632847b4040599b2d420c0b5fb,expert_wires+checkpoint,1,1,1
model.language_model.layers.45.mlp.experts.14.gate_proj,routed,TESSERA_BF16_K1_R1024,r1024,1,1,0.000726790982298553,1.41981452891655e-07,4231951,4231951,c34cdac044cd956cc47c7245bdf50e300836b80ca3867c25025928c49e8c1733,expert_wires+checkpoint,1,1,1
model.language_model.layers.45.mlp.experts.14.gate_proj,routed,TESSERA_E4M3_K1_R1024,r1024,1,0,0.0010626931907609105,1.961674771757138e-07,4215563,4215563,bc431e20ad8823913d554f7bda1fad8c068c407eca485972ad224d97e876a644,expert_wires+checkpoint,1,1,1
model.language_model.layers.45.mlp.experts.14.up_proj,routed,TESSERA_BF16_K1_R1024,r1024,1,1,0.0007764499168843031,3.389073811567916e-08,4231951,4231951,13c5a9be96bdc1f871a25717cb8a9ed25ea29412ca1dbe92362ec3c6b11dc66c,expert_wires+checkpoint,1,1,1
model.language_model.layers.45.mlp.experts.14.up_proj,routed,TESSERA_E4M3_K1_R1024,r1024,1,0,0.0011267709778621793,9.116499819432876e-07,4215563,4215563,f1c992acb5b8492ae8c117a81eae4c1062f1b85a9c186c04516495397b15fad5,expert_wires+checkpoint,1,1,1
model.language_model.layers.45.mlp.experts.140.down_proj,routed,TESSERA_BF16_K1_R1024,r1024,1,1,0.0003149546100758016,1.936431681942908e-06,4235983,4235983,655301bd57f6028b853e6a479202f37a8e9aff7da1646b37ee62da3a72af8150,expert_wires+checkpoint,1,1,1
model.language_model.layers.45.mlp.experts.140.down_proj,routed,TESSERA_E4M3_K1_R1024,r1024,1,0,0.00041253148810938,1.096180590835223e-06,4219595,4219595,acfe4aeb0da8873546bca7ec35ed1ae90959c969e283fae3459ba1ed96f8ac72,expert_wires+checkpoint,1,1,1
model.language_model.layers.45.mlp.experts.140.gate_proj,routed,TESSERA_BF16_K1_R1024,r1024,1,1,0.0004859904001932591,9.719328082444237e-08,4231951,4231951,eb50f78500b3a331d65d1f26912b33c22a0c92321d7d7270da9b302b8276c69f,expert_wires+checkpoint,1,1,1
model.language_model.layers.45.mlp.experts.140.gate_proj,routed,TESSERA_E4M3_K1_R1024,r1024,1,0,0.0007262530270963907,5.194010688899245e-07,4215563,4215563,2eccf8d3a425cfe35293e2c26e27fafdbdb44c713351e6abb6781e3f8428c63e,expert_wires+checkpoint,1,1,1
model.language_model.layers.45.mlp.experts.140.up_proj,routed,TESSERA_BF16_K1_R1024,r1024,1,1,0.0005479467799887061,3.712563863724134e-07,4231951,4231951,6f1ca242953a782b5a6a35421624d6dc8c4c68c68beed42eac96fc92ec6c4542,expert_wires+checkpoint,1,1,1
model.language_model.layers.45.mlp.experts.140.up_proj,routed,TESSERA_E4M3_K1_R1024,r1024,1,0,0.0008068704046308994,2.102702458989127e-07,4215563,4215563,12db35034429813973b3c92fa371877ed0f1cb9245a2375b745f0d116b904fca,expert_wires+checkpoint,1,1,1
model.language_model.layers.45.mlp.experts.141.down_proj,routed,TESSERA_BF16_K1_R1024,r1024,1,1,0.0002772338630165905,3.697526763562466e-06,4235983,4235983,a0fcec1daa2c9109422f7e4a4f73c13912efe593cba4b2c3d14ba01a8ffdd585,expert_wires+checkpoint,1,1,1
model.language_model.layers.45.mlp.experts.141.down_proj,routed,TESSERA_E4M3_K1_R1024,r1024,1,0,0.0003277584328316152,7.450646092204067e-07,4219595,4219595,71265b01e0be69c4b145fa5418cc24cf3c2576447c369ca71e3375cd143239cf,expert_wires+checkpoint,1,1,1
model.language_model.layers.45.mlp.experts.141.gate_proj,routed,TESSERA_BF16_K1_R1024,r1024,1,1,0.0008634356781840324,6.102114861512818e-07,4231951,4231951,b46cbfc8c51ecfd18822121da57a7b00bc9b16763661b01017a8e32445933708,expert_wires+checkpoint,1,1,1
model.language_model.layers.45.mlp.experts.141.gate_proj,routed,TESSERA_E4M3_K1_R1024,r1024,1,0,0.0012134034186601639,5.037796628236058e-07,4215563,4215563,a4e2d135f69fe9630ffea7dd0762a08fc2684845cacb8dc50f309ccf4eefcc82,expert_wires+checkpoint,1,1,1
model.language_model.layers.45.mlp.experts.141.up_proj,routed,TESSERA_BF16_K1_R1024,r1024,1,1,0.0009525086497887969,1.8430389307136667e-07,4231951,4231951,e338cf163a919b0df55c19b70c5c82d2027d850201f00beb15660932d2429c5f,expert_wires+checkpoint,1,1,1
model.language_model.layers.45.mlp.experts.141.up_proj,routed,TESSERA_E4M3_K1_R1024,r1024,1,0,0.0013365484774112701,9.533197347682807e-08,4215563,4215563,cadac71b209c86a406c7602309d89db198f11e6579c6df9c320977f1b4c88b3a,expert_wires+checkpoint,1,1,1
model.language_model.layers.45.mlp.experts.142.down_proj,routed,TESSERA_BF16_K1_R1024,r1024,1,1,0.00010101954103447497,4.678653160332462e-07,4235983,4235983,876d5d889b33ed431fec1573698139d7dea64fdeeb8689eb6be8a1d60cc47df9,expert_wires+checkpoint,1,1,1
model.language_model.layers.45.mlp.experts.142.down_proj,routed,TESSERA_E4M3_K1_R1024,r1024,1,0,0.0001233976217918098,2.065022821411906e-07,4219595,4219595,84faf6171a85407f957926c9522bf08a56eee3c4c6d35410f3d4c7407b991112,expert_wires+checkpoint,1,1,1
model.language_model.layers.45.mlp.experts.142.gate_proj,routed,TESSERA_BF16_K1_R1024,r1024,1,1,0.0007738556596450508,1.0749213983419086e-08,4231951,4231951,c9cdf17a16eacf09f48ec173620b90afca4aefb27f9bac4e7608a38f92a9b89d,expert_wires+checkpoint,1,1,1
model.language_model.layers.45.mlp.experts.142.gate_proj,routed,TESSERA_E4M3_K1_R1024,r1024,1,0,0.0010589895537123084,1.0397981369125606e-07,4215563,4215563,fa7a874393d195aab3cd561f676a21075cd1c7d80e7fd4be305f7f2fb307f693,expert_wires+checkpoint,1,1,1
model.language_model.layers.45.mlp.experts.142.up_proj,routed,TESSERA_BF16_K1_R1024,r1024,1,1,0.0008868047734722495,1.252217290445743e-07,4231951,4231951,fed43acde2b5dc9184bc0b8dfc1bb7243dfa978a3d104a2e0bda2b7462f453e7,expert_wires+checkpoint,1,1,1
model.language_model.layers.45.mlp.experts.142.up_proj,routed,TESSERA_E4M3_K1_R1024,r1024,1,0,0.0012062427122145891,7.336273494806765e-07,4215563,4215563,4fc0ae284fc623a6602263a4381a4f72e9d3551ed612497452a3e58f8590eba8,expert_wires+checkpoint,1,1,1
model.language_model.layers.45.mlp.experts.143.down_proj,routed,TESSERA_BF16_K1_R1024,r1024,1,1,0.00028536468744277954,8.201905889409337e-07,4235983,4235983,0d7e604599900355d2382fdc026b1e0c2ffaa7b5d2143086280e71728531574f,expert_wires+checkpoint,1,1,1
model.language_model.layers.45.mlp.experts.143.down_proj,routed,TESSERA_E4M3_K1_R1024,r1024,1,0,0.00034463818883523345,1.3755345786173363e-06,4219595,4219595,eb71b07a96dbb8f314c4071c1f6935f6b3e6b8f1dc8490de6d8500f5d1ff58ca,expert_wires+checkpoint,1,1,1
model.language_model.layers.45.mlp.experts.143.gate_proj,routed,TESSERA_BF16_K1_R1024,r1024,1,1,0.0008894031634554267,4.7543455040412525e-07,4231951,4231951,1dbce384b5a2f09f830f4b6933dcbda9d08732ae214b72400d55bf94304a7009,expert_wires+checkpoint,1,1,1
model.language_model.layers.45.mlp.experts.143.gate_proj,routed,TESSERA_E4M3_K1_R1024,r1024,1,0,0.001217196462675929,1.7814646446894243e-07,4215563,4215563,015ad25c1b680189d8c9425f669c14dbc60855f33fcdd56088907eb151f7810b,expert_wires+checkpoint,1,1,1
model.language_model.layers.45.mlp.experts.143.up_proj,routed,TESSERA_BF16_K1_R1024,r1024,1,1,0.0010161346290260553,1.1863856369479872e-07,4231951,4231951,2a941f004f50708c98b6fc641d08ae69ad289605d8634d1599dcac113cdd9092,expert_wires+checkpoint,1,1,1
model.language_model.layers.45.mlp.experts.143.up_proj,routed,TESSERA_E4M3_K1_R1024,r1024,1,0,0.0013913221191614866,9.698092290927884e-07,4215563,4215563,e11134e8228d9281b5e418e549f3b3baa1ab04fef79ebba67ad06b06775e2017,expert_wires+checkpoint,1,1,1
model.language_model.layers.45.mlp.experts.144.down_proj,routed,TESSERA_BF16_K1_R1024,r1024,1,1,0.0002481568371877074,1.3121663596143343e-07,4235983,4235983,97dac5d3c8402612d9a30e3110b68311ec825fc9f8312ea3078c82e81b464ea8,expert_wires+checkpoint,1,1,1
model.language_model.layers.45.mlp.experts.144.down_proj,routed,TESSERA_E4M3_K1_R1024,r1024,1,0,0.00031500414479523897,2.9580738290913214e-07,4219595,4219595,9c74f4a5912c7d5ff1eb0a4e27e0767c52d769674b08bf433461dd3c2ba4214c,expert_wires+checkpoint,1,1,1
model.language_model.layers.45.mlp.experts.144.gate_proj,routed,TESSERA_BF16_K1_R1024,r1024,1,1,0.0007180907996371388,3.2363868173114125e-07,4231951,4231951,c57667a23f5dd278316d4261cd664c8e882693eaa7f428d0ccd3cb015bc89c5f,expert_wires+checkpoint,1,1,1
model.language_model.layers.45.mlp.experts.144.gate_proj,routed,TESSERA_E4M3_K1_R1024,r1024,1,0,0.001034366199746728,2.949283272608246e-07,4215563,4215563,96a4251af757617a50cf7cc81ffcfadb027f0a3051276ddc3b9596516f2b4293,expert_wires+checkpoint,1,1,1
model.language_model.layers.45.mlp.experts.144.up_proj,routed,TESSERA_BF16_K1_R1024,r1024,1,1,0.0008110688650049269,2.2890275158469156e-07,4231951,4231951,e2189e155db0ce5c4f68ca9730d8df764fb6c13a14bae22f2144d154a879fc78,expert_wires+checkpoint,1,1,1
model.language_model.layers.45.mlp.experts.144.up_proj,routed,TESSERA_E4M3_K1_R1024,r1024,1,0,0.0011611680965870619,1.0156055696449676e-06,4215563,4215563,53fe94cd3d597b0533b4b1d54a22ae5dc040488f6ba2b7b754302f1db06c2d76,expert_wires+checkpoint,1,1,1
model.language_model.layers.45.mlp.experts.145.down_proj,routed,TESSERA_BF16_K1_R1024,r1024,1,1,0.00019619162776507437,1.5875251885117866e-06,4235983,4235983,ffee49d5b8db0e7b90eccfeb3468169f98406c0cce91cebd0d9c73e79b0c50cc,expert_wires+checkpoint,1,1,1
model.language_model.layers.45.mlp.experts.145.down_proj,routed,TESSERA_E4M3_K1_R1024,r1024,1,0,0.00024943234166130424,5.391738683572974e-07,4219595,4219595,c6248c3f765d665d2b24f5e4406aba1ada1a11c2fb367098bec3b4b02ac8bfca,expert_wires+checkpoint,1,1,1
model.language_model.layers.45.mlp.experts.145.gate_proj,routed,TESSERA_BF16_K1_R1024,r1024,1,1,0.0006514053093269467,7.962879875779217e-07,4231951,4231951,bcbed3cc4c50d34e2fea1b4ea5c1e6d6b127489fd9d7dc9c26dcbf1b584c2914,expert_wires+checkpoint,1,1,1
model.language_model.layers.45.mlp.experts.145.gate_proj,routed,TESSERA_E4M3_K1_R1024,r1024,1,0,0.0009565051877871156,4.0714370762680537e-07,4215563,4215563,d103bcdd4b63f14c427a682e1249143c32318b0a15e4860d36ff10453468bc4f,expert_wires+checkpoint,1,1,1
model.language_model.layers.45.mlp.experts.145.up_proj,routed,TESSERA_BF16_K1_R1024,r1024,1,1,0.0007211340125650167,1.589341164842471e-07,4231951,4231951,ce7e030b09a6939f021bba30db1c4b9ffd1397c2e6ea014c8beaa7825abb1a0f,expert_wires+checkpoint,1,1,1
model.language_model.layers.45.mlp.experts.145.up_proj,routed,TESSERA_E4M3_K1_R1024,r1024,1,0,0.001055738888680935,1.5900968459721636e-06,4215563,4215563,5b4dc88315f9e1fc3b2a98667cbe5c0144f00f9fd719eac602ae8c7a42ddae80,expert_wires+checkpoint,1,1,1
model.language_model.layers.45.mlp.experts.146.down_proj,routed,TESSERA_BF16_K1_R1024,r1024,1,1,0.0002119670098181814,1.7150900063762633e-06,4235983,4235983,63ea7bd27e380fb3c50926ec1e44b2c44475b1a219a1013f525839f1af192fee,expert_wires+checkpoint,1,1,1
model.language_model.layers.45.mlp.experts.146.down_proj,routed,TESSERA_E4M3_K1_R1024,r1024,1,0,0.0002627074427437037,5.712170039150716e-07,4219595,4219595,220b1649691939fb459f7917efab87e6c15b4a2e15d0e4c5d725e18507ae3309,expert_wires+checkpoint,1,1,1
model.language_model.layers.45.mlp.experts.146.gate_proj,routed,TESSERA_BF16_K1_R1024,r1024,1,1,0.0007319914293475449,2.7092586546130255e-07,4231951,4231951,142a592a9f58a89f759a9c3e765ea416b9a0ab86bccf69380d7832e433026f84,expert_wires+checkpoint,1,1,1
model.language_model.layers.45.mlp.experts.146.gate_proj,routed,TESSERA_E4M3_K1_R1024,r1024,1,0,0.0010334381368011236,4.0430955176100813e-07,4215563,4215563,2b4d664f1c0b75d7b4a2463b9c88e9b1da44fb8d0239457af4d09c834fe428ab,expert_wires+checkpoint,1,1,1
model.language_model.layers.45.mlp.experts.146.up_proj,routed,TESSERA_BF16_K1_R1024,r1024,1,1,0.0008749619009904563,3.323596935654934e-07,4231951,4231951,1c4903db6b7aea25576fd8da3a87b3b4364a26a111883e77627ffb3e2c37af34,expert_wires+checkpoint,1,1,1
model.language_model.layers.45.mlp.experts.146.up_proj,routed,TESSERA_E4M3_K1_R1024,r1024,1,0,0.0012297987705096602,2.3927554579354635e-06,4215563,4215563,0198b8d6e28d50a2c74591a5b5c6078c953d044ef3308034d4f0351200c038e8,expert_wires+checkpoint,1,1,1
model.language_model.layers.45.mlp.experts.147.down_proj,routed,TESSERA_BF16_K1_R1024,r1024,1,1,0.00013365813356358558,3.7049487549317247e-07,4235983,4235983,a85953a76a53146bb8a4229f5d2ea1a10d19a3bb87cbb66464159dc098d08640,expert_wires+checkpoint,1,1,1
model.language_model.layers.45.mlp.experts.147.down_proj,routed,TESSERA_E4M3_K1_R1024,r1024,1,0,0.00016540245269425213,3.288616442531298e-07,4219595,4219595,c1960b62b4fb1c7db977cd939eec52f464341c79635d8e64ab46fc5a2892209d,expert_wires+checkpoint,1,1,1
model.language_model.layers.45.mlp.experts.147.gate_proj,routed,TESSERA_BF16_K1_R1024,r1024,1,1,0.0007801771862432361,7.137968862824878e-07,4231951,4231951,f0460d285f520b239e905b5017952f941551da2ab4dddc04ad96e8b2be6c4876,expert_wires+checkpoint,1,1,1
model.language_model.layers.45.mlp.experts.147.gate_proj,routed,TESSERA_E4M3_K1_R1024,r1024,1,0,0.0011111582862213254,4.924657275405702e-07,4215563,4215563,0ef60cb7ffeab54b1fd18a4ffcfcae5ab894ce8129071a29fdfa4e7ba40a570b,expert_wires+checkpoint,1,1,1
model.language_model.layers.45.mlp.experts.147.up_proj,routed,TESSERA_BF16_K1_R1024,r1024,1,1,0.000840618449728936,5.6171378410967074e-08,4231951,4231951,74ed6ff2b0937b30a30e60b254edde1ed2727eca3f800218191159446a7770f6,expert_wires+checkpoint,1,1,1
model.language_model.layers.45.mlp.experts.147.up_proj,routed,TESSERA_E4M3_K1_R1024,r1024,1,0,0.0011916367802768946,3.907141451109935e-07,4215563,4215563,45f8013e13cf8d596edbe0ec7bc5c0110f3f71a10032c7bccf17e852624ca2d1,expert_wires+checkpoint,1,1,1
model.language_model.layers.45.mlp.experts.148.down_proj,routed,TESSERA_BF16_K1_R1024,r1024,1,1,0.0003149390104226768,1.1658485232267154e-06,4235983,4235983,d799fd1d90c1af7e02e1e6e02419ac258b5c41ebd6aaa6f82ba882d3866bc28a,expert_wires+checkpoint,1,1,1
model.language_model.layers.45.mlp.experts.148.down_proj,routed,TESSERA_E4M3_K1_R1024,r1024,1,0,0.000385454623028636,7.258004547123167e-07,4219595,4219595,b6b9fe2aa8bbc9c3143a63a86dc8674fb92bb91ff5633dd99527022215749874,expert_wires+checkpoint,1,1,1
model.language_model.layers.45.mlp.experts.148.gate_proj,routed,TESSERA_BF16_K1_R1024,r1024,1,1,0.0009186312672682106,1.7536137036337586e-07,4231951,4231951,2c101824b53c6c722166def4c3a07e234bec908d36f5520811ab9c499939bcb2,expert_wires+checkpoint,1,1,1
model.language_model.layers.45.mlp.experts.148.gate_proj,routed,TESSERA_E4M3_K1_R1024,r1024,1,0,0.0012808276806026697,2.2594241773026967e-07,4215563,4215563,ab88a9b5432a7d375d68232e21fb25137a7253d2f26c2f5a874d4a3ea41b772f,expert_wires+checkpoint,1,1,1
model.language_model.layers.45.mlp.experts.148.up_proj,routed,TESSERA_BF16_K1_R1024,r1024,1,1,0.0009723255643621087,4.2170832767540507e-07,4231951,4231951,11d35b851edb05be25695a7ddd4f7d4fa5f404e026834a1b4695980140581575,expert_wires+checkpoint,1,1,1
model.language_model.layers.45.mlp.experts.148.up_proj,routed,TESSERA_E4M3_K1_R1024,r1024,1,0,0.0013538859784603119,1.4712070303915073e-07,4215563,4215563,2afb037c90b58fa3b3055e9a1b32b449e0ac5b8c14b36dc3aefff8c54b343bcc,expert_wires+checkpoint,1,1,1
model.language_model.layers.45.mlp.experts.149.down_proj,routed,TESSERA_BF16_K1_R1024,r1024,1,1,9.615388989914209e-05,1.2998733211029286e-06,4235983,4235983,75d70f5e22a067447a794dfb59ef8bbdb802a5ed1cfe7c8c34237d3f6274f4c7,expert_wires+checkpoint,1,1,1
model.language_model.layers.45.mlp.experts.149.down_proj,routed,TESSERA_E4M3_K1_R1024,r1024,1,0,0.00011559356789803132,1.5203698844114678e-06,4219595,4219595,07d03a05e0e0e2a58cb17a2165a7c63cada6d30a8add2e37e3cd41fb0d4cf57e,expert_wires+checkpoint,1,1,1
model.language_model.layers.45.mlp.experts.149.gate_proj,routed,TESSERA_BF16_K1_R1024,r1024,1,1,0.0007745682378299534,7.140707233026231e-07,4231951,4231951,b2a15106bf63fd5a86c2b96e3d855eb7d1e334883db5ec70578003bbec69410a,expert_wires+checkpoint,1,1,1
model.language_model.layers.45.mlp.experts.149.gate_proj,routed,TESSERA_E4M3_K1_R1024,r1024,1,0,0.001079042092896998,1.1347691718879008e-06,4215563,4215563,8d0932ac4befa8e4afb9dc98c432928bd7f4f257311eb028eee28e443a07fc44,expert_wires+checkpoint,1,1,1
model.language_model.layers.45.mlp.experts.149.up_proj,routed,TESSERA_BF16_K1_R1024,r1024,1,1,0.0008079047547653317,8.827076887434014e-07,4231951,4231951,7179e5336087284cb582d9f5dba7b6a43bd5b87427933eb8e7cc6f2ba17a8c9e,expert_wires+checkpoint,1,1,1
model.language_model.layers.45.mlp.experts.149.up_proj,routed,TESSERA_E4M3_K1_R1024,r1024,1,0,0.0011194213293492794,1.6385802535336582e-06,4215563,4215563,152daebc8f28df05305f45270945b258c08ac1df0f881b67dd22e7c72eb5e2cb,expert_wires+checkpoint,1,1,1
model.language_model.layers.45.mlp.experts.15.down_proj,routed,TESSERA_BF16_K1_R1024,r1024,1,1,0.00020004769612569362,1.0388281882411478e-07,4235983,4235983,e78f610eae97f0a582f3cad90cbfebdc7d60f25a1f572ae365fb93e849c18963,expert_wires+checkpoint,1,1,1
model.language_model.layers.45.mlp.experts.15.down_proj,routed,TESSERA_E4M3_K1_R1024,r1024,1,0,0.00023909262381494045,1.1806887933499052e-06,4219595,4219595,cb2367c1bc518a89f563b9e1f1e42671a33fa959dccfd7356261ddec6014485d,expert_wires+checkpoint,1,1,1
model.language_model.layers.45.mlp.experts.15.gate_proj,routed,TESSERA_BF16_K1_R1024,r1024,1,1,0.0009262422099709511,3.969981122248789e-08,4231951,4231951,61709998509ab1866231eefa408407a2ed5683c16a8c410cb8297464b9391455,expert_wires+checkpoint,1,1,1
model.language_model.layers.45.mlp.experts.15.gate_proj,routed,TESSERA_E4M3_K1_R1024,r1024,1,0,0.0013064844533801079,3.067078875144019e-07,4215563,4215563,082a70c0fd938b38288a9f3f35c82935378ab9b2e3ab55315610b4228c385e2c,expert_wires+checkpoint,1,1,1
model.language_model.layers.45.mlp.experts.15.up_proj,routed,TESSERA_BF16_K1_R1024,r1024,1,1,0.000975655042566359,3.5852918657575363e-07,4231951,4231951,b32d115e361f7ec127564f6e77ae5d235ff370e3574ace26a93c297aafe42f70,expert_wires+checkpoint,1,1,1
model.language_model.layers.45.mlp.experts.15.up_proj,routed,TESSERA_E4M3_K1_R1024,r1024,1,0,0.001366923563182354,9.496826563016622e-08,4215563,4215563,839f5fd0b5df65f10d86ddc2efdc8f1ff314cc496bee1d6851383f5fc826b7b6,expert_wires+checkpoint,1,1,1
model.language_model.layers.45.mlp.experts.150.down_proj,routed,TESSERA_BF16_K1_R1024,r1024,1,1,0.00019818836881313473,8.143438264492399e-07,4235983,4235983,63c9d49d75166677e47e7a11fef95ed1f6a886ed409646cb96f6cdc194789bee,expert_wires+checkpoint,1,1,1
model.language_model.layers.45.mlp.experts.150.down_proj,routed,TESSERA_E4M3_K1_R1024,r1024,1,0,0.00024977215798571706,6.448913530602656e-07,4219595,4219595,e434f58efa40404a3a3d9354e9915d9c037dacc2ad7e7f12ddb324820f3e1774,expert_wires+checkpoint,1,1,1
model.language_model.layers.45.mlp.experts.150.gate_proj,routed,TESSERA_BF16_K1_R1024,r1024,1,1,0.0007651903433725238,9.727655747408041e-08,4231951,4231951,29fcf4f3e108c95eba53f230db335a2de0a5a34d84913faf4b68dd54429b9221,expert_wires+checkpoint,1,1,1
model.language_model.layers.45.mlp.experts.150.gate_proj,routed,TESSERA_E4M3_K1_R1024,r1024,1,0,0.0011554136872291565,1.5838015126072988e-07,4215563,4215563,d465f0c79e1fb377c9476ffbb8fb308830dd70579255c5dbf8f049d125b95432,expert_wires+checkpoint,1,1,1
model.language_model.layers.45.mlp.experts.150.up_proj,routed,TESSERA_BF16_K1_R1024,r1024,1,1,0.0007965696277096868,1.893283959402085e-07,4231951,4231951,859d61360e73f96957032730fe4c6f620bb89956683b0be377e39cd430460daa,expert_wires+checkpoint,1,1,1
model.language_model.layers.45.mlp.experts.150.up_proj,routed,TESSERA_E4M3_K1_R1024,r1024,1,0,0.001194228883832693,2.998979407871509e-07,4215563,4215563,327cb5eb96d84646589aad16ab260e2097e9fea19a1acf21ad2465f6478c9fd2,expert_wires+checkpoint,1,1,1
model.language_model.layers.45.mlp.experts.151.down_proj,routed,TESSERA_BF16_K1_R1024,r1024,1,1,0.0011260062456130981,1.3334000960007862e-06,4235983,4235983,e47e4ccddb6ede65bf975ae9cabe7e1e1d1d8881633cec3b6f467b011776034d,expert_wires+checkpoint,1,1,1
model.language_model.layers.45.mlp.experts.151.down_proj,routed,TESSERA_E4M3_K1_R1024,r1024,1,0,0.0014790582936257124,2.8955238326585572e-06,4219595,4219595,8802eb3ec5bf458c3b28c15ec0bb68e7efae772fe8d27dc913f5bfe79afc8354,expert_wires+checkpoint,1,1,1
model.language_model.layers.45.mlp.experts.151.gate_proj,routed,TESSERA_BF16_K1_R1024,r1024,1,1,0.000899353763088584,3.941568216034245e-07,4231951,4231951,c3497b0a6f4c247cfddaad88b9bc0c46050fcab65d88e23374d349f2e76c7862,expert_wires+checkpoint,1,1,1
model.language_model.layers.45.mlp.experts.151.gate_proj,routed,TESSERA_E4M3_K1_R1024,r1024,1,0,0.0012359775137156248,1.7365921770225162e-07,4215563,4215563,5628d82985196d8be1b6f1f0c5a7f5b44e30cf1db60b4c8cdac300e396d906cf,expert_wires+checkpoint,1,1,1
model.language_model.layers.45.mlp.experts.151.up_proj,routed,TESSERA_BF16_K1_R1024,r1024,1,1,0.0010348563082516193,1.8440546565850318e-06,4231951,4231951,48b25b560e76b646333ee993d729332d4e1e0a1ba2ea96d26f47506261a8946a,expert_wires+checkpoint,1,1,1
model.language_model.layers.45.mlp.experts.151.up_proj,routed,TESSERA_E4M3_K1_R1024,r1024,1,0,0.0014067963929846883,2.239720374285495e-06,4215563,4215563,849fd15445856ccd258c1dd883f13949a57a4abc3cdcb7ca5f696d160e856f4e,expert_wires+checkpoint,1,1,1
model.language_model.layers.45.mlp.experts.152.down_proj,routed,TESSERA_BF16_K1_R1024,r1024,1,1,0.00036326062399894,2.680833220665515e-06,4235983,4235983,701b2eb39dd55b1ba4d7ddb94eaa3a659fcba1aa4a92dd94456db59fd363389a,expert_wires+checkpoint,1,1,1
model.language_model.layers.45.mlp.experts.152.down_proj,routed,TESSERA_E4M3_K1_R1024,r1024,1,0,0.0004516919725574553,2.2559966288900043e-06,4219595,4219595,aa3578bff4c130e5e1d3a0e958dd19c791fc4bac465b58faad97bf86d71f61ec,expert_wires+checkpoint,1,1,1
model.language_model.layers.45.mlp.experts.152.gate_proj,routed,TESSERA_BF16_K1_R1024,r1024,1,1,0.0008180976146832108,1.200459515827655e-06,4231951,4231951,74e04497b91edab086cd46b374fbc0276c779b5b5858208e0dc6e033551cbba3,expert_wires+checkpoint,1,1,1
model.language_model.layers.45.mlp.experts.152.gate_proj,routed,TESSERA_E4M3_K1_R1024,r1024,1,0,0.001128417206928134,6.074321997999258e-07,4215563,4215563,483f2c6ad78f7b769d458e5a907293735c6b9a7dec1e57f096fa0bad3c4267ca,expert_wires+checkpoint,1,1,1
model.language_model.layers.45.mlp.experts.152.up_proj,routed,TESSERA_BF16_K1_R1024,r1024,1,1,0.0009033577516674995,3.5154332308202166e-07,4231951,4231951,0d75e8109d5f9cc27ac60278c1abe7348baf2a421c7c11350c324cf235791aaa,expert_wires+checkpoint,1,1,1
model.language_model.layers.45.mlp.experts.152.up_proj,routed,TESSERA_E4M3_K1_R1024,r1024,1,0,0.00124260107986629,3.2990672617285036e-07,4215563,4215563,614de10224824d0f2db176027d608024b8665aed04a441df32071907c632c8cd,expert_wires+checkpoint,1,1,1
model.language_model.layers.45.mlp.experts.153.down_proj,routed,TESSERA_BF16_K1_R1024,r1024,1,1,0.00027741165831685066,4.164053645832394e-07,4235983,4235983,9d879a311d5424f3ac743f0751ed63f3798ea8d2b0b5d3ad2449fb45cf1c29c9,expert_wires+checkpoint,1,1,1
model.language_model.layers.45.mlp.experts.153.down_proj,routed,TESSERA_E4M3_K1_R1024,r1024,1,0,0.0003548157983459532,1.7061342930561575e-07,4219595,4219595,16f45f72d76f6a1ae7804e19711ccfba83b3c5fa832be67d1728caafe0101baa,expert_wires+checkpoint,1,1,1
model.language_model.layers.45.mlp.experts.153.gate_proj,routed,TESSERA_BF16_K1_R1024,r1024,1,1,0.0006218635244295001,7.868454790350192e-08,4231951,4231951,ced37e645c92371a52f38fde30ab11077cf5317fa536ba4039c9a587bbda711c,expert_wires+checkpoint,1,1,1
model.language_model.layers.45.mlp.experts.153.gate_proj,routed,TESSERA_E4M3_K1_R1024,r1024,1,0,0.0009205932728946209,4.990158675531129e-07,4215563,4215563,3c099c7e555cb598a4c52f9ae29e60ba996d210d5b49c4651e4f9b42b335686b,expert_wires+checkpoint,1,1,1
model.language_model.layers.45.mlp.experts.153.up_proj,routed,TESSERA_BF16_K1_R1024,r1024,1,1,0.0007436860469169915,2.665667460132205e-07,4231951,4231951,241980d6b88f319f48b436c703cbafaabab6295954e63cee5051031a2596c856,expert_wires+checkpoint,1,1,1
model.language_model.layers.45.mlp.experts.153.up_proj,routed,TESSERA_E4M3_K1_R1024,r1024,1,0,0.001094358623959124,1.0327194061115649e-07,4215563,4215563,decb809f9b4473faf3aba7d510c194ed853c38583b211ea4076b9027a4466426,expert_wires+checkpoint,1,1,1
model.language_model.layers.45.mlp.experts.154.down_proj,routed,TESSERA_BF16_K1_R1024,r1024,1,1,0.0002195337146986276,3.4287977303405086e-07,4235983,4235983,af0bb532d70630d021dd68c850d7bcb284494a1cb86d891a93909178ee3fcb5b,expert_wires+checkpoint,1,1,1
model.language_model.layers.45.mlp.experts.154.down_proj,routed,TESSERA_E4M3_K1_R1024,r1024,1,0,0.0002666143700480461,7.605952110660515e-07,4219595,4219595,cd9ec546bbb29346cf158ef860dfaa151a91286ee3f9087853d9500932366ea0,expert_wires+checkpoint,1,1,1
model.language_model.layers.45.mlp.experts.154.gate_proj,routed,TESSERA_BF16_K1_R1024,r1024,1,1,0.0008377604535780847,3.319321582959386e-07,4231951,4231951,3c4434afe7651d0ca6dc77d5b0b5b0d3cae21f9069fbaf4ef79ea06fc3901038,expert_wires+checkpoint,1,1,1
model.language_model.layers.45.mlp.experts.154.gate_proj,routed,TESSERA_E4M3_K1_R1024,r1024,1,0,0.0011982289142906666,1.1580614319612384e-07,4215563,4215563,d4f75fcad2eac240d0fab13d768178af4e6bcd91e4fc4d1d364487b10b9fe1be,expert_wires+checkpoint,1,1,1
model.language_model.layers.45.mlp.experts.154.up_proj,routed,TESSERA_BF16_K1_R1024,r1024,1,1,0.0009179427288472652,8.98247085449229e-08,4231951,4231951,bcf0ce4469196b9e6ee4356832ee10bca41382464f7feea6977315398decd38d,expert_wires+checkpoint,1,1,1
model.language_model.layers.45.mlp.experts.154.up_proj,routed,TESSERA_E4M3_K1_R1024,r1024,1,0,0.0012990341056138277,4.880384044759113e-07,4215563,4215563,01ed678e876b7f6913e0ab66c3a2d91e2a26ac0042b70967cb15382119cffb3a,expert_wires+checkpoint,1,1,1
model.language_model.layers.45.mlp.experts.155.down_proj,routed,TESSERA_BF16_K1_R1024,r1024,1,1,0.00014400335203390568,5.579533421641202e-07,4235983,4235983,af949a80e9b5a527a4aaf01e2a54c08ec2f796727e1922d71dc9c18d90505e12,expert_wires+checkpoint,1,1,1
model.language_model.layers.45.mlp.experts.155.down_proj,routed,TESSERA_E4M3_K1_R1024,r1024,1,0,0.00017932633636519313,2.792260488945866e-07,4219595,4219595,e29a0300e8f8fa115fedd14625a5b6f5970c2d3413b4344e63fdfb1f10fa6f6d,expert_wires+checkpoint,1,1,1
model.language_model.layers.45.mlp.experts.155.gate_proj,routed,TESSERA_BF16_K1_R1024,r1024,1,1,0.0008146659238263965,5.359044815255952e-07,4231951,4231951,2ad500930507f5f44574b262b8c99b92c792ba77fb2909d117f9a611d0154700,expert_wires+checkpoint,1,1,1
model.language_model.layers.45.mlp.experts.155.gate_proj,routed,TESSERA_E4M3_K1_R1024,r1024,1,0,0.0011675427667796612,3.5683677446238704e-07,4215563,4215563,36b126729c16443ec05d7704a8b88d172ac6080249d552c6ee728f9608146e30,expert_wires+checkpoint,1,1,1
model.language_model.layers.45.mlp.experts.155.up_proj,routed,TESSERA_BF16_K1_R1024,r1024,1,1,0.0009024736355058849,1.8262741270933239e-07,4231951,4231951,3049473ce92d3ae744ef867003fcddc6aa231340b3844f1cd152f7cace79be9c,expert_wires+checkpoint,1,1,1
model.language_model.layers.45.mlp.experts.155.up_proj,routed,TESSERA_E4M3_K1_R1024,r1024,1,0,0.0012866432080045342,2.421294860118897e-07,4215563,4215563,9cbd2a124ddbfd82ef8d7349ee06c4753b8ba9bcd26925b181e6fe0a150ec5aa,expert_wires+checkpoint,1,1,1
model.language_model.layers.45.mlp.experts.156.down_proj,routed,TESSERA_BF16_K1_R1024,r1024,1,1,0.0002562312292866409,9.82154216227386e-07,4235983,4235983,0b0d680fb3e3057cbe6d7862acab8e95b0e2bf7b51b9edb2665c4340410700e0,expert_wires+checkpoint,1,1,1
model.language_model.layers.45.mlp.experts.156.down_proj,routed,TESSERA_E4M3_K1_R1024,r1024,1,0,0.0003065429045818746,1.7888860223615707e-06,4219595,4219595,73cc4b421a2b33919cd53442e3e5f7b2b2dfdc6e3721636be527c0f15f651106,expert_wires+checkpoint,1,1,1
model.language_model.layers.45.mlp.experts.156.gate_proj,routed,TESSERA_BF16_K1_R1024,r1024,1,1,0.0009277499630115926,3.1270963756388646e-07,4231951,4231951,90bb3803c7554f3953b2cf1120180b616fb75ed34e52881f28f8c7cf586d99b5,expert_wires+checkpoint,1,1,1
model.language_model.layers.45.mlp.experts.156.gate_proj,routed,TESSERA_E4M3_K1_R1024,r1024,1,0,0.0012937677092850208,2.833836420908726e-07,4215563,4215563,6f81a4c87b9b1ae05a404a83e11df78c025a1c09616119290e744ec3fd3bed5a,expert_wires+checkpoint,1,1,1
model.language_model.layers.45.mlp.experts.156.up_proj,routed,TESSERA_BF16_K1_R1024,r1024,1,1,0.0010192773770540953,5.492891785983593e-07,4231951,4231951,103c0118bebf7b82b0d71b8ddabd7586ee7dffb4752af6f0dabe2624836b0f52,expert_wires+checkpoint,1,1,1
model.language_model.layers.45.mlp.experts.156.up_proj,routed,TESSERA_E4M3_K1_R1024,r1024,1,0,0.0014099746476858854,9.84323225385018e-07,4215563,4215563,a70e03717d04004be0e1e05d27a3cf3090328d193f3ef6711c7516aff83006f0,expert_wires+checkpoint,1,1,1
model.language_model.layers.45.mlp.experts.157.down_proj,routed,TESSERA_BF16_K1_R1024,r1024,1,1,0.00015809763863217086,8.23505728972389e-07,4235983,4235983,c2b45b193c49f808384830429eb7fe328ea56f1df92668e870b7ce654544b1e1,expert_wires+checkpoint,1,1,1
model.language_model.layers.45.mlp.experts.157.down_proj,routed,TESSERA_E4M3_K1_R1024,r1024,1,0,0.00019218654779251665,1.6180458241830256e-06,4219595,4219595,d43dff73456eebbae29a093b28c5fe37b27ca60bc919aaf28a6b0e58807fe924,expert_wires+checkpoint,1,1,1
model.language_model.layers.45.mlp.experts.157.gate_proj,routed,TESSERA_BF16_K1_R1024,r1024,1,1,0.0007471607532352209,5.211250235963063e-07,4231951,4231951,a8c3e56cebaa8e5de0796661503232d96eef8219481299b843de18f8587bdd75,expert_wires+checkpoint,1,1,1
model.language_model.layers.45.mlp.experts.157.gate_proj,routed,TESSERA_E4M3_K1_R1024,r1024,1,0,0.0010588038712739944,2.583184653425403e-07,4215563,4215563,d572e472f2126f0c509bf079b5eb54e97c94bb19793c628ce49fcd3d36dfbbf0,expert_wires+checkpoint,1,1,1
model.language_model.layers.45.mlp.experts.157.up_proj,routed,TESSERA_BF16_K1_R1024,r1024,1,1,0.0008792337612248957,1.1671709832208434e-07,4231951,4231951,3c4e891a80b4c6cfc5da6466b6b7b0c2ba09b23a4c4aa51b83b55f515678e461,expert_wires+checkpoint,1,1,1
model.language_model.layers.45.mlp.experts.157.up_proj,routed,TESSERA_E4M3_K1_R1024,r1024,1,0,0.0012380185071378946,7.545062447722062e-07,4215563,4215563,61fbafb726fde135b6ccd8a88a5918573d622544b0b08150b97a445550b3b172,expert_wires+checkpoint,1,1,1
model.language_model.layers.45.mlp.experts.158.down_proj,routed,TESSERA_BF16_K1_R1024,r1024,1,1,0.0002658003941178322,2.1707361957430138e-07,4235983,4235983,5698abf79663653b3fd85d579d1770eeefa1a07a33778b8d98ecd07c72f77796,expert_wires+checkpoint,1,1,1
model.language_model.layers.45.mlp.experts.158.down_proj,routed,TESSERA_E4M3_K1_R1024,r1024,1,0,0.000319184095133096,9.021652910543755e-07,4219595,4219595,4099328f8688e4bf2e67ea93fef6b0d4f783d67c6076f0c59a67bfef4dad0a31,expert_wires+checkpoint,1,1,1
model.language_model.layers.45.mlp.experts.158.gate_proj,routed,TESSERA_BF16_K1_R1024,r1024,1,1,0.0008373486925847828,2.296307005190875e-07,4231951,4231951,1e86698641d4a28259ebe4a32e44293e4f5b2f27bdfb9b0fb4a09effbdbf1f07,expert_wires+checkpoint,1,1,1
model.language_model.layers.45.mlp.experts.158.gate_proj,routed,TESSERA_E4M3_K1_R1024,r1024,1,0,0.001208356348797679,1.7803224539799453e-07,4215563,4215563,c08118c103b6d8779c8750bc94cc802458de4cb9e4e38c0de896c28955b68666,expert_wires+checkpoint,1,1,1
model.language_model.layers.45.mlp.experts.158.up_proj,routed,TESSERA_BF16_K1_R1024,r1024,1,1,0.000901011866517365,2.042850425216114e-07,4231951,4231951,7321bf105bf6a8e734600b43824da54eae9cc1a1247df9654506bde39892d3bf,expert_wires+checkpoint,1,1,1
model.language_model.layers.45.mlp.experts.158.up_proj,routed,TESSERA_E4M3_K1_R1024,r1024,1,0,0.0012984699569642544,3.497863473888876e-07,4215563,4215563,9772dfbb624c9f292099d0c951fe57749ac05bc395cd44fb09fd23b308cf4002,expert_wires+checkpoint,1,1,1
model.language_model.layers.45.mlp.experts.159.down_proj,routed,TESSERA_BF16_K1_R1024,r1024,1,1,0.0001769294758560136,5.404132861336593e-07,4235983,4235983,28b0fd4b95d80ae660400b1a79413c16a1504be9fec83d5d3ca9419d16219450,expert_wires+checkpoint,1,1,1
model.language_model.layers.45.mlp.experts.159.down_proj,routed,TESSERA_E4M3_K1_R1024,r1024,1,0,0.0002175604458898306,6.534818951012732e-07,4219595,4219595,77e1fd45294a71e6a7c01ef8b414b736d875b99446ba158654dc0363ef5c3fc0,expert_wires+checkpoint,1,1,1
model.language_model.layers.45.mlp.experts.159.gate_proj,routed,TESSERA_BF16_K1_R1024,r1024,1,1,0.0007335887639783323,3.2474031776992973e-07,4231951,4231951,fd51b24879d025712c3d643ab427c9a585ba7e6e2501222c65d21a1caab9f892,expert_wires+checkpoint,1,1,1
model.language_model.layers.45.mlp.experts.159.gate_proj,routed,TESSERA_E4M3_K1_R1024,r1024,1,0,0.001075642416253686,8.897545912841273e-07,4215563,4215563,8a4dc078487214d9000bd83eebfa4a8620e7870cc503633b1807c29195736b61,expert_wires+checkpoint,1,1,1
model.language_model.layers.45.mlp.experts.159.up_proj,routed,TESSERA_BF16_K1_R1024,r1024,1,1,0.0007782398024573922,2.8991252071051174e-07,4231951,4231951,3baa412a49f2b7cb78133e29e91b5b25bc7eb3fd48960ef85005c30a221102f4,expert_wires+checkpoint,1,1,1
model.language_model.layers.45.mlp.experts.159.up_proj,routed,TESSERA_E4M3_K1_R1024,r1024,1,0,0.0011445878772065043,1.2118361416955228e-06,4215563,4215563,56f064e18129451f6fc598032612262099ec7ca39bf10cbee838b11a58f1f281,expert_wires+checkpoint,1,1,1
model.language_model.layers.45.mlp.experts.16.down_proj,routed,TESSERA_BF16_K1_R1024,r1024,1,1,0.00010670060873962939,2.2630085184506762e-07,4235983,4235983,72f8d1664026ddbde32942ed5097afbc2dc03a5324028b1441a78cacb6aed56e,expert_wires+checkpoint,1,1,1
model.language_model.layers.45.mlp.experts.16.down_proj,routed,TESSERA_E4M3_K1_R1024,r1024,1,0,0.00012795894872397184,1.727751870448799e-07,4219595,4219595,3a0fe31187f137048f9bd923de699bb06227b6127f3783a865046fa03ff1fdff,expert_wires+checkpoint,1,1,1
model.language_model.layers.45.mlp.experts.16.gate_proj,routed,TESSERA_BF16_K1_R1024,r1024,1,1,0.0008273131679743528,1.0752886714125339e-07,4231951,4231951,149a9edd0db275f620c884a7fbb0d251936433947cd99a843eadbe65512f245a,expert_wires+checkpoint,1,1,1
model.language_model.layers.45.mlp.experts.16.gate_proj,routed,TESSERA_E4M3_K1_R1024,r1024,1,0,0.0011360824573785067,5.23571252639887e-08,4215563,4215563,787a143f2a4e3890b34fc0d2ad9db6c716afb37918241a2a916ed461740ad72d,expert_wires+checkpoint,1,1,1
model.language_model.layers.45.mlp.experts.16.up_proj,routed,TESSERA_BF16_K1_R1024,r1024,1,1,0.0009550583199597895,5.3412343426425055e-08,4231951,4231951,cf9aba99798ed167df054505938086667eb0175deffc7f6a7ad0a56988bfed9f,expert_wires+checkpoint,1,1,1
model.language_model.layers.45.mlp.experts.16.up_proj,routed,TESSERA_E4M3_K1_R1024,r1024,1,0,0.0012958396691828966,2.451525242799761e-07,4215563,4215563,b897e34600ed7fd0f3f1abea7277e7e780791b2cb0e0e60b20280202062e33e2,expert_wires+checkpoint,1,1,1
model.language_model.layers.45.mlp.experts.160.down_proj,routed,TESSERA_BF16_K1_R1024,r1024,1,1,0.00026581931160762906,8.011430254131593e-07,4235983,4235983,8c195d91e300bd57d96e6898f7382f64f2a0a3589623c5f0709f50422cc4a841,expert_wires+checkpoint,1,1,1
model.language_model.layers.45.mlp.experts.160.down_proj,routed,TESSERA_E4M3_K1_R1024,r1024,1,0,0.0003381097922101617,2.4783951988460716e-06,4219595,4219595,7b4729b92b5a241e8a56164e50aee1c274ec0241a9755d695e896b529a5d9723,expert_wires+checkpoint,1,1,1
model.language_model.layers.45.mlp.experts.160.gate_proj,routed,TESSERA_BF16_K1_R1024,r1024,1,1,0.0007989451987668872,7.085877057763731e-07,4231951,4231951,7b725e305535697ebe0036ed5b86e221d814df186c8c12368ceee3dac77a804f,expert_wires+checkpoint,1,1,1
model.language_model.layers.45.mlp.experts.160.gate_proj,routed,TESSERA_E4M3_K1_R1024,r1024,1,0,0.0011615296825766563,1.1312822431870585e-06,4215563,4215563,fdc63f73c9a18f443429d931e30ea0fe07eb9f77288a5e3d16fb0fcc672cbc12,expert_wires+checkpoint,1,1,1
model.language_model.layers.45.mlp.experts.160.up_proj,routed,TESSERA_BF16_K1_R1024,r1024,1,1,0.0008699678583070636,3.401832885769231e-07,4231951,4231951,c33a48eb9bfe917b2a5d08e4d43d2a84d686e088dda2c8c1d075fff1fdf18892,expert_wires+checkpoint,1,1,1
model.language_model.layers.45.mlp.experts.160.up_proj,routed,TESSERA_E4M3_K1_R1024,r1024,1,0,0.001268334104679525,1.1150206975252997e-06,4215563,4215563,bb1e4bb1d98c25bdb6b4c4100f8be627d1a93af1186ceed4e8b23e3945e3f1e8,expert_wires+checkpoint,1,1,1
model.language_model.layers.45.mlp.experts.161.down_proj,routed,TESSERA_BF16_K1_R1024,r1024,1,1,0.00021424498117994517,7.371276677884104e-07,4235983,4235983,4078fff393cbda4614b11e67b428e474507c30110ae38f7f81c350142e4528e0,expert_wires+checkpoint,1,1,1
model.language_model.layers.45.mlp.experts.161.down_proj,routed,TESSERA_E4M3_K1_R1024,r1024,1,0,0.00027806736761704087,1.7402211963380847e-07,4219595,4219595,4cb539088ad82004d618d09a2469aee1320385de0ebfb274961f45fabe6e1047,expert_wires+checkpoint,1,1,1
model.language_model.layers.45.mlp.experts.161.gate_proj,routed,TESSERA_BF16_K1_R1024,r1024,1,1,0.0006084458436816931,3.502914164986493e-07,4231951,4231951,80eca5803bbd3177f2881d06966c09cd4a9bc3c6d1a20ee213ac35753b238f9d,expert_wires+checkpoint,1,1,1
model.language_model.layers.45.mlp.experts.161.gate_proj,routed,TESSERA_E4M3_K1_R1024,r1024,1,0,0.0009132362902164459,3.2284353849687193e-07,4215563,4215563,c8996f246d30c9270144b73ee1312f1d6905e691f6a33ad4cdf5145b645053cd,expert_wires+checkpoint,1,1,1
model.language_model.layers.45.mlp.experts.161.up_proj,routed,TESSERA_BF16_K1_R1024,r1024,1,1,0.0006857238477095962,7.25141788801834e-08,4231951,4231951,c0ee6ceba1beb02114c17ddcf29f8ad78b4ed09698d6caf791046e5f21f03cbc,expert_wires+checkpoint,1,1,1
model.language_model.layers.45.mlp.experts.161.up_proj,routed,TESSERA_E4M3_K1_R1024,r1024,1,0,0.0010277822148054838,5.952561060482747e-08,4215563,4215563,db3815685c5658b23f45453797944142bc48e5965815ef822703710ada1c927b,expert_wires+checkpoint,1,1,1
model.language_model.layers.45.mlp.experts.162.down_proj,routed,TESSERA_BF16_K1_R1024,r1024,1,1,0.000251851073699072,4.1858109079246625e-07,4235983,4235983,24200571fb1f1072ec4bb2e34b6451481c6b29045adf315f494173d309edc295,expert_wires+checkpoint,1,1,1
model.language_model.layers.45.mlp.experts.162.down_proj,routed,TESSERA_E4M3_K1_R1024,r1024,1,0,0.0003274764749221504,1.9715277916871015e-06,4219595,4219595,2791778e02feaef9688ca8267a022b63e1b257c8685a0d4287963072c754decf,expert_wires+checkpoint,1,1,1
model.language_model.layers.45.mlp.experts.162.gate_proj,routed,TESSERA_BF16_K1_R1024,r1024,1,1,0.0005968293407931924,9.707854717785321e-07,4231951,4231951,0709082ade6911beb28034f817f906efef085a7feb1a052b78648c9a19d9517f,expert_wires+checkpoint,1,1,1
model.language_model.layers.45.mlp.experts.162.gate_proj,routed,TESSERA_E4M3_K1_R1024,r1024,1,0,0.0008990056812763214,3.4311301623027103e-07,4215563,4215563,430b59502adea38c5d3dea2d78ba61540f276719e89fd9c3287c7ea9c3a61e41,expert_wires+checkpoint,1,1,1
model.language_model.layers.45.mlp.experts.162.up_proj,routed,TESSERA_BF16_K1_R1024,r1024,1,1,0.0006801789859309793,4.499507483646468e-07,4231951,4231951,da3ea3bc0f478bf92eb520382ddc479cb68db3ce7ad6dc82dd4d6118a4738928,expert_wires+checkpoint,1,1,1
model.language_model.layers.45.mlp.experts.162.up_proj,routed,TESSERA_E4M3_K1_R1024,r1024,1,0,0.0010141885140910745,1.875929965145432e-06,4215563,4215563,84e3018ef5cd4d724ff98e26b03a69083a76e5f12a2a709eb53c33cc8535907a,expert_wires+checkpoint,1,1,1
model.language_model.layers.45.mlp.experts.163.down_proj,routed,TESSERA_BF16_K1_R1024,r1024,1,1,0.00019389372027944773,1.561189602489229e-06,4235983,4235983,f205b91330561d4f3762d31c3140b58f9e0f5ca4f4e0e36c08f062b34416b74a,expert_wires+checkpoint,1,1,1
model.language_model.layers.45.mlp.experts.163.down_proj,routed,TESSERA_E4M3_K1_R1024,r1024,1,0,0.0002525920863263309,1.3135595488603822e-06,4219595,4219595,7d43809b4b5731ca8ce3429ac1aacd78bc0cfb444821c6cab1e2753be8fa882f,expert_wires+checkpoint,1,1,1
model.language_model.layers.45.mlp.experts.163.gate_proj,routed,TESSERA_BF16_K1_R1024,r1024,1,1,0.0008391355513595045,8.501408299835716e-07,4231951,4231951,2ce7deebe6818e0fa570a034d69e7d0ce05068c74e370b097a66019391061f47,expert_wires+checkpoint,1,1,1
model.language_model.layers.45.mlp.experts.163.gate_proj,routed,TESSERA_E4M3_K1_R1024,r1024,1,0,0.0012429349590092897,3.0785367148562404e-06,4215563,4215563,3b627fefd8aed67d9e7c0a1773a849a3e1c4de1e7865ab8a6cdb52bdbf413bad,expert_wires+checkpoint,1,1,1
model.language_model.layers.45.mlp.experts.163.up_proj,routed,TESSERA_BF16_K1_R1024,r1024,1,1,0.0008479803800582886,6.351629696118705e-07,4231951,4231951,d53184e47caf2ee93cd9cd8e3151c2c4c322704574017eb9118e70befa59a0e0,expert_wires+checkpoint,1,1,1
model.language_model.layers.45.mlp.experts.163.up_proj,routed,TESSERA_E4M3_K1_R1024,r1024,1,0,0.001251521985977888,1.7750131946855217e-06,4215563,4215563,33952d67b3c95947d48affd34f03892cbaf56708f50c82c422b7c1e1747293aa,expert_wires+checkpoint,1,1,1
model.language_model.layers.45.mlp.experts.164.down_proj,routed,TESSERA_BF16_K1_R1024,r1024,1,1,0.0003682664246298373,6.222017623936408e-07,4235983,4235983,f0de21df97d4bae5fad677718a8ec7f8b6985196530b171cf7691701d1f9154f,expert_wires+checkpoint,1,1,1
model.language_model.layers.45.mlp.experts.164.down_proj,routed,TESSERA_E4M3_K1_R1024,r1024,1,0,0.0004513751482591033,1.0581799221809102e-06,4219595,4219595,352570d62dcf6ac989596e7ef747cfa044c19dda8d243ea308927b7af5415c4e,expert_wires+checkpoint,1,1,1
model.language_model.layers.45.mlp.experts.164.gate_proj,routed,TESSERA_BF16_K1_R1024,r1024,1,1,0.0008505914593115449,9.878198183652916e-07,4231951,4231951,99d9c3aabf07fe484ae0335abe8920aec0bff2095f8abff55275b38b3d11f3d0,expert_wires+checkpoint,1,1,1
model.language_model.layers.45.mlp.experts.164.gate_proj,routed,TESSERA_E4M3_K1_R1024,r1024,1,0,0.001203139778226614,8.826236395366983e-07,4215563,4215563,7fe9a2b12d400e970583b7db6033d97c2211c9b24799beb03361206a124d5786,expert_wires+checkpoint,1,1,1
model.language_model.layers.45.mlp.experts.164.up_proj,routed,TESSERA_BF16_K1_R1024,r1024,1,1,0.0009130332036875188,2.447496579778267e-07,4231951,4231951,bb84b1212045ddf79607b9bfc40f9af184e40df777814f34e205bef53432bd1b,expert_wires+checkpoint,1,1,1
model.language_model.layers.45.mlp.experts.164.up_proj,routed,TESSERA_E4M3_K1_R1024,r1024,1,0,0.0012852437794208527,5.536596089196545e-07,4215563,4215563,98b52ea2161da209c84e59570292ce4a926f3fc723f1a4eab61615d820f44f08,expert_wires+checkpoint,1,1,1
model.language_model.layers.45.mlp.experts.165.down_proj,routed,TESSERA_BF16_K1_R1024,r1024,1,1,0.00026991497725248337,7.070513388354589e-07,4235983,4235983,4b9abf40e7402df3b535c0b48d646f51b505e49464a02c132d5a0413d2d030e4,expert_wires+checkpoint,1,1,1
model.language_model.layers.45.mlp.experts.165.down_proj,routed,TESSERA_E4M3_K1_R1024,r1024,1,0,0.0003390100027900189,1.3036154322946971e-06,4219595,4219595,8899f01f1fbf7a6730af7582220b8e9861d30e80da76b2eb3b8b41585bb73d5c,expert_wires+checkpoint,1,1,1
model.language_model.layers.45.mlp.experts.165.gate_proj,routed,TESSERA_BF16_K1_R1024,r1024,1,1,0.0008404328254982829,3.3341790693141247e-07,4231951,4231951,2f3a7ffc7f4b3a1610c325501534d4f5ec907fd9291699c39bfdffe207e332c5,expert_wires+checkpoint,1,1,1
model.language_model.layers.45.mlp.experts.165.gate_proj,routed,TESSERA_E4M3_K1_R1024,r1024,1,0,0.0011828974820673466,4.886139860723336e-07,4215563,4215563,cc9d9b46766e7d9af7091145a59a00038f16ad3267d00e9c88f74443aa4ddb85,expert_wires+checkpoint,1,1,1
model.language_model.layers.45.mlp.experts.165.up_proj,routed,TESSERA_BF16_K1_R1024,r1024,1,1,0.0009050845983438194,7.160434382547547e-07,4231951,4231951,f260e3aafe676b25203d78307cf9130e4f9efa4da8e943b8d1c334a6a6f36afe,expert_wires+checkpoint,1,1,1
model.language_model.layers.45.mlp.experts.165.up_proj,routed,TESSERA_E4M3_K1_R1024,r1024,1,0,0.0012621572241187096,2.0443653136419962e-07,4215563,4215563,75a1a1e15d367f2a6e7389f0013ec0fa2ddf8a196946a55b66bf81a077ec18bf,expert_wires+checkpoint,1,1,1
model.language_model.layers.45.mlp.experts.166.down_proj,routed,TESSERA_BF16_K1_R1024,r1024,1,1,0.0003331095213070512,5.884557747884085e-07,4235983,4235983,ebbc2d145f26eba9f730a2f5d4078a77338c61af8edb206192b8749b40cd8ed0,expert_wires+checkpoint,1,1,1
model.language_model.layers.45.mlp.experts.166.down_proj,routed,TESSERA_E4M3_K1_R1024,r1024,1,0,0.0004085705731995404,2.1143914251026783e-06,4219595,4219595,09b4bdb405f3dd2ae4a2e2aec01b8918aa6fafdadb8510bd6af9583222c66f47,expert_wires+checkpoint,1,1,1
model.language_model.layers.45.mlp.experts.166.gate_proj,routed,TESSERA_BF16_K1_R1024,r1024,1,1,0.0008474033675156534,3.7607344654494893e-07,4231951,4231951,46cb42459f57127f157b999605a0455a185858f89274cd8df67c1d688a5571b9,expert_wires+checkpoint,1,1,1
model.language_model.layers.45.mlp.experts.166.gate_proj,routed,TESSERA_E4M3_K1_R1024,r1024,1,0,0.0011887479340657592,1.0713546392493552e-06,4215563,4215563,04a04a4064bfa8e05a7e511cb888361747a242281210a110539c2c471951eed3,expert_wires+checkpoint,1,1,1
model.language_model.layers.45.mlp.experts.166.up_proj,routed,TESSERA_BF16_K1_R1024,r1024,1,1,0.0009421132272109389,9.783198013361575e-08,4231951,4231951,79f389ed1b9558d5c67a78c2057bcbb67d224c2d9cbc3b6bc5ef5962000af0bf,expert_wires+checkpoint,1,1,1
model.language_model.layers.45.mlp.experts.166.up_proj,routed,TESSERA_E4M3_K1_R1024,r1024,1,0,0.0013091657310724258,1.9838001713711396e-06,4215563,4215563,9f6260c69eba550d654838763ccccc8af2a83c29c8a60f2ad9fc52c4a8811ee2,expert_wires+checkpoint,1,1,1
model.language_model.layers.45.mlp.experts.167.down_proj,routed,TESSERA_BF16_K1_R1024,r1024,1,1,0.00015797829837538302,6.282400088356984e-07,4235983,4235983,775a959239e079ad818b12274383b87820d78420ed29f4112a751ff63a7d8443,expert_wires+checkpoint,1,1,1
model.language_model.layers.45.mlp.experts.167.down_proj,routed,TESSERA_E4M3_K1_R1024,r1024,1,0,0.00020780546765308827,7.85642419927661e-07,4219595,4219595,aaef7368aed2aa2a744050e423c5a2f793c7a7f5289e7547474e579f551c8c19,expert_wires+checkpoint,1,1,1
model.language_model.layers.45.mlp.experts.167.gate_proj,routed,TESSERA_BF16_K1_R1024,r1024,1,1,0.0005404676776379347,7.755597759978009e-08,4231951,4231951,829baf79bebc4a5582756a4ac26359989739b94910b137ceea1b78b2da36e440,expert_wires+checkpoint,1,1,1
model.language_model.layers.45.mlp.experts.167.gate_proj,routed,TESSERA_E4M3_K1_R1024,r1024,1,0,0.0008495801594108343,1.9874667206588416e-07,4215563,4215563,75df78de3f22747c9f1280e9036bd64ef3af7073f971bc4032c698da21371259,expert_wires+checkpoint,1,1,1
model.language_model.layers.45.mlp.experts.167.up_proj,routed,TESSERA_BF16_K1_R1024,r1024,1,1,0.0005839429795742035,8.631354138231323e-08,4231951,4231951,1b7f37530d4415ede80e7ebc885eee859d26cac3603dfe1c18b974a2ab6713a1,expert_wires+checkpoint,1,1,1
model.language_model.layers.45.mlp.experts.167.up_proj,routed,TESSERA_E4M3_K1_R1024,r1024,1,0,0.0009081336902454495,5.895514325668246e-07,4215563,4215563,8104188943402eae45223b866adea81c3031f938e4e015c26b404f10b9e12904,expert_wires+checkpoint,1,1,1
model.language_model.layers.45.mlp.experts.168.down_proj,routed,TESSERA_BF16_K1_R1024,r1024,1,1,0.00019006297225132585,1.6148230621257876e-06,4235983,4235983,dee062a36f60f46d522287587d3c19660bc1ceb0a8d99b1d0b15893594875ec9,expert_wires+checkpoint,1,1,1
model.language_model.layers.45.mlp.experts.168.down_proj,routed,TESSERA_E4M3_K1_R1024,r1024,1,0,0.00023274407431017607,1.1710016651841965e-06,4219595,4219595,90d748094050af7f82e068e437df931e8444487bf545ba182b5f17bb26b16e8e,expert_wires+checkpoint,1,1,1
model.language_model.layers.45.mlp.experts.168.gate_proj,routed,TESSERA_BF16_K1_R1024,r1024,1,1,0.0008791099535301328,1.498501602114564e-06,4231951,4231951,afa9dbcc6f0501b64d13094b5af70a5ba87beb433683f39a25c38ea873235230,expert_wires+checkpoint,1,1,1
model.language_model.layers.45.mlp.experts.168.gate_proj,routed,TESSERA_E4M3_K1_R1024,r1024,1,0,0.0012466314947232604,1.9523122259370854e-06,4215563,4215563,d6399b858e387c828a4dc4c2384d4780189f3fff148b90e5a1792cd14db16251,expert_wires+checkpoint,1,1,1
model.language_model.layers.45.mlp.experts.168.up_proj,routed,TESSERA_BF16_K1_R1024,r1024,1,1,0.0009523059125058353,6.936097546949423e-07,4231951,4231951,c3187bd2fe457bcedc45f7ea6e3524bf4fbbf92b98eb7e311c3c2680defe2cbb,expert_wires+checkpoint,1,1,1
model.language_model.layers.45.mlp.experts.168.up_proj,routed,TESSERA_E4M3_K1_R1024,r1024,1,0,0.001344979158602655,8.278610052052426e-07,4215563,4215563,45e8cfecf35df9c3773b7e5ddb0a5bd517c99b71101a0fe338c46016defbee76,expert_wires+checkpoint,1,1,1
model.language_model.layers.45.mlp.experts.169.down_proj,routed,TESSERA_BF16_K1_R1024,r1024,1,1,0.0007150250021368265,3.4818826548112033e-07,4235983,4235983,11c7043d67d76d4868e8162dc8e0e08730db7476e8b66757e5bf65cbf4885aa1,expert_wires+checkpoint,1,1,1
model.language_model.layers.45.mlp.experts.169.down_proj,routed,TESSERA_E4M3_K1_R1024,r1024,1,0,0.0010215180227532983,3.6691639120793144e-07,4219595,4219595,641e068aef9cf1018f9e649c357ea1169f01d2d2b326c5b7f86e0bf1bf428ab3,expert_wires+checkpoint,1,1,1
model.language_model.layers.45.mlp.experts.169.gate_proj,routed,TESSERA_BF16_K1_R1024,r1024,1,1,0.0004136600182391703,2.0506388748677494e-07,4231951,4231951,278983f853e00154f46d23e703039c66bace471f3149f850a715520c7f5a4d4d,expert_wires+checkpoint,1,1,1
model.language_model.layers.45.mlp.experts.169.gate_proj,routed,TESSERA_E4M3_K1_R1024,r1024,1,0,0.00066028768196702,2.279754841596329e-07,4215563,4215563,e4665eb11e4ab97cc9d8285c528d67417dcc4661910bb0bf33c81463cbb4dd47,expert_wires+checkpoint,1,1,1
model.language_model.layers.45.mlp.experts.169.up_proj,routed,TESSERA_BF16_K1_R1024,r1024,1,1,0.00048742140643298626,2.9521161236209253e-07,4231951,4231951,356f561e28fe5326794ae066fe12eb4025aca8301f1516980a13fbf7e8a0f0f2,expert_wires+checkpoint,1,1,1
model.language_model.layers.45.mlp.experts.169.up_proj,routed,TESSERA_E4M3_K1_R1024,r1024,1,0,0.0007749020005576313,2.483570961317219e-07,4215563,4215563,33c62d1d31f0dc51fcbd920afa31c583a069bb574c43b914ebecfa9cd1bc2fa3,expert_wires+checkpoint,1,1,1
model.language_model.layers.45.mlp.experts.17.down_proj,routed,TESSERA_BF16_K1_R1024,r1024,1,1,0.00016535933536943048,1.1848691406321497e-06,4235983,4235983,cea577c3911d375f3f9ada3ac77c534d75d676a6155dc0e3d97608a57571d117,expert_wires+checkpoint,1,1,1
model.language_model.layers.45.mlp.experts.17.down_proj,routed,TESSERA_E4M3_K1_R1024,r1024,1,0,0.00019838902517221868,8.271074504489784e-07,4219595,4219595,df271a1f88a586af97d963dd8135c41748e102108cea25a3aa7ca2e38a97d691,expert_wires+checkpoint,1,1,1
model.language_model.layers.45.mlp.experts.17.gate_proj,routed,TESSERA_BF16_K1_R1024,r1024,1,1,0.0008963969885371625,4.520829292484463e-07,4231951,4231951,9ad5601b54132bc109e2a9e53906656828bf98e30bb6ecc39f80a2bfbe75f397,expert_wires+checkpoint,1,1,1
model.language_model.layers.45.mlp.experts.17.gate_proj,routed,TESSERA_E4M3_K1_R1024,r1024,1,0,0.0012281062081456184,6.942985418328213e-07,4215563,4215563,5616f060eb9f9388577af1473c32080e1885435bd83d313da85a776f7a713459,expert_wires+checkpoint,1,1,1
model.language_model.layers.45.mlp.experts.17.up_proj,routed,TESSERA_BF16_K1_R1024,r1024,1,1,0.0009620919590815902,7.519689277523463e-07,4231951,4231951,feef52f30e146111ab1c75700b26aafc187172b89e621af2fb62365394867e8c,expert_wires+checkpoint,1,1,1
model.language_model.layers.45.mlp.experts.17.up_proj,routed,TESSERA_E4M3_K1_R1024,r1024,1,0,0.0013091826112940907,8.464440294672404e-07,4215563,4215563,4c5cce4c32bbdc21c1b665ac0da55fb3ef884bf86fc3a28e5cfae4a1f85aa3ad,expert_wires+checkpoint,1,1,1
model.language_model.layers.45.mlp.experts.170.down_proj,routed,TESSERA_BF16_K1_R1024,r1024,1,1,0.00019442447228357196,4.071904618607698e-08,4235983,4235983,829c05c9a303958d666f279875185a3a6db1ca4f410cf6c7898b3e4e9cf0c4e2,expert_wires+checkpoint,1,1,1
model.language_model.layers.45.mlp.experts.170.down_proj,routed,TESSERA_E4M3_K1_R1024,r1024,1,0,0.00024263598606921732,2.186816448828803e-08,4219595,4219595,28cf11cf1f3b087218dd53f3553cce8a39dfe9bb16b40f39a8ef5b840b53871a,expert_wires+checkpoint,1,1,1
model.language_model.layers.45.mlp.experts.170.gate_proj,routed,TESSERA_BF16_K1_R1024,r1024,1,1,0.0006228391430340707,9.058786171178536e-08,4231951,4231951,09ff656b64a965c4b4504c27899bd6a3d5679d4ea834c57a91e685213189aca7,expert_wires+checkpoint,1,1,1
model.language_model.layers.45.mlp.experts.170.gate_proj,routed,TESSERA_E4M3_K1_R1024,r1024,1,0,0.0009290777379646897,1.9869221947726407e-07,4215563,4215563,9d5962d0b2bbbd5b2cfaf7ca1c6d3f7121b2ca27329229ecaa8a8abd5a7cd406,expert_wires+checkpoint,1,1,1
model.language_model.layers.45.mlp.experts.170.up_proj,routed,TESSERA_BF16_K1_R1024,r1024,1,1,0.0007569848094135523,9.83960230251887e-08,4231951,4231951,a30e1646bae7c00cbbbe6f8eea1c6a4f8df6bfd60f8e561bff5ada7d56405927,expert_wires+checkpoint,1,1,1
model.language_model.layers.45.mlp.experts.170.up_proj,routed,TESSERA_E4M3_K1_R1024,r1024,1,0,0.0011297711171209812,2.534563758650618e-07,4215563,4215563,811a95bf0ccc426dab7c94385a03c04919e74f934e232be544351f0ec0f4da49,expert_wires+checkpoint,1,1,1
model.language_model.layers.45.mlp.experts.171.down_proj,routed,TESSERA_BF16_K1_R1024,r1024,1,1,0.0006500426097773015,5.764045045912196e-07,4235983,4235983,76355f74834f080d386342a3d68b8b41df45fc613f3d186d9b0bcbd261dc3adb,expert_wires+checkpoint,1,1,1
model.language_model.layers.45.mlp.experts.171.down_proj,routed,TESSERA_E4M3_K1_R1024,r1024,1,0,0.0007965230033732951,2.753301935031883e-06,4219595,4219595,328d4e269232b541b9f033b59309f8edbc6e3b3a3c71b837c708ea1b168921cd,expert_wires+checkpoint,1,1,1
model.language_model.layers.45.mlp.experts.171.gate_proj,routed,TESSERA_BF16_K1_R1024,r1024,1,1,0.0009874743409454823,8.235556704330945e-08,4231951,4231951,e97a12017853f6d6e70bdc80337875c5783f6d44207dabb7267e9f903c2c36a5,expert_wires+checkpoint,1,1,1
model.language_model.layers.45.mlp.experts.171.gate_proj,routed,TESSERA_E4M3_K1_R1024,r1024,1,0,0.0013613433111459017,3.13718142598974e-07,4215563,4215563,6f9dd9e7d2e4ed995d9a9e99c17e4837e910cb07831a361eda95352b0d7ab19e,expert_wires+checkpoint,1,1,1
model.language_model.layers.45.mlp.experts.171.up_proj,routed,TESSERA_BF16_K1_R1024,r1024,1,1,0.0010979531798511744,1.8605790756515657e-07,4231951,4231951,c72f6373700a3f87c3b309049f6c593d17854161c48492145cdf8fd41c71ac22,expert_wires+checkpoint,1,1,1
model.language_model.layers.45.mlp.experts.171.up_proj,routed,TESSERA_E4M3_K1_R1024,r1024,1,0,0.0015103777404874563,1.4254974305651384e-06,4215563,4215563,e1e6b0373ff5a70d2c6862049a525658f8835b14c468cbd2845dbe4861c94007,expert_wires+checkpoint,1,1,1
model.language_model.layers.45.mlp.experts.172.down_proj,routed,TESSERA_BF16_K1_R1024,r1024,1,1,0.00014321798516903073,1.0117251551620752e-07,4235983,4235983,aad88a7e22833cf46439d29b2931e7a7ae1da5cb55d2d9213d1b0a88321cc7e0,expert_wires+checkpoint,1,1,1
model.language_model.layers.45.mlp.experts.172.down_proj,routed,TESSERA_E4M3_K1_R1024,r1024,1,0,0.00020204580505378544,4.56218647030433e-08,4219595,4219595,aecde5c27fea05493f910d4ec56c8951e302a78fee8adae921fc20515134d4e7,expert_wires+checkpoint,1,1,1
model.language_model.layers.45.mlp.experts.172.gate_proj,routed,TESSERA_BF16_K1_R1024,r1024,1,1,0.0003003002202603966,4.4972559215908516e-08,4231951,4231951,7b0d380f885098f0e85c93ef7969473ff5b622cbcd8890ca31eb76a0ca965cb6,expert_wires+checkpoint,1,1,1
model.language_model.layers.45.mlp.experts.172.gate_proj,routed,TESSERA_E4M3_K1_R1024,r1024,1,0,0.0005226324428804219,3.7316036792396324e-08,4215563,4215563,93c481487a1ab71cd30023a504c00f6dd42df66aa560d35e7463b050474339e2,expert_wires+checkpoint,1,1,1
model.language_model.layers.45.mlp.experts.172.up_proj,routed,TESSERA_BF16_K1_R1024,r1024,1,1,0.0003646524855867028,3.944588596055247e-08,4231951,4231951,97118db4f04328f26ad2c63419cfab5fe99f2e447b56545fa035f6c3c6a6be02,expert_wires+checkpoint,1,1,1
model.language_model.layers.45.mlp.experts.172.up_proj,routed,TESSERA_E4M3_K1_R1024,r1024,1,0,0.0006281642708927393,1.1857000176555845e-07,4215563,4215563,2e9048ae21600684b8260db21e5ffb8eee41b1fc180b6c60bea29f5223e44b4c,expert_wires+checkpoint,1,1,1
model.language_model.layers.45.mlp.experts.173.down_proj,routed,TESSERA_BF16_K1_R1024,r1024,1,1,0.0002657970180734992,4.31321625085937e-07,4235983,4235983,c6f3ec7a62511733d9d2d84a20c368fc2f1997f3587f30461a6aa94f762ca916,expert_wires+checkpoint,1,1,1
model.language_model.layers.45.mlp.experts.173.down_proj,routed,TESSERA_E4M3_K1_R1024,r1024,1,0,0.0003319560782983899,1.3051377913633665e-06,4219595,4219595,3db2898651a483f6cc08383bdfad9ced05e83a700c91f951cc93fca6d68a621f,expert_wires+checkpoint,1,1,1
model.language_model.layers.45.mlp.experts.173.gate_proj,routed,TESSERA_BF16_K1_R1024,r1024,1,1,0.0007277149125002325,2.441829616800392e-08,4231951,4231951,472b18096d9a032ed03ba7dfda2031e7cca0be06bdc221119e4a9b4d714edfbe,expert_wires+checkpoint,1,1,1
model.language_model.layers.45.mlp.experts.173.gate_proj,routed,TESSERA_E4M3_K1_R1024,r1024,1,0,0.0010426680091768503,2.3283985631771136e-07,4215563,4215563,b14538b24f2d3c7ab50ca40e97c20f7803afeb76aed25eded477c38af29358b3,expert_wires+checkpoint,1,1,1
model.language_model.layers.45.mlp.experts.173.up_proj,routed,TESSERA_BF16_K1_R1024,r1024,1,1,0.0008568651974201202,2.0860689132346813e-07,4231951,4231951,fe019f0dc45734df46902b8f169d18462fc377efe0817d29314063855108c57c,expert_wires+checkpoint,1,1,1
model.language_model.layers.45.mlp.experts.173.up_proj,routed,TESSERA_E4M3_K1_R1024,r1024,1,0,0.0012209267588332295,3.629286502447852e-07,4215563,4215563,1f77e2e55398676f281e89b90f2e6c52d96c93397fdc94f4e8454e771efd2a24,expert_wires+checkpoint,1,1,1
model.language_model.layers.45.mlp.experts.174.down_proj,routed,TESSERA_BF16_K1_R1024,r1024,1,1,0.0001755122357280925,8.097524532683453e-07,4235983,4235983,b909705a5985a3cb3e85d970106975e6e34d9780215495bd5fe4091f79f3b4f9,expert_wires+checkpoint,1,1,1
model.language_model.layers.45.mlp.experts.174.down_proj,routed,TESSERA_E4M3_K1_R1024,r1024,1,0,0.00021437050600070506,3.0452333217808413e-06,4219595,4219595,29428a5aeb7cdd5e43a691415c3c8acf25e33f6ca22ee9a84e55fce6c4747201,expert_wires+checkpoint,1,1,1
model.language_model.layers.45.mlp.experts.174.gate_proj,routed,TESSERA_BF16_K1_R1024,r1024,1,1,0.0008651427342556417,5.151573355094091e-07,4231951,4231951,4d3697acbaef155a1eef09c4012d884d901c3bc399d532af6755afc506d49fbf,expert_wires+checkpoint,1,1,1
model.language_model.layers.45.mlp.experts.174.gate_proj,routed,TESSERA_E4M3_K1_R1024,r1024,1,0,0.0012294421903789043,2.117569690672444e-07,4215563,4215563,09fe5130cedd34f77ba76610ff0df0cd239b30d7667cea650556bbab4bde889f,expert_wires+checkpoint,1,1,1
model.language_model.layers.45.mlp.experts.174.up_proj,routed,TESSERA_BF16_K1_R1024,r1024,1,1,0.0009033611277118325,2.2222234399350412e-07,4231951,4231951,2b98c4adb70a0fd6da33bf534fa67d77587c7d154889e56f5982c493cb26bdc5,expert_wires+checkpoint,1,1,1
model.language_model.layers.45.mlp.experts.174.up_proj,routed,TESSERA_E4M3_K1_R1024,r1024,1,0,0.001260064193047583,4.77158354121926e-07,4215563,4215563,4a3665eaf5564f144c72a4542062915fb2cbfd6081d382b2bae69b45d826dc7d,expert_wires+checkpoint,1,1,1
model.language_model.layers.45.mlp.experts.175.down_proj,routed,TESSERA_BF16_K1_R1024,r1024,1,1,0.00013905666128266603,3.12929665805239e-07,4235983,4235983,1a51bb1ebcb27f341e78571bd2809880b73e6afda2d59ab15c27f30ddce8e819,expert_wires+checkpoint,1,1,1
model.language_model.layers.45.mlp.experts.175.down_proj,routed,TESSERA_E4M3_K1_R1024,r1024,1,0,0.00017182862211484462,1.8472551125623654e-06,4219595,4219595,ea9b33e30c5616f62987fc634d45f345f48c0243c5446436f8c79bfed22d4e61,expert_wires+checkpoint,1,1,1
model.language_model.layers.45.mlp.experts.175.gate_proj,routed,TESSERA_BF16_K1_R1024,r1024,1,1,0.0006991027621552348,2.567138635030673e-07,4231951,4231951,a0ef8792ab934012bc4fe1676e2c9e4f59f7af23ecc365b9435eee4ef91a06c7,expert_wires+checkpoint,1,1,1
model.language_model.layers.45.mlp.experts.175.gate_proj,routed,TESSERA_E4M3_K1_R1024,r1024,1,0,0.001021109288558364,8.718771455109508e-07,4215563,4215563,31a4179eb527343a09931b303147287f15db85aca2ee7340d219e9ee58dd5a1d,expert_wires+checkpoint,1,1,1
model.language_model.layers.45.mlp.experts.175.up_proj,routed,TESSERA_BF16_K1_R1024,r1024,1,1,0.0007607318693771958,5.91031620936493e-07,4231951,4231951,1bcc3f1b48cb4a23ba8dfb86d41fd16b65a94121c26bcab84b84a8217b0c317e,expert_wires+checkpoint,1,1,1
model.language_model.layers.45.mlp.experts.175.up_proj,routed,TESSERA_E4M3_K1_R1024,r1024,1,0,0.0011087448801845312,5.735592962399761e-07,4215563,4215563,d9a6510ce770371acfe4a1e01536c6460c701d3a5d8c28c5e8dbb223bda61caa,expert_wires+checkpoint,1,1,1
model.language_model.layers.45.mlp.experts.176.down_proj,routed,TESSERA_BF16_K1_R1024,r1024,1,1,0.0001391687401337549,5.7793513128206776e-08,4235983,4235983,3f3c38a89b801806d29ac43064d9d795bbe77c392525be88b657229afe602308,expert_wires+checkpoint,1,1,1
model.language_model.layers.45.mlp.experts.176.down_proj,routed,TESSERA_E4M3_K1_R1024,r1024,1,0,0.00017496974032837898,7.069814527328445e-08,4219595,4219595,ec36c48e10dd4d2fc3556daf44ffbcd78e85d8ebbfdecf2fef104c3ec0ad50e8,expert_wires+checkpoint,1,1,1
model.language_model.layers.45.mlp.experts.176.gate_proj,routed,TESSERA_BF16_K1_R1024,r1024,1,1,0.0006765880389139056,1.6554317204804366e-07,4231951,4231951,04e7fa2d107c09cc4497b39734c45a2ae011abc20e9f4962da88e2bd24012619,expert_wires+checkpoint,1,1,1
model.language_model.layers.45.mlp.experts.176.gate_proj,routed,TESSERA_E4M3_K1_R1024,r1024,1,0,0.0010126340202987194,1.2063191541175526e-07,4215563,4215563,a509d0e9d8454a66e1a156f7f4a6edb10604b1704400fa3d93725a53bd19a16b,expert_wires+checkpoint,1,1,1
model.language_model.layers.45.mlp.experts.176.up_proj,routed,TESSERA_BF16_K1_R1024,r1024,1,1,0.0007124419789761305,4.2573670533323617e-08,4231951,4231951,2012ca99c8ea20549ec0744c6b14b358231cab32cf1e57088e3e5af9692ca496,expert_wires+checkpoint,1,1,1
model.language_model.layers.45.mlp.experts.176.up_proj,routed,TESSERA_E4M3_K1_R1024,r1024,1,0,0.0010619654785841703,2.4159637419979275e-07,4215563,4215563,43b3eb1c5127ca7aa65b0e389fe3087600f02030a9aa10c46c5f7fc2ddc0e28b,expert_wires+checkpoint,1,1,1
model.language_model.layers.45.mlp.experts.177.down_proj,routed,TESSERA_BF16_K1_R1024,r1024,1,1,0.00010220293188467622,1.0791860262534038e-06,4235983,4235983,f826ef7501b58dae4eb6938a8c82e583f5d353666c43d5954b59c28cf8c9ca2c,expert_wires+checkpoint,1,1,1
model.language_model.layers.45.mlp.experts.177.down_proj,routed,TESSERA_E4M3_K1_R1024,r1024,1,0,0.0001403590722475201,1.08761833758904e-06,4219595,4219595,dabf75b6976dbba58b134d92aa4cef7190666960686b1f544d08a35a49fc1ac9,expert_wires+checkpoint,1,1,1
model.language_model.layers.45.mlp.experts.177.gate_proj,routed,TESSERA_BF16_K1_R1024,r1024,1,1,0.0005849705776199698,1.3407572133733019e-06,4231951,4231951,e624a8197bb4fbe6ce5626c735801302e6b94baca49bb07c5e4202e9ac291629,expert_wires+checkpoint,1,1,1
model.language_model.layers.45.mlp.experts.177.gate_proj,routed,TESSERA_E4M3_K1_R1024,r1024,1,0,0.0008470931788906455,2.0368600858826466e-07,4215563,4215563,72a71c763e71701a3458f5782b7ed44356a61ea212e048fc615a03ccfe60b205,expert_wires+checkpoint,1,1,1
model.language_model.layers.45.mlp.experts.177.up_proj,routed,TESSERA_BF16_K1_R1024,r1024,1,1,0.0005278681637719274,7.582628902987128e-07,4231951,4231951,adc7715e5c802ca32f2df26d10c82736782118df7f3f4c11cc3eb9b78993373d,expert_wires+checkpoint,1,1,1
model.language_model.layers.45.mlp.experts.177.up_proj,routed,TESSERA_E4M3_K1_R1024,r1024,1,0,0.0007531056180596352,7.076103790588795e-07,4215563,4215563,d33e952f9439cc92eda0e550eadfce576388331eb12872dbecba170a71f34730,expert_wires+checkpoint,1,1,1
model.language_model.layers.45.mlp.experts.178.down_proj,routed,TESSERA_BF16_K1_R1024,r1024,1,1,0.000205826829187572,3.3948536406780694e-07,4235983,4235983,0998b0844df719ff2a4784e9f32fa175f4d045e3c23e2408ec13ebdc66be8408,expert_wires+checkpoint,1,1,1
model.language_model.layers.45.mlp.experts.178.down_proj,routed,TESSERA_E4M3_K1_R1024,r1024,1,0,0.00025536969769746065,1.0041215125240673e-07,4219595,4219595,1c5395ff487dd594837ec84e113af8eb31967876f80ce7f497442ede03505e44,expert_wires+checkpoint,1,1,1
model.language_model.layers.45.mlp.experts.178.gate_proj,routed,TESSERA_BF16_K1_R1024,r1024,1,1,0.0007274353411048651,7.246126753653679e-08,4231951,4231951,38bade7c57ec6efd2040c98343b82c8e2cf84464799b21ee1c6c6baf26258fa9,expert_wires+checkpoint,1,1,1
model.language_model.layers.45.mlp.experts.178.gate_proj,routed,TESSERA_E4M3_K1_R1024,r1024,1,0,0.0010669883340597153,5.826207511703629e-08,4215563,4215563,1b6c82c668fb0a4921e772b9aa93f384640f462600a083d90dffc94cf59699a4,expert_wires+checkpoint,1,1,1
model.language_model.layers.45.mlp.experts.178.up_proj,routed,TESSERA_BF16_K1_R1024,r1024,1,1,0.0007964496035128832,1.476827649148118e-07,4231951,4231951,69bf8059cd38d33068a4114c9f420d2407c4efe9e9d31142144a6ec48f98eb49,expert_wires+checkpoint,1,1,1
model.language_model.layers.45.mlp.experts.178.up_proj,routed,TESSERA_E4M3_K1_R1024,r1024,1,0,0.001159400213509798,3.4510102553995857e-07,4215563,4215563,35e1ed186d9b53adec9ad3a81968253c4f33c3c77bb820944b7a038069d01975,expert_wires+checkpoint,1,1,1
model.language_model.layers.45.mlp.experts.179.down_proj,routed,TESSERA_BF16_K1_R1024,r1024,1,1,7.861082849558443e-05,3.6938345539064215e-07,4235983,4235983,9f7064a4200303df70e6908f57bc86eea90727208367c038aaeb49023727564e,expert_wires+checkpoint,1,1,1
model.language_model.layers.45.mlp.experts.179.down_proj,routed,TESSERA_E4M3_K1_R1024,r1024,1,0,9.820245031733066e-05,7.454303471169952e-07,4219595,4219595,4bafe0fa2be217a840beeffd2b4d87654d9ac05330706c0fce7001eb542ccea8,expert_wires+checkpoint,1,1,1
model.language_model.layers.45.mlp.experts.179.gate_proj,routed,TESSERA_BF16_K1_R1024,r1024,1,1,0.0007445479859597981,5.302847032855751e-07,4231951,4231951,49ee2b5552c8d3ec0722bf94ee44bbaab2a5290b48ae96b588ecd70f81d2b865,expert_wires+checkpoint,1,1,1
model.language_model.layers.45.mlp.experts.179.gate_proj,routed,TESSERA_E4M3_K1_R1024,r1024,1,0,0.0010499341879040003,2.7097233501292657e-07,4215563,4215563,1adb5ff791e2b15f2bfc57277fc2f5cfceac10d1660a39c7c830b5d3fb1e6aa8,expert_wires+checkpoint,1,1,1
model.language_model.layers.45.mlp.experts.179.up_proj,routed,TESSERA_BF16_K1_R1024,r1024,1,1,0.0007770307129248977,1.0195608288658666e-08,4231951,4231951,d166f74bbfa524884fb1f236e50fba32ddcdf5f5dbd869a6d42028282b467fdb,expert_wires+checkpoint,1,1,1
model.language_model.layers.45.mlp.experts.179.up_proj,routed,TESSERA_E4M3_K1_R1024,r1024,1,0,0.0010876372689381242,5.929043794174821e-07,4215563,4215563,bc749b6c587b975bd4b24372ebbf822817c8415fa13bae99df286fc213c08cee,expert_wires+checkpoint,1,1,1
model.language_model.layers.45.mlp.experts.18.down_proj,routed,TESSERA_BF16_K1_R1024,r1024,1,1,0.0001671921054366976,1.901587015168478e-06,4235983,4235983,a861afcfaa282bc2acfd52463b325582137b3ed0c6b1ee7afd9080b289b5a9be,expert_wires+checkpoint,1,1,1
model.language_model.layers.45.mlp.experts.18.down_proj,routed,TESSERA_E4M3_K1_R1024,r1024,1,0,0.00019920937484130263,2.2560387455951655e-06,4219595,4219595,509b5ac291c484d6261f7f52d7110eed3999ca678beda9f0bc5d5c7f11464559,expert_wires+checkpoint,1,1,1
model.language_model.layers.45.mlp.experts.18.gate_proj,routed,TESSERA_BF16_K1_R1024,r1024,1,1,0.0008352909935638309,1.4744411009116953e-06,4231951,4231951,77ccf817068b77ed1cf8ea03b11517567d3fd8ce61a2111f38c9a380c89fe814,expert_wires+checkpoint,1,1,1
model.language_model.layers.45.mlp.experts.18.gate_proj,routed,TESSERA_E4M3_K1_R1024,r1024,1,0,0.0011465598363429308,1.546689991832998e-06,4215563,4215563,e402399e0d416979db0934dc18aed31d1a1ffef25f77c959be22b01f4cb7110c,expert_wires+checkpoint,1,1,1
model.language_model.layers.45.mlp.experts.18.up_proj,routed,TESSERA_BF16_K1_R1024,r1024,1,1,0.0009946100180968642,5.520476773157591e-07,4231951,4231951,6fb4467b8aec1ef7e8549b8cf424cf395c567f46476d8a415f0540346447ee70,expert_wires+checkpoint,1,1,1
model.language_model.layers.45.mlp.experts.18.up_proj,routed,TESSERA_E4M3_K1_R1024,r1024,1,0,0.0013614922063425183,2.1295382149586246e-07,4215563,4215563,4f856bb57f10e4ca1cb58ca0069c34071e27d26343d4725698c7697f16d45f2f,expert_wires+checkpoint,1,1,1
model.language_model.layers.45.mlp.experts.180.down_proj,routed,TESSERA_BF16_K1_R1024,r1024,1,1,0.00041086110286414623,6.857214121839775e-07,4235983,4235983,dd82bd1ecb6d3dacefc9ed74e5567e84c314819806e8da6e0559d986c4a34e69,expert_wires+checkpoint,1,1,1
model.language_model.layers.45.mlp.experts.180.down_proj,routed,TESSERA_E4M3_K1_R1024,r1024,1,0,0.0004942637169733644,1.0071101443938113e-06,4219595,4219595,63e0bc48aaf285a9c7bcfe43243e51f93423098a23c81a9d98f14e1cf377e840,expert_wires+checkpoint,1,1,1
model.language_model.layers.45.mlp.experts.180.gate_proj,routed,TESSERA_BF16_K1_R1024,r1024,1,1,0.0009336172370240092,2.3962002550515807e-07,4231951,4231951,26194fbfdfe8c56c88373b9d4da70bf8647acf783949d34e351321a4fc25ea6f,expert_wires+checkpoint,1,1,1
model.language_model.layers.45.mlp.experts.180.gate_proj,routed,TESSERA_E4M3_K1_R1024,r1024,1,0,0.0012794071808457375,9.390066206499768e-07,4215563,4215563,55f5015539a88f52133819a903e23cb3b55fee1164f717a05b57cbe399db33a0,expert_wires+checkpoint,1,1,1
model.language_model.layers.45.mlp.experts.180.up_proj,routed,TESSERA_BF16_K1_R1024,r1024,1,1,0.0010586727876216173,6.799551881983585e-07,4231951,4231951,9ed15a30ccc1cafcc2018fe9e937522b19151c51035938ca8170c20dccdf415a,expert_wires+checkpoint,1,1,1
model.language_model.layers.45.mlp.experts.180.up_proj,routed,TESSERA_E4M3_K1_R1024,r1024,1,0,0.001446568756364286,8.696213031439884e-07,4215563,4215563,2ca07490db206f3d783dbb4b59f9c07a47731f60891a26594c7caaed788b6e4a,expert_wires+checkpoint,1,1,1
model.language_model.layers.45.mlp.experts.181.down_proj,routed,TESSERA_BF16_K1_R1024,r1024,1,1,0.00021271128207445145,1.5230881930278023e-06,4235983,4235983,d90cb482695df74cee1be1a1a6441632003e081261f6613f3cda84a39cbc2fb5,expert_wires+checkpoint,1,1,1
model.language_model.layers.45.mlp.experts.181.down_proj,routed,TESSERA_E4M3_K1_R1024,r1024,1,0,0.0002764577802736312,6.868200299915245e-07,4219595,4219595,f8e8277222143d889b1aa8383c236efe0e3dea625204c6ce0f7f8bd16bee2479,expert_wires+checkpoint,1,1,1
model.language_model.layers.45.mlp.experts.181.gate_proj,routed,TESSERA_BF16_K1_R1024,r1024,1,1,0.0005563212907873094,9.136699209933367e-07,4231951,4231951,d03f8559a8e79c600d9a6b49d22edb1ed3a754ec5c8fd707535953a6c83e23be,expert_wires+checkpoint,1,1,1
model.language_model.layers.45.mlp.experts.181.gate_proj,routed,TESSERA_E4M3_K1_R1024,r1024,1,0,0.0008813713793642819,3.936742580808876e-07,4215563,4215563,f7ae50fe58db9766bf3397dc851d438b38fffa582b05d6c69f14bad8d1f23a04,expert_wires+checkpoint,1,1,1
model.language_model.layers.45.mlp.experts.181.up_proj,routed,TESSERA_BF16_K1_R1024,r1024,1,1,0.0006265456322580576,5.046871624636607e-07,4231951,4231951,3f5d6eb7c00e0b5606bbdb65372366c79d74c8ef4d3b512b0389cb2dae4582e4,expert_wires+checkpoint,1,1,1
model.language_model.layers.45.mlp.experts.181.up_proj,routed,TESSERA_E4M3_K1_R1024,r1024,1,0,0.000987376319244504,2.312684314760209e-07,4215563,4215563,2a7b832e9e9c8eee0ea472ea7739666e96005b730ea906d1c958ad2afeeb7ba2,expert_wires+checkpoint,1,1,1
model.language_model.layers.45.mlp.experts.182.down_proj,routed,TESSERA_BF16_K1_R1024,r1024,1,1,0.00028632546309381723,6.009012191544703e-07,4235983,4235983,08bdd53c623d6e04e6ab5c92fdd8646d36740a5497d1f48298947eb74e66e9fc,expert_wires+checkpoint,1,1,1
model.language_model.layers.45.mlp.experts.182.down_proj,routed,TESSERA_E4M3_K1_R1024,r1024,1,0,0.0003351194900460541,5.780912625344726e-07,4219595,4219595,a7979ee9656e8e731c2755b16633773db48ad88e853b91c9239ed474e7e10fcb,expert_wires+checkpoint,1,1,1
model.language_model.layers.45.mlp.experts.182.gate_proj,routed,TESSERA_BF16_K1_R1024,r1024,1,1,0.0010612907353788614,1.5356518627274383e-06,4231951,4231951,47d48736c95271e62e84bdde02694b4704be2e671e9e06df4da09a402f1e3321,expert_wires+checkpoint,1,1,1
model.language_model.layers.45.mlp.experts.182.gate_proj,routed,TESSERA_E4M3_K1_R1024,r1024,1,0,0.0014281143667176366,2.0409926317598488e-06,4215563,4215563,2ac2b575ac65c5636b4369b4e4512ce206475389f65ab3f963717e3e69b5bcc1,expert_wires+checkpoint,1,1,1
model.language_model.layers.45.mlp.experts.182.up_proj,routed,TESSERA_BF16_K1_R1024,r1024,1,1,0.0011668181978166103,2.5754350239846517e-07,4231951,4231951,5ae8d30ee94ef977d742ff723a06c31c7e379f8c866d595a856fd28a6c0dd83c,expert_wires+checkpoint,1,1,1
model.language_model.layers.45.mlp.experts.182.up_proj,routed,TESSERA_E4M3_K1_R1024,r1024,1,0,0.0015753384213894606,5.502523330415293e-07,4215563,4215563,3309c7a096b27c23fe51171654c64ddc6f8ca2a43be21ac861abbf7a868627af,expert_wires+checkpoint,1,1,1
model.language_model.layers.45.mlp.experts.183.down_proj,routed,TESSERA_BF16_K1_R1024,r1024,1,1,0.00012675872130785137,5.640119236293948e-07,4235983,4235983,b9696367c2fc3a4f6767a6d658da2c0689d07e8f18b9a723cca85d5f8e99817a,expert_wires+checkpoint,1,1,1
model.language_model.layers.45.mlp.experts.183.down_proj,routed,TESSERA_E4M3_K1_R1024,r1024,1,0,0.00017687315994407982,5.151837833267088e-07,4219595,4219595,b06e12549dcb1ce36c4cd18bc01b0d8ae709cf529f9b304d277cde81d0c00b2e,expert_wires+checkpoint,1,1,1
model.language_model.layers.45.mlp.experts.183.gate_proj,routed,TESSERA_BF16_K1_R1024,r1024,1,1,0.00043842894956469536,2.4458129109980013e-08,4231951,4231951,bc2c4fd1cc72af4b1dff3265ec424205e1b054162e7c610662b9dc9b0d17fd70,expert_wires+checkpoint,1,1,1
model.language_model.layers.45.mlp.experts.183.gate_proj,routed,TESSERA_E4M3_K1_R1024,r1024,1,0,0.0007398773450404406,1.66195364224087e-07,4215563,4215563,f1ac21c4539c6ab31c125c5f47774a09ff4ba3ac9c8bc16fc10a2361be2ea3c5,expert_wires+checkpoint,1,1,1
model.language_model.layers.45.mlp.experts.183.up_proj,routed,TESSERA_BF16_K1_R1024,r1024,1,1,0.0005232573603279889,3.160651234009645e-07,4231951,4231951,6c51e23e3fccb635109b1a80bcc009eed1f7fa6d75494bfbe2ae583c8474abf3,expert_wires+checkpoint,1,1,1
model.language_model.layers.45.mlp.experts.183.up_proj,routed,TESSERA_E4M3_K1_R1024,r1024,1,0,0.0008809029823169112,1.2020022475294484e-07,4215563,4215563,e0d434f37607aeb9409edf146d4798c81af33f3e3da88d078038af4a15fff427,expert_wires+checkpoint,1,1,1
model.language_model.layers.45.mlp.experts.184.down_proj,routed,TESSERA_BF16_K1_R1024,r1024,1,1,0.0001216323726112023,2.6363025930297995e-07,4235983,4235983,711679952082d48652aeaf65b0bda62253a4d46cc8ce2ae05e4b3402c9fdfd6d,expert_wires+checkpoint,1,1,1
model.language_model.layers.45.mlp.experts.184.down_proj,routed,TESSERA_E4M3_K1_R1024,r1024,1,0,0.00014752101560588926,1.2148751111535406e-06,4219595,4219595,380496a738113b4181792209db663ed3537da7d862ea8cfef45fb92ea6a5b682,expert_wires+checkpoint,1,1,1
model.language_model.layers.45.mlp.experts.184.gate_proj,routed,TESSERA_BF16_K1_R1024,r1024,1,1,0.0008091566851362586,7.084347810358611e-07,4231951,4231951,8300f07e36657e7ce2ad072df4ef7b80deb4dcd24b30e844988197590441abb5,expert_wires+checkpoint,1,1,1
model.language_model.layers.45.mlp.experts.184.gate_proj,routed,TESSERA_E4M3_K1_R1024,r1024,1,0,0.0011533277574926615,3.8160095241326826e-07,4215563,4215563,6b98b60e3ba678c588a534b14bccff25e6b8d329cc57009f05a82f2c8baf794a,expert_wires+checkpoint,1,1,1
model.language_model.layers.45.mlp.experts.184.up_proj,routed,TESSERA_BF16_K1_R1024,r1024,1,1,0.0008807752165012062,3.6433105845596626e-07,4231951,4231951,b5ab55b392a6b6fb8167dcc7cc1075c54c76c3fc7dfb90f687509e0e63484df9,expert_wires+checkpoint,1,1,1
model.language_model.layers.45.mlp.experts.184.up_proj,routed,TESSERA_E4M3_K1_R1024,r1024,1,0,0.0012451622169464827,3.299338577507209e-07,4215563,4215563,e61a4fcbb4f0cd8492aeb3e90aad57c73dba8ffd9c0c8ec73b12224fe197b79c,expert_wires+checkpoint,1,1,1
model.language_model.layers.45.mlp.experts.185.down_proj,routed,TESSERA_BF16_K1_R1024,r1024,1,1,0.00014239027223084122,1.5043326542200568e-06,4235983,4235983,23c6706072f853222fd705cdf492b7e9a61c1a44b6c3e5e408433e9ce9c1c63f,expert_wires+checkpoint,1,1,1
model.language_model.layers.45.mlp.experts.185.down_proj,routed,TESSERA_E4M3_K1_R1024,r1024,1,0,0.00017252270481549203,1.7761809028280793e-06,4219595,4219595,51ebf44f8ca84335cb52dd8e6a31715ba17757bf9084dfcabfd5eb22ce30a778,expert_wires+checkpoint,1,1,1
model.language_model.layers.45.mlp.experts.185.gate_proj,routed,TESSERA_BF16_K1_R1024,r1024,1,1,0.0007864530780352652,2.0559864453687864e-07,4231951,4231951,d7d85db9a58ef0cdbcd68796e3c4f7b1dc2e7b4912603bc3d32580c57cb3ee33,expert_wires+checkpoint,1,1,1
model.language_model.layers.45.mlp.experts.185.gate_proj,routed,TESSERA_E4M3_K1_R1024,r1024,1,0,0.001117963925935328,1.5788605316634505e-06,4215563,4215563,6da1db981108d913c837ff995eca31f07e28e75b513fdc4deca73cd386d8348c,expert_wires+checkpoint,1,1,1
model.language_model.layers.45.mlp.experts.185.up_proj,routed,TESSERA_BF16_K1_R1024,r1024,1,1,0.0008893280173651874,3.613475588534183e-07,4231951,4231951,4b7d705dd2853ce954037ba93001fcf8a49816235a805146c3343d4f80ed6cbf,expert_wires+checkpoint,1,1,1
model.language_model.layers.45.mlp.experts.185.up_proj,routed,TESSERA_E4M3_K1_R1024,r1024,1,0,0.0012566221412271261,7.215246564852113e-07,4215563,4215563,b7213a4c39f22045fae722ca13d2af946c202c0ae1907f57c39704ad9592c30b,expert_wires+checkpoint,1,1,1
model.language_model.layers.45.mlp.experts.186.down_proj,routed,TESSERA_BF16_K1_R1024,r1024,1,1,0.0002387065178481862,3.3809300522163054e-07,4235983,4235983,1f5fe1ce07f366a7c0267a3efcd36044650f7213d0125113b6bc70783d400e56,expert_wires+checkpoint,1,1,1
model.language_model.layers.45.mlp.experts.186.down_proj,routed,TESSERA_E4M3_K1_R1024,r1024,1,0,0.00030900456476956606,1.497565506076577e-07,4219595,4219595,72cda69232ac24d451367acb3c7b199bf401112de5bc9baaa40639a9212cd1b9,expert_wires+checkpoint,1,1,1
model.language_model.layers.45.mlp.experts.186.gate_proj,routed,TESSERA_BF16_K1_R1024,r1024,1,1,0.0005690808175131679,9.8897697464043e-08,4231951,4231951,c9d1cfe2b5f3864e68e0721b64b979d1f096985d2f6dd55befe252b5fe102a25,expert_wires+checkpoint,1,1,1
model.language_model.layers.45.mlp.experts.186.gate_proj,routed,TESSERA_E4M3_K1_R1024,r1024,1,0,0.0008993002120405436,1.360910102686266e-07,4215563,4215563,bf6d71acf39d8feb394676a4fbd8e38be0c98a22cfb39e3266f09bf3f7c6555a,expert_wires+checkpoint,1,1,1
model.language_model.layers.45.mlp.experts.186.up_proj,routed,TESSERA_BF16_K1_R1024,r1024,1,1,0.0006214645691215992,1.603125162832788e-08,4231951,4231951,e1929d55a723bc0bd54b48fed72fa3dc17ed4966f5ed69800bbf805075b58850,expert_wires+checkpoint,1,1,1
model.language_model.layers.45.mlp.experts.186.up_proj,routed,TESSERA_E4M3_K1_R1024,r1024,1,0,0.0009765466675162315,5.999834225219988e-08,4215563,4215563,32681d673277a18ccb192e4a71c102e662c1c2902c1724a489923d0d2960a178,expert_wires+checkpoint,1,1,1
model.language_model.layers.45.mlp.experts.187.down_proj,routed,TESSERA_BF16_K1_R1024,r1024,1,1,0.00014239588927011937,1.9663794841031034e-07,4235983,4235983,86876f190019cd5387f088dbeef19911ab1a8e0a417dba2d1283cc003ff1cf39,expert_wires+checkpoint,1,1,1
model.language_model.layers.45.mlp.experts.187.down_proj,routed,TESSERA_E4M3_K1_R1024,r1024,1,0,0.00017025975103024393,1.933717544654097e-06,4219595,4219595,430263d8b7369973574f7e14fef6cd32343ef0a6837deb7e233de34989f03be6,expert_wires+checkpoint,1,1,1
model.language_model.layers.45.mlp.experts.187.gate_proj,routed,TESSERA_BF16_K1_R1024,r1024,1,1,0.000768497004173696,3.363360385360391e-07,4231951,4231951,115cdc77bd49855177c2aca0e2d88aba7da51147fad73db147511ced1a775ec2,expert_wires+checkpoint,1,1,1
model.language_model.layers.45.mlp.experts.187.gate_proj,routed,TESSERA_E4M3_K1_R1024,r1024,1,0,0.001081102411262691,3.5164501251341204e-07,4215563,4215563,69b587ca4dc6c3d765eec756a9f67eb257c60d3c6bcdc7e6da1af5431783d9a4,expert_wires+checkpoint,1,1,1
model.language_model.layers.45.mlp.experts.187.up_proj,routed,TESSERA_BF16_K1_R1024,r1024,1,1,0.0008444617851637304,1.0450342097562074e-07,4231951,4231951,fa211626b3df4c10d50681e8405cc6211e29a0ff7a2100b9f3a3022cba5d2354,expert_wires+checkpoint,1,1,1
model.language_model.layers.45.mlp.experts.187.up_proj,routed,TESSERA_E4M3_K1_R1024,r1024,1,0,0.001181851141154766,8.354279239578412e-07,4215563,4215563,0988656835b17c018868f6e3232d524c49e7d41b29f1abb511c456fc87ab5e88,expert_wires+checkpoint,1,1,1
model.language_model.layers.45.mlp.experts.188.down_proj,routed,TESSERA_BF16_K1_R1024,r1024,1,1,0.00024400139227509499,4.071566136543768e-06,4235983,4235983,d8efb3c534fd958a6fdc03dbbdfd39d901b6ee3f7709ffb0aa5241b6f23d9311,expert_wires+checkpoint,1,1,1
model.language_model.layers.45.mlp.experts.188.down_proj,routed,TESSERA_E4M3_K1_R1024,r1024,1,0,0.00032150791957974434,5.0165175089748635e-06,4219595,4219595,e293cac4e16f3516a7729ce6e57ba2ff207282e819ff0c86bea30ccec6b23aea,expert_wires+checkpoint,1,1,1
model.language_model.layers.45.mlp.experts.188.gate_proj,routed,TESSERA_BF16_K1_R1024,r1024,1,1,0.0012724248226732016,1.357341521552887e-06,4231951,4231951,16d4a8ca4f265acf8158e4122626701e4012cbc097b1612b6a6d59b2b5353b31,expert_wires+checkpoint,1,1,1
model.language_model.layers.45.mlp.experts.188.gate_proj,routed,TESSERA_E4M3_K1_R1024,r1024,1,0,0.00172211485914886,2.927401873880412e-06,4215563,4215563,be400ac36814308d65e8d696e7042fc6d5d73be19768c655245747cc1ea2fc10,expert_wires+checkpoint,1,1,1
model.language_model.layers.45.mlp.experts.188.up_proj,routed,TESSERA_BF16_K1_R1024,r1024,1,1,0.0012722904793918133,1.7378247109418623e-06,4231951,4231951,0aa917ec07c93eaf9074970540d27ef585a6b5a38f6c0b070027e8eec9178e8d,expert_wires+checkpoint,1,1,1
model.language_model.layers.45.mlp.experts.188.up_proj,routed,TESSERA_E4M3_K1_R1024,r1024,1,0,0.0017092506168410182,1.3934366493502464e-06,4215563,4215563,e8dc8aaa06cc883265beaab8492832b19856dbff6aa5eb7f336716edd354a922,expert_wires+checkpoint,1,1,1
model.language_model.layers.45.mlp.experts.189.down_proj,routed,TESSERA_BF16_K1_R1024,r1024,1,1,0.00021716936316806823,4.749264156529054e-07,4235983,4235983,fb750d45a8845890bd4395244e730acb0e8afb06ac9e6528cc23d47052bee2a7,expert_wires+checkpoint,1,1,1
model.language_model.layers.45.mlp.experts.189.down_proj,routed,TESSERA_E4M3_K1_R1024,r1024,1,0,0.00027308642165735364,7.55623511266751e-07,4219595,4219595,06d8357e0c10e12af138650b69728fca70b73b11537316172f8e7bbcb0d8f45c,expert_wires+checkpoint,1,1,1
model.language_model.layers.45.mlp.experts.189.gate_proj,routed,TESSERA_BF16_K1_R1024,r1024,1,1,0.0007209789473563433,2.6450939839282325e-07,4231951,4231951,ee3eec3545b6608c9bec99de072c0ae22d607d1a347da9926ded2583bf3efc43,expert_wires+checkpoint,1,1,1
model.language_model.layers.45.mlp.experts.189.gate_proj,routed,TESSERA_E4M3_K1_R1024,r1024,1,0,0.0011166536714881659,4.279575669371772e-07,4215563,4215563,082a2ebc3ca4ff72e02937c1ea8c3834fdb20fe9de37cb4a5ae35b05fb72c3ca,expert_wires+checkpoint,1,1,1
model.language_model.layers.45.mlp.experts.189.up_proj,routed,TESSERA_BF16_K1_R1024,r1024,1,1,0.0007551838061772287,3.5604958656172615e-07,4231951,4231951,4f35f4685dab821241ab98aacaa9cca1c75cc8f3c9cc7a3e44b083e803047bc3,expert_wires+checkpoint,1,1,1
model.language_model.layers.45.mlp.experts.189.up_proj,routed,TESSERA_E4M3_K1_R1024,r1024,1,0,0.0011580223217606544,1.1988439242687793e-07,4215563,4215563,29bc3b86c25a0114f760a621401c3e940d4055391e2c78147ae8102d03b56caf,expert_wires+checkpoint,1,1,1
model.language_model.layers.45.mlp.experts.19.down_proj,routed,TESSERA_BF16_K1_R1024,r1024,1,1,0.00011604798055486754,7.999052287887899e-07,4235983,4235983,b53a50293f872d05af2166d295d13d562f3a085eb9ac4e5626297c191099d725,expert_wires+checkpoint,1,1,1
model.language_model.layers.45.mlp.experts.19.down_proj,routed,TESSERA_E4M3_K1_R1024,r1024,1,0,0.00015249295393005013,6.882989633677062e-07,4219595,4219595,92199a4afe91f5f9b8f7d90989e261b1fdc39c269ebcb0d5e147bb8de1b3d5fd,expert_wires+checkpoint,1,1,1
model.language_model.layers.45.mlp.experts.19.gate_proj,routed,TESSERA_BF16_K1_R1024,r1024,1,1,0.000510895624756813,8.660426517503709e-08,4231951,4231951,a7c481ee9eb15e1e40c40a76fea364b4d1b2b9f5672a8c0df01b62f15a9d5c3d,expert_wires+checkpoint,1,1,1
model.language_model.layers.45.mlp.experts.19.gate_proj,routed,TESSERA_E4M3_K1_R1024,r1024,1,0,0.0007674910011701286,4.968175225591312e-07,4215563,4215563,1e666a05e819740fc12232963a29c5f4d8b8c032dab2f1b46e9ce468bae77863,expert_wires+checkpoint,1,1,1
model.language_model.layers.45.mlp.experts.19.up_proj,routed,TESSERA_BF16_K1_R1024,r1024,1,1,0.0005238974699750543,1.7764194667143932e-07,4231951,4231951,4cd79882df723e6238b39a1ccc90445bdda9c98df6bbde819a6f5f6cf8b39f3f,expert_wires+checkpoint,1,1,1
model.language_model.layers.45.mlp.experts.19.up_proj,routed,TESSERA_E4M3_K1_R1024,r1024,1,0,0.0007801566389389336,2.7335970376639344e-07,4215563,4215563,b2d2256dc05a9b6f8f8e7adb4f0a55149a4821fb77ddfe5104d3715282523bfa,expert_wires+checkpoint,1,1,1
model.language_model.layers.45.mlp.experts.190.down_proj,routed,TESSERA_BF16_K1_R1024,r1024,1,1,0.00013650573964696378,1.9567859227620933e-07,4235983,4235983,14313869387705de33425e363afc2f77b8dcdf886fa3c69ae7e1157781d6c6f3,expert_wires+checkpoint,1,1,1
model.language_model.layers.45.mlp.experts.190.down_proj,routed,TESSERA_E4M3_K1_R1024,r1024,1,0,0.00017401880177203566,1.1534253522188018e-06,4219595,4219595,55803d55342556975588a433bc05cb37d08490413ad87768e0df2f66bb1ab63e,expert_wires+checkpoint,1,1,1
model.language_model.layers.45.mlp.experts.190.gate_proj,routed,TESSERA_BF16_K1_R1024,r1024,1,1,0.0005090369377285242,1.8678397786381432e-07,4231951,4231951,59288ecaf2804faa39c3449da4bf9c2271b90905fae13d5a8cb5286242121bee,expert_wires+checkpoint,1,1,1
model.language_model.layers.45.mlp.experts.190.gate_proj,routed,TESSERA_E4M3_K1_R1024,r1024,1,0,0.0007717718253843486,1.4323600448275985e-07,4215563,4215563,bff49d99d5b31405156b893b62b373cb78aaf1f3e94c832fd5375d1797fedb0d,expert_wires+checkpoint,1,1,1
model.language_model.layers.45.mlp.experts.190.up_proj,routed,TESSERA_BF16_K1_R1024,r1024,1,1,0.0005694652791135013,2.3529465675962358e-07,4231951,4231951,980528183a5ae73bdc0bcf75e74053bbaf0a59b97ca27c00c42b50ff167ce1e4,expert_wires+checkpoint,1,1,1
model.language_model.layers.45.mlp.experts.190.up_proj,routed,TESSERA_E4M3_K1_R1024,r1024,1,0,0.0008681854233145714,5.307071540080919e-07,4215563,4215563,8e0753d472ec9d08b446eb4b5056963d5dc048f3a1b18f70f2a9420120b6126e,expert_wires+checkpoint,1,1,1
model.language_model.layers.45.mlp.experts.191.down_proj,routed,TESSERA_BF16_K1_R1024,r1024,1,1,0.00022244294814299792,7.362472457517502e-07,4235983,4235983,96184a5a5113681f8b7eac8efb26fe29886303fa93b0f5a5c9e8f175bbd9f3ae,expert_wires+checkpoint,1,1,1
model.language_model.layers.45.mlp.experts.191.down_proj,routed,TESSERA_E4M3_K1_R1024,r1024,1,0,0.00032287288922816515,2.8245552355366014e-07,4219595,4219595,bf29f0144a236f862b5a0116847761f673ec7f49790dd2e50094836181bda711,expert_wires+checkpoint,1,1,1
model.language_model.layers.45.mlp.experts.191.gate_proj,routed,TESSERA_BF16_K1_R1024,r1024,1,1,0.0004232616047374904,4.2894029457016804e-07,4231951,4231951,c2610adb41b7374c94ba1d6d3256cf2251df52b1b8c3272c91e4c7738e3d3bce,expert_wires+checkpoint,1,1,1
model.language_model.layers.45.mlp.experts.191.gate_proj,routed,TESSERA_E4M3_K1_R1024,r1024,1,0,0.0007210687035694718,5.761865534714534e-07,4215563,4215563,5598d90ec250af462b339cb37a5ff63b8338330a759d8647220f2039fc2f888a,expert_wires+checkpoint,1,1,1
model.language_model.layers.45.mlp.experts.191.up_proj,routed,TESSERA_BF16_K1_R1024,r1024,1,1,0.00047108769649639726,1.7803830438183384e-07,4231951,4231951,e850ef2ea17218621097ec7a032faa6fe3b775c54883d3cc85dcab788f49ad66,expert_wires+checkpoint,1,1,1
model.language_model.layers.45.mlp.experts.191.up_proj,routed,TESSERA_E4M3_K1_R1024,r1024,1,0,0.0008014786290004849,8.097656464984045e-07,4215563,4215563,5ecf14eab6ef31cd54392c94c727960ca83b26eae3d1d895da671430eff9877d,expert_wires+checkpoint,1,1,1
model.language_model.layers.45.mlp.experts.192.down_proj,routed,TESSERA_BF16_K1_R1024,r1024,1,1,8.912532211979851e-05,7.325464976312631e-08,4235983,4235983,adeb6f22f5dd5cfdb460161f5ab8af229c3574e62810c7e4842d945b18df415c,expert_wires+checkpoint,1,1,1
model.language_model.layers.45.mlp.experts.192.down_proj,routed,TESSERA_E4M3_K1_R1024,r1024,1,0,0.0001132126635638997,6.098667859499202e-07,4219595,4219595,b4fce1150e899dea32214efa94876d778988ecc3f8e7f02bbd59d970eeb36fcc,expert_wires+checkpoint,1,1,1
model.language_model.layers.45.mlp.experts.192.gate_proj,routed,TESSERA_BF16_K1_R1024,r1024,1,1,0.0008695643628016114,1.5084254010757673e-07,4231951,4231951,853b5e437da215136184df99601d8d78774ea7937d3d8ca2fa7d1ad723234005,expert_wires+checkpoint,1,1,1
model.language_model.layers.45.mlp.experts.192.gate_proj,routed,TESSERA_E4M3_K1_R1024,r1024,1,0,0.001183773740194738,6.768862580662248e-08,4215563,4215563,48e8fc64e078257212239bae03978701f62f13883140a768fa5846f7d07baecc,expert_wires+checkpoint,1,1,1
model.language_model.layers.45.mlp.experts.192.up_proj,routed,TESSERA_BF16_K1_R1024,r1024,1,1,0.0009944899939000607,5.313630617329363e-07,4231951,4231951,b119ea6ac85b8d96573526d5378ba294d7d7ebcc686a1f28ceb0f2edebdbc77c,expert_wires+checkpoint,1,1,1
model.language_model.layers.45.mlp.experts.192.up_proj,routed,TESSERA_E4M3_K1_R1024,r1024,1,0,0.0013507684925571084,3.851292563373648e-07,4215563,4215563,e62b857f20596608d2a15dc8b959830fe983b3d4039b5e5b63a8a974107fd6a5,expert_wires+checkpoint,1,1,1
model.language_model.layers.45.mlp.experts.193.down_proj,routed,TESSERA_BF16_K1_R1024,r1024,1,1,0.00029248319333419204,1.0584657029148854e-06,4235983,4235983,0306c31b8a01da111f8a62f2e76b1c39411cbb0f73b0f6d47eabea5a9a5d30ef,expert_wires+checkpoint,1,1,1
model.language_model.layers.45.mlp.experts.193.down_proj,routed,TESSERA_E4M3_K1_R1024,r1024,1,0,0.0003636875771917403,1.5110587567880336e-07,4219595,4219595,6b549aae6037cb7c04551e63e1efe547653e2bac9ea1e81ee9595e8c11fc72e0,expert_wires+checkpoint,1,1,1
model.language_model.layers.45.mlp.experts.193.gate_proj,routed,TESSERA_BF16_K1_R1024,r1024,1,1,0.0008232590625993907,3.7787316009525e-07,4231951,4231951,7ed13f51bd5ec44a9dfab299cdef3d111b0eafab808273ef4c6dc1901f168f43,expert_wires+checkpoint,1,1,1
model.language_model.layers.45.mlp.experts.193.gate_proj,routed,TESSERA_E4M3_K1_R1024,r1024,1,0,0.0011557579273357987,3.9508455609759204e-07,4215563,4215563,c8e2012251cdc374c2176cb428600c29e6e6763b46e5c083a38dadbb9f643cab,expert_wires+checkpoint,1,1,1
model.language_model.layers.45.mlp.experts.193.up_proj,routed,TESSERA_BF16_K1_R1024,r1024,1,1,0.0008638774743303657,2.0296866509768593e-07,4231951,4231951,95d8728223bec74145b5763e65334870100789041ec2a148f707e5d21d45427d,expert_wires+checkpoint,1,1,1
model.language_model.layers.45.mlp.experts.193.up_proj,routed,TESSERA_E4M3_K1_R1024,r1024,1,0,0.0012061954475939274,1.940755491494496e-07,4215563,4215563,31bd1537e97a6975bdf5c0b654e1423f614eb7c91bf7e29eb052690aac2f2340,expert_wires+checkpoint,1,1,1
model.language_model.layers.45.mlp.experts.194.down_proj,routed,TESSERA_BF16_K1_R1024,r1024,1,1,9.240751387551427e-05,7.558855782416873e-08,4235983,4235983,e66045adfcf96d70c09b28abfd17c11c876c94d1113e4d10cc4d1d814207482e,expert_wires+checkpoint,1,1,1
model.language_model.layers.45.mlp.experts.194.down_proj,routed,TESSERA_E4M3_K1_R1024,r1024,1,0,0.00012483817408792675,6.746937170382382e-08,4219595,4219595,ad4e968eb9104b6c9476dc6627d5f3b9e32f7fb865cb7ece003bf85596a2c5e6,expert_wires+checkpoint,1,1,1
model.language_model.layers.45.mlp.experts.194.gate_proj,routed,TESSERA_BF16_K1_R1024,r1024,1,1,0.00047090736916288733,2.810880343237443e-08,4231951,4231951,eee60f4e9871ccce788bf3e94896977bb3c2441382ea11f1d102fc1751ab4e5a,expert_wires+checkpoint,1,1,1
model.language_model.layers.45.mlp.experts.194.gate_proj,routed,TESSERA_E4M3_K1_R1024,r1024,1,0,0.0007523022941313684,1.5482545879876872e-08,4215563,4215563,fbb6e977c6a539dacc827e527cacf45eabbfe6398772e6584ffcde3382354c9a,expert_wires+checkpoint,1,1,1
model.language_model.layers.45.mlp.experts.194.up_proj,routed,TESSERA_BF16_K1_R1024,r1024,1,1,0.0004924064269289374,4.8122144910560344e-09,4231951,4231951,31309a977c935b29574be46f5ddcdd3cca83ea403c4346b03f583c729ee7bc6f,expert_wires+checkpoint,1,1,1
model.language_model.layers.45.mlp.experts.194.up_proj,routed,TESSERA_E4M3_K1_R1024,r1024,1,0,0.0007583706174045801,1.7592932340732674e-08,4215563,4215563,024e331873d5162553ad19404b46ab232e969a4dbab28484d9d61dc7f7e65809,expert_wires+checkpoint,1,1,1
model.language_model.layers.45.mlp.experts.195.down_proj,routed,TESSERA_BF16_K1_R1024,r1024,1,1,0.00034410919761285186,9.575116938463165e-07,4235983,4235983,d9cf7343c8849f2e73197be2f41308b7d87c4994bcd6168eb9b1ee94dd52b635,expert_wires+checkpoint,1,1,1
model.language_model.layers.45.mlp.experts.195.down_proj,routed,TESSERA_E4M3_K1_R1024,r1024,1,0,0.00041042716475203633,1.1050521022622206e-06,4219595,4219595,1f1a7c9c22d8cd4320693204f5b6706538bfc2959219a4e46b677fc52367dac4,expert_wires+checkpoint,1,1,1
model.language_model.layers.45.mlp.experts.195.gate_proj,routed,TESSERA_BF16_K1_R1024,r1024,1,1,0.001047571306116879,5.80808880964264e-07,4231951,4231951,e62bff328ef394dd5ff1ae7812bf5f492c1acfedc64d7ad586ab8ddff6c7638b,expert_wires+checkpoint,1,1,1
model.language_model.layers.45.mlp.experts.195.gate_proj,routed,TESSERA_E4M3_K1_R1024,r1024,1,0,0.0014221023302525282,1.3971614551294163e-07,4215563,4215563,dc255b3d15620dc19d1f952937a1e1cb83b6f6c93bb0997eee74bc7b7eb07bd1,expert_wires+checkpoint,1,1,1
model.language_model.layers.45.mlp.experts.195.up_proj,routed,TESSERA_BF16_K1_R1024,r1024,1,1,0.001168333925306797,9.464968675118359e-08,4231951,4231951,779783e9ffe675ae8172949865180481f938a129a58ef421c33dd2c07bbe6915,expert_wires+checkpoint,1,1,1
model.language_model.layers.45.mlp.experts.195.up_proj,routed,TESSERA_E4M3_K1_R1024,r1024,1,0,0.0015845021698623896,2.72839992089204e-07,4215563,4215563,9c263ad472d314b2bcfbdea9341dc8ecf29efa9793d6d472b82e01aecdc01e86,expert_wires+checkpoint,1,1,1
model.language_model.layers.45.mlp.experts.196.down_proj,routed,TESSERA_BF16_K1_R1024,r1024,1,1,8.160014840541407e-05,1.3719010161794992e-06,4235983,4235983,f369310df4603068db5838e9d7347a5cc485c3827889dfcaa80e52f358e3ce81,expert_wires+checkpoint,1,1,1
model.language_model.layers.45.mlp.experts.196.down_proj,routed,TESSERA_E4M3_K1_R1024,r1024,1,0,0.00010477152682142332,2.211669441978065e-06,4219595,4219595,b3acd13866dac20c23515bdb4e484ab673eeaaee096620cd90934049bddc8aa9,expert_wires+checkpoint,1,1,1
model.language_model.layers.45.mlp.experts.196.gate_proj,routed,TESSERA_BF16_K1_R1024,r1024,1,1,0.0009097058209590614,2.0305530840085793e-06,4231951,4231951,8174f33369a4d6d0adc5053fae203c973038cc50ff9f62fcbbb1e60d630c2979,expert_wires+checkpoint,1,1,1
model.language_model.layers.45.mlp.experts.196.gate_proj,routed,TESSERA_E4M3_K1_R1024,r1024,1,0,0.0012389564653858542,1.5860824072363874e-06,4215563,4215563,2cb00fcc9b52d03ed3f3642fc8863066e5ba8bd838e447345a4d6549fa33c168,expert_wires+checkpoint,1,1,1
model.language_model.layers.45.mlp.experts.196.up_proj,routed,TESSERA_BF16_K1_R1024,r1024,1,1,0.0009215656318701804,1.404174644429851e-06,4231951,4231951,b397b79f2749d92c340050d8a2565f6be08b7a679095243a8eb1e1761807fa66,expert_wires+checkpoint,1,1,1
model.language_model.layers.45.mlp.experts.196.up_proj,routed,TESSERA_E4M3_K1_R1024,r1024,1,0,0.001252111978828907,5.354158811261225e-07,4215563,4215563,b8b07c43b97239cde5a3c28abf22ba90285c7545cccf9649adfcc9229da20f97,expert_wires+checkpoint,1,1,1
model.language_model.layers.45.mlp.experts.197.down_proj,routed,TESSERA_BF16_K1_R1024,r1024,1,1,0.00028203334659338,4.587642049846321e-07,4235983,4235983,1f9072fdba5e1e0caa483adda9228e28e46d43d218999885e7b5504ec6d8f02d,expert_wires+checkpoint,1,1,1
model.language_model.layers.45.mlp.experts.197.down_proj,routed,TESSERA_E4M3_K1_R1024,r1024,1,0,0.00035354174906387925,2.2287158824495274e-07,4219595,4219595,235e912f6d907d9fb661ec3c57f38b739653b2ecac64344f629e539be5209933,expert_wires+checkpoint,1,1,1
model.language_model.layers.45.mlp.experts.197.gate_proj,routed,TESSERA_BF16_K1_R1024,r1024,1,1,0.0006321904947981238,3.0999785522131716e-08,4231951,4231951,cb9242d0814184ce1d6b591a548e2dfb7ddabb0e3bd63469ae05ac706d8250e5,expert_wires+checkpoint,1,1,1
model.language_model.layers.45.mlp.experts.197.gate_proj,routed,TESSERA_E4M3_K1_R1024,r1024,1,0,0.0009626519167795777,1.1918441399930396e-07,4215563,4215563,e25476949dd18fd582485fccf2019ba4c07e0199057a667521e5b00fdd967792,expert_wires+checkpoint,1,1,1
model.language_model.layers.45.mlp.experts.197.up_proj,routed,TESSERA_BF16_K1_R1024,r1024,1,1,0.0006587696261703968,2.5225608654139503e-07,4231951,4231951,07e5552355853e63728a518384479d7a1b37a476296085fdd06a460bda83606c,expert_wires+checkpoint,1,1,1
model.language_model.layers.45.mlp.experts.197.up_proj,routed,TESSERA_E4M3_K1_R1024,r1024,1,0,0.000984089681878686,8.854331936899838e-07,4215563,4215563,9299880ec5521a710dcc72483c92f5e333c710b0612a95f442ea361c9e4460e8,expert_wires+checkpoint,1,1,1
model.language_model.layers.45.mlp.experts.198.down_proj,routed,TESSERA_BF16_K1_R1024,r1024,1,1,0.0005541258142329752,7.168607107448438e-07,4235983,4235983,54d6713d0a76a705cc14aa9e7a4d56ed7e91132205e685c3242d8df0d1df055a,expert_wires+checkpoint,1,1,1
model.language_model.layers.45.mlp.experts.198.down_proj,routed,TESSERA_E4M3_K1_R1024,r1024,1,0,0.0007358548464253545,1.3445552559393013e-06,4219595,4219595,bb7faa10b169bba2631cbab4ef6c2efba5052efde34ca131fb7c74a439edff4a,expert_wires+checkpoint,1,1,1
model.language_model.layers.45.mlp.experts.198.gate_proj,routed,TESSERA_BF16_K1_R1024,r1024,1,1,0.0008217443246394396,3.750078385403105e-07,4231951,4231951,0ab4ce468abbf6cb3408c38819062f6e5f06bbf020597240a0d076863ee33a15,expert_wires+checkpoint,1,1,1
model.language_model.layers.45.mlp.experts.198.gate_proj,routed,TESSERA_E4M3_K1_R1024,r1024,1,0,0.0012052073143422604,4.934071071720203e-07,4215563,4215563,9e2a8d2387638652c7890d518c4081dfce50722fdebf9a445da64d612cadea59,expert_wires+checkpoint,1,1,1
model.language_model.layers.45.mlp.experts.198.up_proj,routed,TESSERA_BF16_K1_R1024,r1024,1,1,0.000867618597112596,2.8141161874156906e-07,4231951,4231951,05095f8b50c45b782fc43fbc12012df16d6d50434a49e3441f54676819a78a05,expert_wires+checkpoint,1,1,1
model.language_model.layers.45.mlp.experts.198.up_proj,routed,TESSERA_E4M3_K1_R1024,r1024,1,0,0.00127483531832695,1.0845304722646755e-06,4215563,4215563,8d1db8d1578d4c06e3ff54e85841fa4951feaba390d42f020b9656b1a8c188f3,expert_wires+checkpoint,1,1,1
model.language_model.layers.45.mlp.experts.199.down_proj,routed,TESSERA_BF16_K1_R1024,r1024,1,1,0.0005800062790513039,6.422127852877114e-07,4235983,4235983,64198c416728d3c35a234ea4179eff294df53be0c9ce93873d5d0ccec87804e1,expert_wires+checkpoint,1,1,1
model.language_model.layers.45.mlp.experts.199.down_proj,routed,TESSERA_E4M3_K1_R1024,r1024,1,0,0.0007541315862908959,9.796518833900258e-07,4219595,4219595,6e4ec5b8a88e3792200813aaba434e0b71f28a733b085b372c708366489bc0ba,expert_wires+checkpoint,1,1,1
model.language_model.layers.45.mlp.experts.199.gate_proj,routed,TESSERA_BF16_K1_R1024,r1024,1,1,0.0006533459527418017,1.5440678307169742e-07,4231951,4231951,ece5e1df6e005227f9eb2924781e95a306c16ae917cb20191cc950289d935203,expert_wires+checkpoint,1,1,1
model.language_model.layers.45.mlp.experts.199.gate_proj,routed,TESSERA_E4M3_K1_R1024,r1024,1,0,0.000968444102909416,1.394299515567126e-06,4215563,4215563,5b1317277c0b8526a5f2edf2e4215d033c14e7e737f85e94754090faebdc342a,expert_wires+checkpoint,1,1,1
model.language_model.layers.45.mlp.experts.199.up_proj,routed,TESSERA_BF16_K1_R1024,r1024,1,1,0.0007483088411390781,3.838675097496823e-07,4231951,4231951,e5dd1599637fadce9c09cc8e96f2e0a786087dc417895d080b44657bdf5b0929,expert_wires+checkpoint,1,1,1
model.language_model.layers.45.mlp.experts.199.up_proj,routed,TESSERA_E4M3_K1_R1024,r1024,1,0,0.001093860948458314,3.167422876238968e-07,4215563,4215563,d7c5303b15c205e0aaa1f6fcb3b556ee16bc1219432c8bab3600d60f0050c50d,expert_wires+checkpoint,1,1,1
model.language_model.layers.45.mlp.experts.2.down_proj,routed,TESSERA_BF16_K1_R1024,r1024,1,1,0.00014744939107913524,8.401396181752695e-07,4235983,4235983,60bc2ceec6e8ec228346b858894a69fe7bc6bc43ed82bd2dd8071629918e6390,expert_wires+checkpoint,1,1,1
model.language_model.layers.45.mlp.experts.2.down_proj,routed,TESSERA_E4M3_K1_R1024,r1024,1,0,0.00017653869872447103,1.153480069990469e-06,4219595,4219595,f9ae61c2974f4bdb0b5baa854b60904fd8a464aa8f60dfd6d353207fa17f04a5,expert_wires+checkpoint,1,1,1
model.language_model.layers.45.mlp.experts.2.gate_proj,routed,TESSERA_BF16_K1_R1024,r1024,1,1,0.0008167747291736305,5.235573637377373e-07,4231951,4231951,0f17a960a3f57671ea113227bd904d0660bfd37babf5ba6a677b36f3d1951786,expert_wires+checkpoint,1,1,1
model.language_model.layers.45.mlp.experts.2.gate_proj,routed,TESSERA_E4M3_K1_R1024,r1024,1,0,0.001134701888076961,3.865742086485813e-07,4215563,4215563,e1722bbe72bc69dd407b7a1c745ad416f51245fc2281402382c58fe99d8a662a,expert_wires+checkpoint,1,1,1
model.language_model.layers.45.mlp.experts.2.up_proj,routed,TESSERA_BF16_K1_R1024,r1024,1,1,0.0008849716978147626,1.832500463584926e-07,4231951,4231951,7168cb6d0b1db2e745790d2c66401458a5e46cf4b48487a803c6561750a98999,expert_wires+checkpoint,1,1,1
model.language_model.layers.45.mlp.experts.2.up_proj,routed,TESSERA_E4M3_K1_R1024,r1024,1,0,0.001228349981829524,5.345641146465846e-07,4215563,4215563,d0ea3a0d4ca703eb73280b1ebae81d0b1c9df66d66f235387a3b59c633a7cfe3,expert_wires+checkpoint,1,1,1
model.language_model.layers.45.mlp.experts.20.down_proj,routed,TESSERA_BF16_K1_R1024,r1024,1,1,0.0004145301063545048,6.080197657199127e-07,4235983,4235983,cb2c47d9b0d503eb0f102616a4f61bd2a841beb3ce70f1a3f487e1c9e5a58eb3,expert_wires+checkpoint,1,1,1
model.language_model.layers.45.mlp.experts.20.down_proj,routed,TESSERA_E4M3_K1_R1024,r1024,1,0,0.0005194259574636817,3.6983646127048103e-07,4219595,4219595,f89f0cdbd3b04a75f5b78dc58a333c6ffef341db07f1359984ee34cf946032ef,expert_wires+checkpoint,1,1,1
model.language_model.layers.45.mlp.experts.20.gate_proj,routed,TESSERA_BF16_K1_R1024,r1024,1,1,0.0007427000673487782,3.1926297448745243e-07,4231951,4231951,804e1a0e3cebfe832b048dff5cb385382f0a62459c694c4ec4284a95580a637f,expert_wires+checkpoint,1,1,1
model.language_model.layers.45.mlp.experts.20.gate_proj,routed,TESSERA_E4M3_K1_R1024,r1024,1,0,0.0010472177527844906,4.6687526793925566e-07,4215563,4215563,90c5f6d1e49eee0c2355f9d340a18a7ca1a56b756b986a08f09791c881620102,expert_wires+checkpoint,1,1,1
model.language_model.layers.45.mlp.experts.20.up_proj,routed,TESSERA_BF16_K1_R1024,r1024,1,1,0.0008292917627841234,2.1565937965181942e-07,4231951,4231951,e99d964291f4fe1273baef235721d699cf30211bfa8cbb5a07ab0aef0bcd184d,expert_wires+checkpoint,1,1,1
model.language_model.layers.45.mlp.experts.20.up_proj,routed,TESSERA_E4M3_K1_R1024,r1024,1,0,0.0011663574259728193,2.359453681187394e-07,4215563,4215563,3186e740f9cf90d81562cc91d2dc488668ae2a193da3aee77aea8afba09459c0,expert_wires+checkpoint,1,1,1
model.language_model.layers.45.mlp.experts.200.down_proj,routed,TESSERA_BF16_K1_R1024,r1024,1,1,0.0001738127029966563,1.2498794916311057e-07,4235983,4235983,e6809b006385e2673fc3a93956325799e8a8cf71c01b0d1adebc36ca5bce1afd,expert_wires+checkpoint,1,1,1
model.language_model.layers.45.mlp.experts.200.down_proj,routed,TESSERA_E4M3_K1_R1024,r1024,1,0,0.00021353675401769578,7.731651643220423e-07,4219595,4219595,0805bae29659ae17f5926e52b13cf5cad3c21e1caf1a4312f2064f76c765d4ee,expert_wires+checkpoint,1,1,1
model.language_model.layers.45.mlp.experts.200.gate_proj,routed,TESSERA_BF16_K1_R1024,r1024,1,1,0.0007898928597569466,2.3362450523319964e-07,4231951,4231951,cac9a81bbcfd9f78098f8ab16c4f5cdbfb56ce1f8718a2e35aedc2be2ac98e8b,expert_wires+checkpoint,1,1,1
model.language_model.layers.45.mlp.experts.200.gate_proj,routed,TESSERA_E4M3_K1_R1024,r1024,1,0,0.001138026942498982,4.4516892604006506e-07,4215563,4215563,5209735de9fec6943208c11c9a5f6a966a3cef945e7e73edadfcca924dd3c2cc,expert_wires+checkpoint,1,1,1
model.language_model.layers.45.mlp.experts.200.up_proj,routed,TESSERA_BF16_K1_R1024,r1024,1,1,0.0008382159285247326,6.100855824127294e-08,4231951,4231951,ab860d60e814711d34773b06fdac34932918411d29eb49d18e7ac3e18c290860,expert_wires+checkpoint,1,1,1
model.language_model.layers.45.mlp.experts.200.up_proj,routed,TESSERA_E4M3_K1_R1024,r1024,1,0,0.0012094177072867751,2.020293913993075e-07,4215563,4215563,fad9bf6b4eaec6812e7ae5c2980b49e3b442d1d722646cce69710caf1e4f0361,expert_wires+checkpoint,1,1,1
model.language_model.layers.45.mlp.experts.201.down_proj,routed,TESSERA_BF16_K1_R1024,r1024,1,1,0.00014826269762124866,5.258245833529875e-07,4235983,4235983,7fe558848474868d8fb835f52b49cc8b462b670ad88f6802c85750b8737737ff,expert_wires+checkpoint,1,1,1
model.language_model.layers.45.mlp.experts.201.down_proj,routed,TESSERA_E4M3_K1_R1024,r1024,1,0,0.0001799090823624283,2.033672491751513e-06,4219595,4219595,53c96ee4ed5ae4ac2afb69f49deb92f1be4fc3da5b43fbfffb18c510d1d351c7,expert_wires+checkpoint,1,1,1
model.language_model.layers.45.mlp.experts.201.gate_proj,routed,TESSERA_BF16_K1_R1024,r1024,1,1,0.0008353530429303646,1.2287501767005444e-07,4231951,4231951,e712fe7a72814455406cd455f0e30e3f66b436e66020f9952039009cd618d0b5,expert_wires+checkpoint,1,1,1
model.language_model.layers.45.mlp.experts.201.gate_proj,routed,TESSERA_E4M3_K1_R1024,r1024,1,0,0.0011854474432766438,4.5396190754821063e-07,4215563,4215563,81a7aa7c2f77d70ce191d74c0597487e6e22d06bf3afd8519d742032314c2a69,expert_wires+checkpoint,1,1,1
model.language_model.layers.45.mlp.experts.201.up_proj,routed,TESSERA_BF16_K1_R1024,r1024,1,1,0.0009001835715025663,5.612763357076985e-07,4231951,4231951,c3f4bb118aa686ff6260adb2f343c46db5ddffc66b95969c85966c8084ac8714,expert_wires+checkpoint,1,1,1
model.language_model.layers.45.mlp.experts.201.up_proj,routed,TESSERA_E4M3_K1_R1024,r1024,1,0,0.0012741130776703358,3.5980591738595893e-07,4215563,4215563,addc7a69ad9b32252c5a92271e1ffc94789053078d61f1e6d6d8de3600941783,expert_wires+checkpoint,1,1,1
model.language_model.layers.45.mlp.experts.202.down_proj,routed,TESSERA_BF16_K1_R1024,r1024,1,1,0.00015428176266141236,1.6290292302291812e-06,4235983,4235983,2541867e00e2a2e58044dbe3828d3d422ff6c3a900dbc25b46a09039cd0a3785,expert_wires+checkpoint,1,1,1
model.language_model.layers.45.mlp.experts.202.down_proj,routed,TESSERA_E4M3_K1_R1024,r1024,1,0,0.00019024360517505556,2.423929578017019e-06,4219595,4219595,458a00172d6541a840aad7d83994abdf64050c87ff2c200af02552a253e42efb,expert_wires+checkpoint,1,1,1
model.language_model.layers.45.mlp.experts.202.gate_proj,routed,TESSERA_BF16_K1_R1024,r1024,1,1,0.0008382030064240098,3.90882415756487e-07,4231951,4231951,8b013b5f44a9729ffd84dc589b8c6b5e18e2a6330c4f4b2167f0803dbed18cf8,expert_wires+checkpoint,1,1,1
model.language_model.layers.45.mlp.experts.202.gate_proj,routed,TESSERA_E4M3_K1_R1024,r1024,1,0,0.0011992674553766847,3.642935630694045e-07,4215563,4215563,a75dc08f5a0b080e6452a358e4f11451dfb9abe222d5d6b9b5426f6eda1bbed7,expert_wires+checkpoint,1,1,1
model.language_model.layers.45.mlp.experts.202.up_proj,routed,TESSERA_BF16_K1_R1024,r1024,1,1,0.0009041032753884792,9.093431466661572e-07,4231951,4231951,7ac42451e1ed976823ef57a2d864893c13297c6b7524da3a2f6c5d084e49390a,expert_wires+checkpoint,1,1,1
model.language_model.layers.45.mlp.experts.202.up_proj,routed,TESSERA_E4M3_K1_R1024,r1024,1,0,0.0012966063804924488,3.431567667063049e-08,4215563,4215563,fc2aa74b2240a96dd896ec6a0a020013b50e1e0449e4a579b4198e17e746030a,expert_wires+checkpoint,1,1,1
model.language_model.layers.45.mlp.experts.203.down_proj,routed,TESSERA_BF16_K1_R1024,r1024,1,1,0.0002872740151360631,7.10016054326183e-07,4235983,4235983,07f4bc63d2ecc0eddddd4d065014a3d93c42aada1d85471932d3b4fe894a3458,expert_wires+checkpoint,1,1,1
model.language_model.layers.45.mlp.experts.203.down_proj,routed,TESSERA_E4M3_K1_R1024,r1024,1,0,0.0003447351045906544,7.819367552947387e-07,4219595,4219595,81918dc0c2f288f5ce15221b156a869be749cf4024abc3895104f00a46a6c334,expert_wires+checkpoint,1,1,1
model.language_model.layers.45.mlp.experts.203.gate_proj,routed,TESSERA_BF16_K1_R1024,r1024,1,1,0.0008831570157781243,5.557031768277255e-07,4231951,4231951,f22efc4c15fe3eed3bd7850bca7457ed4abaae2273e05fdce167dced966daac1,expert_wires+checkpoint,1,1,1
model.language_model.layers.45.mlp.experts.203.gate_proj,routed,TESSERA_E4M3_K1_R1024,r1024,1,0,0.0012361439876258373,8.340363825368801e-07,4215563,4215563,43168dc4105787f650dd26371d93d097059b06c2d8d23083a5b015448e190db7,expert_wires+checkpoint,1,1,1
model.language_model.layers.45.mlp.experts.203.up_proj,routed,TESSERA_BF16_K1_R1024,r1024,1,1,0.0010042167268693447,7.472334127691441e-08,4231951,4231951,c08885657a5bf2d32f6aa1bd3d917b0543f1ec87cda6a4dfb3807162873fec43,expert_wires+checkpoint,1,1,1
model.language_model.layers.45.mlp.experts.203.up_proj,routed,TESSERA_E4M3_K1_R1024,r1024,1,0,0.0014065466821193695,1.3346019399433488e-07,4215563,4215563,d2750f5c2075ae825b0ea545e16e73f846682f0b7948bd03363a31ba73bad295,expert_wires+checkpoint,1,1,1
model.language_model.layers.45.mlp.experts.204.down_proj,routed,TESSERA_BF16_K1_R1024,r1024,1,1,0.00013550287985708565,6.325073265471952e-07,4235983,4235983,a64eef0912f19abb99aac76c6a798d402685c156bd2cee3414dba179857d5c16,expert_wires+checkpoint,1,1,1
model.language_model.layers.45.mlp.experts.204.down_proj,routed,TESSERA_E4M3_K1_R1024,r1024,1,0,0.00016369928198400885,1.7376562885647263e-06,4219595,4219595,60acf1b56eaef4b2dac7a7f0dccb93258a697573dbf1b5e5f8e4fdc76ad7f6d4,expert_wires+checkpoint,1,1,1
model.language_model.layers.45.mlp.experts.204.gate_proj,routed,TESSERA_BF16_K1_R1024,r1024,1,1,0.0007865908555686474,7.468892245108374e-07,4231951,4231951,576d28bf4376caee4bf22b4c8f51c5e63015ba0370ede16cb7e6d2bf9d07cfbf,expert_wires+checkpoint,1,1,1
model.language_model.layers.45.mlp.experts.204.gate_proj,routed,TESSERA_E4M3_K1_R1024,r1024,1,0,0.0011120863491669297,1.6798425261196846e-07,4215563,4215563,ee454a3e2c62276e3d80ad2d17061b94607eb2c771c9c97ace0150efd7bc4455,expert_wires+checkpoint,1,1,1
model.language_model.layers.45.mlp.experts.204.up_proj,routed,TESSERA_BF16_K1_R1024,r1024,1,1,0.0008385356049984694,2.7241757160527844e-07,4231951,4231951,b5d0fb602d8155999d266fc1c582058345d1961a811bcbd05fb9e5b24881e05e,expert_wires+checkpoint,1,1,1
model.language_model.layers.45.mlp.experts.204.up_proj,routed,TESSERA_E4M3_K1_R1024,r1024,1,0,0.0011909418972209096,5.562222804419698e-07,4215563,4215563,557af167c6ba3c2487c2463fa0d8e3eb670a4aa7d21026e2b11ba8bc90740eba,expert_wires+checkpoint,1,1,1
model.language_model.layers.45.mlp.experts.205.down_proj,routed,TESSERA_BF16_K1_R1024,r1024,1,1,0.00036125455517321825,2.110396969939266e-06,4235983,4235983,b24e9f103a18a52f4b738020dcfa546b29366066a7356da739d666ea115bf2c7,expert_wires+checkpoint,1,1,1
model.language_model.layers.45.mlp.experts.205.down_proj,routed,TESSERA_E4M3_K1_R1024,r1024,1,0,0.00045667518861591816,2.9671897116347675e-06,4219595,4219595,cab8e77fccbaf9e3294400752aca203a8f049186110c006f5e1ff191a611c889,expert_wires+checkpoint,1,1,1
model.language_model.layers.45.mlp.experts.205.gate_proj,routed,TESSERA_BF16_K1_R1024,r1024,1,1,0.0012000259011983871,1.0281887489331309e-06,4231951,4231951,cc0ca7e38f8d341d7671bc6483c3a930a7fa8709ac724fab8cf89a97e0d85f82,expert_wires+checkpoint,1,1,1
model.language_model.layers.45.mlp.experts.205.gate_proj,routed,TESSERA_E4M3_K1_R1024,r1024,1,0,0.0016492879949510098,2.5773202704929413e-06,4215563,4215563,060f3ef5b557dac22d673c24b6a9149144db5f965be09cf25a2bc5af7591a67f,expert_wires+checkpoint,1,1,1
model.language_model.layers.45.mlp.experts.205.up_proj,routed,TESSERA_BF16_K1_R1024,r1024,1,1,0.0012525448109954596,1.6227903208830318e-06,4231951,4231951,4d31426d0c03fcc1c96fa8c465b2a8c6f6443b54f898d3777e8a6218ef0db505,expert_wires+checkpoint,1,1,1
model.language_model.layers.45.mlp.experts.205.up_proj,routed,TESSERA_E4M3_K1_R1024,r1024,1,0,0.0017171807121485472,7.278636901226556e-07,4215563,4215563,df7c5ae47fdac76298305fc71b2aa74e5208d7e77132d5c61e0f192a1c6badf5,expert_wires+checkpoint,1,1,1
model.language_model.layers.45.mlp.experts.206.down_proj,routed,TESSERA_BF16_K1_R1024,r1024,1,1,0.00019504889496602118,9.721289685109316e-07,4235983,4235983,efb95af51a2216bb02ce797dbb2c7959e79667a7eeb5eeebd21d595fb5096fa3,expert_wires+checkpoint,1,1,1
model.language_model.layers.45.mlp.experts.206.down_proj,routed,TESSERA_E4M3_K1_R1024,r1024,1,0,0.00023373625299427658,6.619630651191693e-07,4219595,4219595,81eb7b45fca2da37407b27f65685eecfa1d8cd0955c187a042fd01ed5ccb3ece,expert_wires+checkpoint,1,1,1
model.language_model.layers.45.mlp.experts.206.gate_proj,routed,TESSERA_BF16_K1_R1024,r1024,1,1,0.0008845588890835643,4.3898245126943824e-07,4231951,4231951,51dc1cf4de7e0a2bfc4585675b3b1cf45b43cac1915263fe6c14866c69f338af,expert_wires+checkpoint,1,1,1
model.language_model.layers.45.mlp.experts.206.gate_proj,routed,TESSERA_E4M3_K1_R1024,r1024,1,0,0.0012333280174061656,3.3949185445708193e-07,4215563,4215563,9f5fd916b5b66b0f4b76e37a150a95dca0145ed3b0699b0bed0b7c4c6aa8e17a,expert_wires+checkpoint,1,1,1
model.language_model.layers.45.mlp.experts.206.up_proj,routed,TESSERA_BF16_K1_R1024,r1024,1,1,0.0009688648860901594,4.2028362025410936e-08,4231951,4231951,f350350914db32c40d8a00b272a7203eedcfbb303e79c1b1dbe5dabd10b6df89,expert_wires+checkpoint,1,1,1
model.language_model.layers.45.mlp.experts.206.up_proj,routed,TESSERA_E4M3_K1_R1024,r1024,1,0,0.0013447001110762358,2.034583920599202e-07,4215563,4215563,430dbb8826380ebac1f3d39fc0259b09bb6c958c1848003d98001a7f17b85992,expert_wires+checkpoint,1,1,1
model.language_model.layers.45.mlp.experts.207.down_proj,routed,TESSERA_BF16_K1_R1024,r1024,1,1,0.0001303863973589614,5.072256615429921e-07,4235983,4235983,bb49da21accfe703af77bcc83679c1cc50c8e81131cff08973f8d686edacc463,expert_wires+checkpoint,1,1,1
model.language_model.layers.45.mlp.experts.207.down_proj,routed,TESSERA_E4M3_K1_R1024,r1024,1,0,0.0001635461812838912,9.194491808846724e-07,4219595,4219595,49a8eea748e00f43126b0aa13091fcf254fe27852ac6ec0302d9f63c9f3215e0,expert_wires+checkpoint,1,1,1
model.language_model.layers.45.mlp.experts.207.gate_proj,routed,TESSERA_BF16_K1_R1024,r1024,1,1,0.0006639605271629989,2.8085913382540906e-07,4231951,4231951,80e431fe9c30dccae1236b13ecb3918c1a35aa6749a5f70442eeb5144fcc2c2f,expert_wires+checkpoint,1,1,1
model.language_model.layers.45.mlp.experts.207.gate_proj,routed,TESSERA_E4M3_K1_R1024,r1024,1,0,0.0009429746423847973,3.7038298567626575e-07,4215563,4215563,84b680ed6988e8764d4c4dd141da5ab3006a2292ffc47f73a4856fbb2f7e2cfa,expert_wires+checkpoint,1,1,1
model.language_model.layers.45.mlp.experts.207.up_proj,routed,TESSERA_BF16_K1_R1024,r1024,1,1,0.0007506002439185977,3.715833357448471e-07,4231951,4231951,4e925898abed660c8b9dfac2c29af64c41fdeac840deb7019d8b12348a707e96,expert_wires+checkpoint,1,1,1
model.language_model.layers.45.mlp.experts.207.up_proj,routed,TESSERA_E4M3_K1_R1024,r1024,1,0,0.0010535609908401966,2.0403236822411702e-07,4215563,4215563,8cd6a49c6acdd81181b515f5a78aa889e05938b23a96520c59b290c634bee042,expert_wires+checkpoint,1,1,1
model.language_model.layers.45.mlp.experts.208.down_proj,routed,TESSERA_BF16_K1_R1024,r1024,1,1,0.00011885893763974309,5.569658626417418e-08,4235983,4235983,fb204421158fd073f4c9bf15a833c6ffd1b0f2af3321924e14f90f6cd2d3d531,expert_wires+checkpoint,1,1,1
model.language_model.layers.45.mlp.experts.208.down_proj,routed,TESSERA_E4M3_K1_R1024,r1024,1,0,0.0001492516021244228,5.34828133498619e-07,4219595,4219595,92edaf9df9a8972436ad73b088c827a3175e8881ac5a9a0ce279ac3279b7a68b,expert_wires+checkpoint,1,1,1
model.language_model.layers.45.mlp.experts.208.gate_proj,routed,TESSERA_BF16_K1_R1024,r1024,1,1,0.0007323007448576391,4.451361664838752e-07,4231951,4231951,6ed5fe2c47368e93b4704941201ec4c0c4d3e2478618e99b2e9ae7a6142a8959,expert_wires+checkpoint,1,1,1
model.language_model.layers.45.mlp.experts.208.gate_proj,routed,TESSERA_E4M3_K1_R1024,r1024,1,0,0.0010551103623583913,6.924427812129649e-07,4215563,4215563,a45800a10b0ee14fb3a4adf566aeeae181229258a9e80b804d84d251871af847,expert_wires+checkpoint,1,1,1
model.language_model.layers.45.mlp.experts.208.up_proj,routed,TESSERA_BF16_K1_R1024,r1024,1,1,0.0007821766776032746,3.944601864673318e-07,4231951,4231951,5ad3fcb31f392f94a1605b2f4a28c86e61abada548063c80557bbad83188e6b0,expert_wires+checkpoint,1,1,1
model.language_model.layers.45.mlp.experts.208.up_proj,routed,TESSERA_E4M3_K1_R1024,r1024,1,0,0.0011236616410315037,4.290066264609987e-07,4215563,4215563,df0459dfb7e999726f7e3323d1ef2acd79c5fbdba1e2f8230ae9f66b5fc679ca,expert_wires+checkpoint,1,1,1
model.language_model.layers.45.mlp.experts.209.down_proj,routed,TESSERA_BF16_K1_R1024,r1024,1,1,0.0003411798388697207,1.0761796387440685e-06,4235983,4235983,630b3fa8eba18521ee70da2ae4ab9c1f12f2522f553845854a459dd92bffb5f1,expert_wires+checkpoint,1,1,1
model.language_model.layers.45.mlp.experts.209.down_proj,routed,TESSERA_E4M3_K1_R1024,r1024,1,0,0.00045675982255488634,4.372197457427327e-08,4219595,4219595,2e8d5b93c0933ddf4ef36b93f04767945e05424bdbe08543769bc93ff279c4a1,expert_wires+checkpoint,1,1,1
model.language_model.layers.45.mlp.experts.209.gate_proj,routed,TESSERA_BF16_K1_R1024,r1024,1,1,0.0010677692480385303,1.0177528295775627e-06,4231951,4231951,41b75aab875b2d4ca980d6ce58339bc5a3cf501ee2cac9cfe383b31403b19aa5,expert_wires+checkpoint,1,1,1
model.language_model.layers.45.mlp.experts.209.gate_proj,routed,TESSERA_E4M3_K1_R1024,r1024,1,0,0.0015126281650736928,1.9847830321266957e-06,4215563,4215563,4341265e1c6c9d3b3b1b300fca39202322162d1fe9359cba8170e556ee205ed6,expert_wires+checkpoint,1,1,1
model.language_model.layers.45.mlp.experts.209.up_proj,routed,TESSERA_BF16_K1_R1024,r1024,1,1,0.0011632831301540136,8.017538427061499e-07,4231951,4231951,50a30d50611a169e04de312f7c4a421e17261643267d72e471cff4808d97ab92,expert_wires+checkpoint,1,1,1
model.language_model.layers.45.mlp.experts.209.up_proj,routed,TESSERA_E4M3_K1_R1024,r1024,1,0,0.0016239038668572903,2.6891351008956475e-07,4215563,4215563,8a9120afb1426532c1050226b9bb8ef74fe7d25c022586c0f3196bd931afbab8,expert_wires+checkpoint,1,1,1
model.language_model.layers.45.mlp.experts.21.down_proj,routed,TESSERA_BF16_K1_R1024,r1024,1,1,0.0001171855692518875,1.4452206636741898e-06,4235983,4235983,39cb7437758f9c7407aea5e7f38c38a5b1474517088f22ec7de9709ed676c921,expert_wires+checkpoint,1,1,1
model.language_model.layers.45.mlp.experts.21.down_proj,routed,TESSERA_E4M3_K1_R1024,r1024,1,0,0.00014155113603919744,1.9374732695523955e-06,4219595,4219595,22e28b2ee96bd1372b39bfccb0a289b3f613cfbf817b4d628fc21620c0329dc0,expert_wires+checkpoint,1,1,1
model.language_model.layers.45.mlp.experts.21.gate_proj,routed,TESSERA_BF16_K1_R1024,r1024,1,1,0.0008740900084376335,3.740497104189834e-07,4231951,4231951,f6bf223f2ab63367a80ef1b5fdef0b8050f3917866621f12bcfe7f989217e3a3,expert_wires+checkpoint,1,1,1
model.language_model.layers.45.mlp.experts.21.gate_proj,routed,TESSERA_E4M3_K1_R1024,r1024,1,0,0.0011839987710118294,1.8193984681023689e-06,4215563,4215563,9c9cbc2a68ca90755ab7277040bddea8af12be03aadb147d61a6edbecb9b281b,expert_wires+checkpoint,1,1,1
model.language_model.layers.45.mlp.experts.21.up_proj,routed,TESSERA_BF16_K1_R1024,r1024,1,1,0.0009753020131029189,3.2924940421391544e-07,4231951,4231951,0e3ddbe259047b2f6b3154a1d1f7fb61620786c6ac5027dd7b3aebab9908def1,expert_wires+checkpoint,1,1,1
model.language_model.layers.45.mlp.experts.21.up_proj,routed,TESSERA_E4M3_K1_R1024,r1024,1,0,0.0013086013495922089,4.693689962548635e-07,4215563,4215563,7cddfd4db7ac59e2bba4e9d8b9a2b09d2436e24f0c6447aae3e83ee533f7b5df,expert_wires+checkpoint,1,1,1
model.language_model.layers.45.mlp.experts.210.down_proj,routed,TESSERA_BF16_K1_R1024,r1024,1,1,0.0005101737915538251,6.137829084754792e-07,4235983,4235983,a7a9a80ee43af090c84fecd4250b05e0881c94b2be46a737ecca1ac0de73350a,expert_wires+checkpoint,1,1,1
model.language_model.layers.45.mlp.experts.210.down_proj,routed,TESSERA_E4M3_K1_R1024,r1024,1,0,0.0006375156808644533,6.014716553462386e-07,4219595,4219595,be9d2ca06e0449f93dca1e552b9565202e89bb17e5f914f26db815bf8d2252c0,expert_wires+checkpoint,1,1,1
model.language_model.layers.45.mlp.experts.210.gate_proj,routed,TESSERA_BF16_K1_R1024,r1024,1,1,0.0008751739514991641,5.381897796802527e-07,4231951,4231951,fad33714b805cf0c6d544b749d0c915bd32eedd507040c95a5e76e47c7935fb2,expert_wires+checkpoint,1,1,1
model.language_model.layers.45.mlp.experts.210.gate_proj,routed,TESSERA_E4M3_K1_R1024,r1024,1,0,0.0012200817000120878,9.484323890352286e-07,4215563,4215563,e5bcaaeab41d8345063080a40fc6a7492e5fa11bff9d5e1993506b9bb94b8cca,expert_wires+checkpoint,1,1,1
model.language_model.layers.45.mlp.experts.210.up_proj,routed,TESSERA_BF16_K1_R1024,r1024,1,1,0.0009558502351865172,1.174548800541591e-06,4231951,4231951,d4bb2ce0676472194a3659383f8e3657e979427b12ea19a3845944c91f277f77,expert_wires+checkpoint,1,1,1
model.language_model.layers.45.mlp.experts.210.up_proj,routed,TESSERA_E4M3_K1_R1024,r1024,1,0,0.0013221260160207748,7.951783722851e-07,4215563,4215563,29e205e2d10af57c73e2c5d3ae88414e2d561649153321df9cd4b3814bdf9441,expert_wires+checkpoint,1,1,1
model.language_model.layers.45.mlp.experts.211.down_proj,routed,TESSERA_BF16_K1_R1024,r1024,1,1,0.0001224046864081174,3.7502908904266904e-07,4235983,4235983,7fcd936aeac87e61b128d69724b7b7ff95e89a7f549b7756659a1cfdad29b881,expert_wires+checkpoint,1,1,1
model.language_model.layers.45.mlp.experts.211.down_proj,routed,TESSERA_E4M3_K1_R1024,r1024,1,0,0.00014820825890637934,1.417284007802495e-06,4219595,4219595,63e180e01873b06fceea1b782574d8dc1a21742ae672dc57a7f9f1c56c5e53f5,expert_wires+checkpoint,1,1,1
model.language_model.layers.45.mlp.experts.211.gate_proj,routed,TESSERA_BF16_K1_R1024,r1024,1,1,0.0007458596955984831,2.167800150913972e-07,4231951,4231951,97258020f46f7a4c93afe72eb2bf0187cb19535b07db554f6724d08154e4b28e,expert_wires+checkpoint,1,1,1
model.language_model.layers.45.mlp.experts.211.gate_proj,routed,TESSERA_E4M3_K1_R1024,r1024,1,0,0.0010674255900084972,3.1206969997285025e-07,4215563,4215563,eb37ea22caa90cbe7db442dd33a27ab48a85a756d6a0c9c0b4a0534c20dcb42e,expert_wires+checkpoint,1,1,1
model.language_model.layers.45.mlp.experts.211.up_proj,routed,TESSERA_BF16_K1_R1024,r1024,1,1,0.000913577270694077,4.880803629396598e-08,4231951,4231951,8934937ff669316e6ae6365f89bdac738df36e7c6b7f62c8fdfc4b5645881be5,expert_wires+checkpoint,1,1,1
model.language_model.layers.45.mlp.experts.211.up_proj,routed,TESSERA_E4M3_K1_R1024,r1024,1,0,0.001292529283091426,6.78430334870361e-07,4215563,4215563,02fcdc41bccad268a48295c0d5d0f0ad85c6c8f9e6dff1f87c6f619d70fa72aa,expert_wires+checkpoint,1,1,1
model.language_model.layers.45.mlp.experts.212.down_proj,routed,TESSERA_BF16_K1_R1024,r1024,1,1,0.00020153375226072967,7.764803686728394e-07,4235983,4235983,d56194860dadf4e55f430c0782b514c27bcca807f9b59d27266a0f7c3a99348f,expert_wires+checkpoint,1,1,1
model.language_model.layers.45.mlp.experts.212.down_proj,routed,TESSERA_E4M3_K1_R1024,r1024,1,0,0.0002357595949433744,2.119575345082333e-06,4219595,4219595,9ea9fd7f493c486f1c457165b105c0acec86f5d6b4b6ea63e1808577c2cb920e,expert_wires+checkpoint,1,1,1
model.language_model.layers.45.mlp.experts.212.gate_proj,routed,TESSERA_BF16_K1_R1024,r1024,1,1,0.0009769545868039131,1.0897778370988546e-06,4231951,4231951,a3ba08c1088895fada3c2f7ff1725d978d3c001e96d3a1fa55d4057b013a256a,expert_wires+checkpoint,1,1,1
model.language_model.layers.45.mlp.experts.212.gate_proj,routed,TESSERA_E4M3_K1_R1024,r1024,1,0,0.001339135691523552,6.92920911441969e-07,4215563,4215563,754c44268c399289cde4823b0d4bee2a1fdcee6a1f4590f3cf1a658068e6f08a,expert_wires+checkpoint,1,1,1
model.language_model.layers.45.mlp.experts.212.up_proj,routed,TESSERA_BF16_K1_R1024,r1024,1,1,0.0010465371888130903,2.1820541285521743e-07,4231951,4231951,6ccdb5a918375f862f741e7096166c38fe1464325e6b575ffd86522553bb0a12,expert_wires+checkpoint,1,1,1
model.language_model.layers.45.mlp.experts.212.up_proj,routed,TESSERA_E4M3_K1_R1024,r1024,1,0,0.0014353870647028089,7.766270371733339e-07,4215563,4215563,1f7c4bf7b650ee4298dcf8025de1e98f1ddd451dab14f380c0dfb9e51b24b14b,expert_wires+checkpoint,1,1,1
model.language_model.layers.45.mlp.experts.213.down_proj,routed,TESSERA_BF16_K1_R1024,r1024,1,1,0.00017880919040180743,9.64379899947963e-07,4235983,4235983,b8e9108dda3caea9e37746b1f4d6b05b03145cbda9a89740651f17c29d31928e,expert_wires+checkpoint,1,1,1
model.language_model.layers.45.mlp.experts.213.down_proj,routed,TESSERA_E4M3_K1_R1024,r1024,1,0,0.00021653622388839722,1.4581954254962346e-06,4219595,4219595,c8be693657d2dae6be80292c9f5c62385b18fcbd82c3c641e4107322e238304d,expert_wires+checkpoint,1,1,1
model.language_model.layers.45.mlp.experts.213.gate_proj,routed,TESSERA_BF16_K1_R1024,r1024,1,1,0.0008216336136683822,8.50759551547101e-07,4231951,4231951,19075dc90d0a76b00ad8fde10d9dbe06a0c814b24b2d0ff8cc2e129e4a9ad3d4,expert_wires+checkpoint,1,1,1
model.language_model.layers.45.mlp.experts.213.gate_proj,routed,TESSERA_E4M3_K1_R1024,r1024,1,0,0.001175000099465251,1.9090618475032454e-06,4215563,4215563,e5d49fff3fe10bc949f0d8365b5188c41b77e0448582172ca10403c8cba2ec81,expert_wires+checkpoint,1,1,1
model.language_model.layers.45.mlp.experts.213.up_proj,routed,TESSERA_BF16_K1_R1024,r1024,1,1,0.0008807313861325383,7.306491946093222e-07,4231951,4231951,fa4632afa1a1c78b9fe347a2b63fe196925e23653239b64801c85f924ee48e1b,expert_wires+checkpoint,1,1,1
model.language_model.layers.45.mlp.experts.213.up_proj,routed,TESSERA_E4M3_K1_R1024,r1024,1,0,0.0012580278562381864,2.2720513194717647e-06,4215563,4215563,4e1f9cb86546cfb87b9dfad63403c7944229165b40b735069c4c38a42aa3eda6,expert_wires+checkpoint,1,1,1
model.language_model.layers.45.mlp.experts.214.down_proj,routed,TESSERA_BF16_K1_R1024,r1024,1,1,0.0013531274162232876,6.65273498427966e-07,4235983,4235983,9579b18de9ce8f33ce6487aaf0c3df1965fac7f08eac76c99f3517c5680b111c,expert_wires+checkpoint,1,1,1
model.language_model.layers.45.mlp.experts.214.down_proj,routed,TESSERA_E4M3_K1_R1024,r1024,1,0,0.0017047945875674486,7.348317222229922e-07,4219595,4219595,0f1c9a793077a330326643a842f11598bb85c70b635d9bf520a4edd3a018956b,expert_wires+checkpoint,1,1,1
model.language_model.layers.45.mlp.experts.214.gate_proj,routed,TESSERA_BF16_K1_R1024,r1024,1,1,0.0003343645657878369,1.6529196104688248e-08,4231951,4231951,8a3c28b244e744ae6e166ac20d32637b89c1b7c7bcdb50561124a5b6f6b092e8,expert_wires+checkpoint,1,1,1
model.language_model.layers.45.mlp.experts.214.gate_proj,routed,TESSERA_E4M3_K1_R1024,r1024,1,0,0.0006907152710482478,2.375845032479813e-08,4215563,4215563,0a99856b9002097389c941cf89219a3328ed08f6efc3d9a2029d475268b294e7,expert_wires+checkpoint,1,1,1
model.language_model.layers.45.mlp.experts.214.up_proj,routed,TESSERA_BF16_K1_R1024,r1024,1,1,0.00031592228333465755,4.374831838335223e-09,4231951,4231951,1214e985368c1f122131c8c7838015a6f72d47f6e3d3290568cbee2b2d62b318,expert_wires+checkpoint,1,1,1
model.language_model.layers.45.mlp.experts.214.up_proj,routed,TESSERA_E4M3_K1_R1024,r1024,1,0,0.0006398861878551543,1.407676219187481e-08,4215563,4215563,0ca6d23e0fd15952e153a5d9479460328bc23114d87d8da47fee6a2089351cea,expert_wires+checkpoint,1,1,1
model.language_model.layers.45.mlp.experts.215.down_proj,routed,TESSERA_BF16_K1_R1024,r1024,1,1,0.0004042012442369014,1.5283996307138597e-06,4235983,4235983,b39a861116ffde3fb6aa6dd0bbb7c5169a23c7ccb75cdcbf54d7741bbaf132dc,expert_wires+checkpoint,1,1,1
model.language_model.layers.45.mlp.experts.215.down_proj,routed,TESSERA_E4M3_K1_R1024,r1024,1,0,0.000480631017126143,1.975400441938837e-06,4219595,4219595,2bfb84b8d24ca8415a1bcde8c4deb510a1e3b8a4e3cd59d0d13d2f66b434288c,expert_wires+checkpoint,1,1,1
model.language_model.layers.45.mlp.experts.215.gate_proj,routed,TESSERA_BF16_K1_R1024,r1024,1,1,0.0010392102412879467,7.039838480656919e-07,4231951,4231951,5e29d6645511e328eac30ad2653b89fe03ec52920709bcf8139a7c3580659fef,expert_wires+checkpoint,1,1,1
model.language_model.layers.45.mlp.experts.215.gate_proj,routed,TESSERA_E4M3_K1_R1024,r1024,1,0,0.0013970208819955587,5.800333118675887e-07,4215563,4215563,5a0c2ab7a11c7b41c8e3acebe25e72426945f3f1347ac87977458f0958832428,expert_wires+checkpoint,1,1,1
model.language_model.layers.45.mlp.experts.215.up_proj,routed,TESSERA_BF16_K1_R1024,r1024,1,1,0.0011307628592476249,1.5825162148118763e-06,4231951,4231951,1dfc0edf4820ceb3f2b02da2d082a50b56f976070dd373e0b211cee771d9de88,expert_wires+checkpoint,1,1,1
model.language_model.layers.45.mlp.experts.215.up_proj,routed,TESSERA_E4M3_K1_R1024,r1024,1,0,0.0015212136786431074,1.2070069940450082e-06,4215563,4215563,dc653f01dd181214f67c2943e6b27359edccc7099195bde864983e7d7e6db0ca,expert_wires+checkpoint,1,1,1
model.language_model.layers.45.mlp.experts.216.down_proj,routed,TESSERA_BF16_K1_R1024,r1024,1,1,0.0001241239078808576,1.2734392094793192e-06,4235983,4235983,5a337b971d5ad2c3dbba043533e470cc78661d4819cb507ce7b8f0ad8cf3c4e3,expert_wires+checkpoint,1,1,1
model.language_model.layers.45.mlp.experts.216.down_proj,routed,TESSERA_E4M3_K1_R1024,r1024,1,0,0.0001522961538285017,1.3030542942069042e-06,4219595,4219595,9960c73d5aa18be2573c53467b401d762919210ae6672ec833d66d4fa011f900,expert_wires+checkpoint,1,1,1
model.language_model.layers.45.mlp.experts.216.gate_proj,routed,TESSERA_BF16_K1_R1024,r1024,1,1,0.0008376339683309197,1.6588544015405972e-07,4231951,4231951,c1daf4cb084bc3a3c060e039ced7cb897d3fe7b63ff16d23861192f6685e3f69,expert_wires+checkpoint,1,1,1
model.language_model.layers.45.mlp.experts.216.gate_proj,routed,TESSERA_E4M3_K1_R1024,r1024,1,0,0.00117059878539294,9.838804756703186e-07,4215563,4215563,6761975bd8f055173d972256b28a2090e9509fdc3c5aea7d543873e2657d9f0b,expert_wires+checkpoint,1,1,1
model.language_model.layers.45.mlp.experts.216.up_proj,routed,TESSERA_BF16_K1_R1024,r1024,1,1,0.0009242284577339888,4.101468552818277e-07,4231951,4231951,a3d285d9bf0db42fe74e1949d64d7bdf707a91e45071aac7f9d1426c3f91ef62,expert_wires+checkpoint,1,1,1
model.language_model.layers.45.mlp.experts.216.up_proj,routed,TESSERA_E4M3_K1_R1024,r1024,1,0,0.0012858202680945396,2.3053317129037401e-07,4215563,4215563,89b514961b34b406f38d3f4b21c752a52036469c5aea0b8e2a0797f0e1b18d25,expert_wires+checkpoint,1,1,1
model.language_model.layers.45.mlp.experts.217.down_proj,routed,TESSERA_BF16_K1_R1024,r1024,1,1,0.0003074338601436466,3.274509173494191e-06,4235983,4235983,2b7085391e8dddf1fa46e48f428b5602c97ea280d8f54c40f4a3644e63d21c3c,expert_wires+checkpoint,1,1,1
model.language_model.layers.45.mlp.experts.217.down_proj,routed,TESSERA_E4M3_K1_R1024,r1024,1,0,0.00036844235728494823,1.1482810325193768e-06,4219595,4219595,60c9e94ca223c775431e68d7dd1e614c0f757dfca72ebaf91b64959994f5480b,expert_wires+checkpoint,1,1,1
model.language_model.layers.45.mlp.experts.217.gate_proj,routed,TESSERA_BF16_K1_R1024,r1024,1,1,0.0009612525464035571,3.156900175590951e-07,4231951,4231951,0288ac96fbc9d8082d89c4b65d3f460fdd26c2e56afe3f60f99c42fb11680548,expert_wires+checkpoint,1,1,1
model.language_model.layers.45.mlp.experts.217.gate_proj,routed,TESSERA_E4M3_K1_R1024,r1024,1,0,0.0013049609260633588,1.0059481468715358e-06,4215563,4215563,8cb1da12c09de6f559b977691d92a91a99e8880413c378789ada6a27c1422be5,expert_wires+checkpoint,1,1,1
model.language_model.layers.45.mlp.experts.217.up_proj,routed,TESSERA_BF16_K1_R1024,r1024,1,1,0.0010768763022497296,8.72421928068252e-07,4231951,4231951,a2f44e824386692a434da3f19dc63a197e9964662e86e4e79ed89944ec23ea5c,expert_wires+checkpoint,1,1,1
model.language_model.layers.45.mlp.experts.217.up_proj,routed,TESSERA_E4M3_K1_R1024,r1024,1,0,0.0014604502357542515,8.657373992585276e-07,4215563,4215563,c63f48695600f8579d78d1ac181cbdfe31c0f84ea94aef25fcf700a66c015748,expert_wires+checkpoint,1,1,1
model.language_model.layers.45.mlp.experts.218.down_proj,routed,TESSERA_BF16_K1_R1024,r1024,1,1,0.0005088723264634609,3.5316135467982117e-06,4235983,4235983,c9b68ba53045f7ed589da210de3d41027d847253890fa05005c9d62d79ff638c,expert_wires+checkpoint,1,1,1
model.language_model.layers.45.mlp.experts.218.down_proj,routed,TESSERA_E4M3_K1_R1024,r1024,1,0,0.0006673525203950703,2.955179259080119e-06,4219595,4219595,d84e278e297f4c3af914a3878f61763384b24e5615c5e8a1f0ca00fb69cb4e74,expert_wires+checkpoint,1,1,1
model.language_model.layers.45.mlp.experts.218.gate_proj,routed,TESSERA_BF16_K1_R1024,r1024,1,1,0.0005710857221856713,7.557703311542496e-07,4231951,4231951,0cab4102684ac110d2d21b421b68eea96e0373526a88ccf77c197df11913f88d,expert_wires+checkpoint,1,1,1
model.language_model.layers.45.mlp.experts.218.gate_proj,routed,TESSERA_E4M3_K1_R1024,r1024,1,0,0.0008637848077341914,1.8612235757706305e-06,4215563,4215563,4a63cbce5e14db638b19828626d2fd838cc16fbbc95531facd6a599b94885ec4,expert_wires+checkpoint,1,1,1
model.language_model.layers.45.mlp.experts.218.up_proj,routed,TESSERA_BF16_K1_R1024,r1024,1,1,0.0006545045180246234,8.88836619738301e-08,4231951,4231951,795ae2eca14b6b67acf7807ff71171eae96c9df6680ffad85c2a1ac4a1e7b54d,expert_wires+checkpoint,1,1,1
model.language_model.layers.45.mlp.experts.218.up_proj,routed,TESSERA_E4M3_K1_R1024,r1024,1,0,0.0009724033297970891,7.599017230935968e-07,4215563,4215563,a2e41a0326c8f370d886b91d2b6a48a7194772ac9118e0671a5f940e50b9bd3f,expert_wires+checkpoint,1,1,1
model.language_model.layers.45.mlp.experts.219.down_proj,routed,TESSERA_BF16_K1_R1024,r1024,1,1,0.00022251607151702046,8.973755258842026e-07,4235983,4235983,c8975e4753eee202e5413e9b42db89e3bc68471959daac635068c2a00e810315,expert_wires+checkpoint,1,1,1
model.language_model.layers.45.mlp.experts.219.down_proj,routed,TESSERA_E4M3_K1_R1024,r1024,1,0,0.00027433433569967747,9.273363184393202e-07,4219595,4219595,80dda2e1ade8b0e7028efbe40456364109ce36cecbac0b02b238b0c3e53ffecc,expert_wires+checkpoint,1,1,1
model.language_model.layers.45.mlp.experts.219.gate_proj,routed,TESSERA_BF16_K1_R1024,r1024,1,1,0.0007634982466697693,2.1272604167035258e-07,4231951,4231951,d3308da8c27a2b526b65c3000422e9699df51f077c3f293ea5b502177c6c1eff,expert_wires+checkpoint,1,1,1
model.language_model.layers.45.mlp.experts.219.gate_proj,routed,TESSERA_E4M3_K1_R1024,r1024,1,0,0.0010879093315452337,5.222861189790422e-07,4215563,4215563,dd4d0f1582a6252d393ce20f7507f130e0e70234e23ab18063485133d34d37d9,expert_wires+checkpoint,1,1,1
model.language_model.layers.45.mlp.experts.219.up_proj,routed,TESSERA_BF16_K1_R1024,r1024,1,1,0.0008435313357040286,5.84846491053825e-08,4231951,4231951,b13b39117c35f114d0709a61bb1025363b1edb58ed3230dc78205817a410040d,expert_wires+checkpoint,1,1,1
model.language_model.layers.45.mlp.experts.219.up_proj,routed,TESSERA_E4M3_K1_R1024,r1024,1,0,0.001202283427119255,5.122382914028499e-07,4215563,4215563,2d503c05e68169ceeb6667de39f4449dadb3c2415e65869dad0d246351b2ab39,expert_wires+checkpoint,1,1,1
model.language_model.layers.45.mlp.experts.22.down_proj,routed,TESSERA_BF16_K1_R1024,r1024,1,1,0.00015494204126298428,5.590852138924448e-07,4235983,4235983,44834fb3b5e3980c2d0daead13a3ede0d142650a105f796258b7376c395b128b,expert_wires+checkpoint,1,1,1
model.language_model.layers.45.mlp.experts.22.down_proj,routed,TESSERA_E4M3_K1_R1024,r1024,1,0,0.0001885576784843579,4.4387228973644343e-07,4219595,4219595,761ef05b756ec354591fdbd07878a52d4a7bd562f2fe5b1c4c0f8c33e1f6b72c,expert_wires+checkpoint,1,1,1
model.language_model.layers.45.mlp.experts.22.gate_proj,routed,TESSERA_BF16_K1_R1024,r1024,1,1,0.0008127866312861443,1.4598327417117305e-06,4231951,4231951,276d6a3600a58afffa820d7a06c69aac0c479788edfdce13d40c7a4e3cf730fe,expert_wires+checkpoint,1,1,1
model.language_model.layers.45.mlp.experts.22.gate_proj,routed,TESSERA_E4M3_K1_R1024,r1024,1,0,0.0011554155498743057,2.776131251683018e-07,4215563,4215563,a78cf8d3d25edbdb23e0ca1524321e71f2d0f2b460913881df20c4906ac427a7,expert_wires+checkpoint,1,1,1
model.language_model.layers.45.mlp.experts.22.up_proj,routed,TESSERA_BF16_K1_R1024,r1024,1,1,0.0008840173250064254,3.0991870670487507e-07,4231951,4231951,33be675c5cce47b55fb5fd7bb344eceb53a1681e5f87be77a47c58dfa623a617,expert_wires+checkpoint,1,1,1
model.language_model.layers.45.mlp.experts.22.up_proj,routed,TESSERA_E4M3_K1_R1024,r1024,1,0,0.0012561719631776214,4.214965499057313e-07,4215563,4215563,deb2d2fe472dd98cc1294fe433d73166d69a0829ced598d7c6ca71e72b092755,expert_wires+checkpoint,1,1,1
model.language_model.layers.45.mlp.experts.220.down_proj,routed,TESSERA_BF16_K1_R1024,r1024,1,1,0.0002452229964546859,6.476762850210488e-07,4235983,4235983,474dfadda44865fc5acfff6f91e0c77f15465706223b27edaef4ffe130e0df9d,expert_wires+checkpoint,1,1,1
model.language_model.layers.45.mlp.experts.220.down_proj,routed,TESSERA_E4M3_K1_R1024,r1024,1,0,0.00029134898795746267,1.5540285883306633e-06,4219595,4219595,681a6bef5c6c02725e2869844adb8bf29c6ea48dfd8766105192b42538d4ec1a,expert_wires+checkpoint,1,1,1
model.language_model.layers.45.mlp.experts.220.gate_proj,routed,TESSERA_BF16_K1_R1024,r1024,1,1,0.0009639173513278365,4.309829651773392e-07,4231951,4231951,ed4bb3ce96922a8f6c5891550b8b7a5aa4ed032cc2211bc753052de8552d0355,expert_wires+checkpoint,1,1,1
model.language_model.layers.45.mlp.experts.220.gate_proj,routed,TESSERA_E4M3_K1_R1024,r1024,1,0,0.0013331271475180984,6.539197805209719e-07,4215563,4215563,43a5c60c9b9696ada29327d834fabd430e0cc7590f860fb508df24276944fb23,expert_wires+checkpoint,1,1,1
model.language_model.layers.45.mlp.experts.220.up_proj,routed,TESSERA_BF16_K1_R1024,r1024,1,1,0.0010529391001909971,5.209260213192568e-07,4231951,4231951,d3d01ad75890dc75cc5261421985a2e8030c35bd936bce96bbd26155730426c9,expert_wires+checkpoint,1,1,1
model.language_model.layers.45.mlp.experts.220.up_proj,routed,TESSERA_E4M3_K1_R1024,r1024,1,0,0.001449153060093522,2.2190062541864732e-07,4215563,4215563,83c1c704633c66ad574aa0825410c6b60b694df7837fb679db82a7987206ef76,expert_wires+checkpoint,1,1,1
model.language_model.layers.45.mlp.experts.221.down_proj,routed,TESSERA_BF16_K1_R1024,r1024,1,1,0.00035084757837466896,1.4074943411863991e-06,4235983,4235983,850149e26c81c570aba5f1fdfe35a4811c2dfae72eef5a22e13066f26e1102f9,expert_wires+checkpoint,1,1,1
model.language_model.layers.45.mlp.experts.221.down_proj,routed,TESSERA_E4M3_K1_R1024,r1024,1,0,0.00044895493192598224,1.7575598252571789e-06,4219595,4219595,44902858191bc10cc33b421f84b16df3c1a745275e4eb63fc5ea88a9501dfd90,expert_wires+checkpoint,1,1,1
model.language_model.layers.45.mlp.experts.221.gate_proj,routed,TESSERA_BF16_K1_R1024,r1024,1,1,0.0006764223799109459,8.559493997755873e-07,4231951,4231951,59d4b39a8242edb24508ee45852832a0409c7c76e1d1c0330a5b460c419c7e05,expert_wires+checkpoint,1,1,1
model.language_model.layers.45.mlp.experts.221.gate_proj,routed,TESSERA_E4M3_K1_R1024,r1024,1,0,0.0009839078411459923,1.6920082768518284e-06,4215563,4215563,a01c58090956be78bf8a7a55cb27646092dcbc9acba3ce97335ece33760437d0,expert_wires+checkpoint,1,1,1
model.language_model.layers.45.mlp.experts.221.up_proj,routed,TESSERA_BF16_K1_R1024,r1024,1,1,0.0007683914736844599,9.729061547646566e-07,4231951,4231951,ffe6e4a062537eab0727e2485efe3d7d6481346b1afd3698f97dcbf458f2aea3,expert_wires+checkpoint,1,1,1
model.language_model.layers.45.mlp.experts.221.up_proj,routed,TESSERA_E4M3_K1_R1024,r1024,1,0,0.0011085367295891047,1.8929195145223264e-06,4215563,4215563,81da1978a5c4a6537b225e485a1d4ee61ac8d37a8d1ceb44878a8a4ea9defc7a,expert_wires+checkpoint,1,1,1
model.language_model.layers.45.mlp.experts.222.down_proj,routed,TESSERA_BF16_K1_R1024,r1024,1,1,0.0007257543038576841,3.3184144455337587e-07,4235983,4235983,2fd0e56b2eefe96c751c24ccd687a52ec669497294e9416c4633984c30080cff,expert_wires+checkpoint,1,1,1
model.language_model.layers.45.mlp.experts.222.down_proj,routed,TESSERA_E4M3_K1_R1024,r1024,1,0,0.0009632710716687143,5.449898449141467e-07,4219595,4219595,cf43dbc83d3299e443ba42a146f393f65d905251825bd309325bc1ba8907712e,expert_wires+checkpoint,1,1,1
model.language_model.layers.45.mlp.experts.222.gate_proj,routed,TESSERA_BF16_K1_R1024,r1024,1,1,0.000710882362909615,6.9216081834543875e-09,4231951,4231951,981c9915ad96dd8d69e557f1dcf5e919afb8b7f284097fc34203c5e5721eb03e,expert_wires+checkpoint,1,1,1
model.language_model.layers.45.mlp.experts.222.gate_proj,routed,TESSERA_E4M3_K1_R1024,r1024,1,0,0.0011215871199965477,3.94102016822486e-08,4215563,4215563,1c424ca0bf02f634bbf28839d1eba67fa29093b39b54f96c55a5c5562f18d2f6,expert_wires+checkpoint,1,1,1
model.language_model.layers.45.mlp.experts.222.up_proj,routed,TESSERA_BF16_K1_R1024,r1024,1,1,0.000674231443554163,5.232880052770013e-08,4231951,4231951,ef78d3a65a46250b85a87b1f2cd9fea97db17f2eb6d40e19bb0d395a152c9610,expert_wires+checkpoint,1,1,1
model.language_model.layers.45.mlp.experts.222.up_proj,routed,TESSERA_E4M3_K1_R1024,r1024,1,0,0.0010478978510946035,3.009485246219712e-07,4215563,4215563,a356aebdafb70819a49cd5ede1dcce24adbe6b7b61625d884bd7317ca104e887,expert_wires+checkpoint,1,1,1
model.language_model.layers.45.mlp.experts.223.down_proj,routed,TESSERA_BF16_K1_R1024,r1024,1,1,0.00011517621896928176,1.5283221855948074e-06,4235983,4235983,8c10acb883ab4697f7b4d950bfac08a88ef0cd84a4ce93241b43458f2e0cfcf1,expert_wires+checkpoint,1,1,1
model.language_model.layers.45.mlp.experts.223.down_proj,routed,TESSERA_E4M3_K1_R1024,r1024,1,0,0.00014185867621563375,5.86255205327582e-07,4219595,4219595,8ff4c5a9d4cb511b6653c196a3b3c2498cef88e8124a9b58fdac5e97f71652cf,expert_wires+checkpoint,1,1,1
model.language_model.layers.45.mlp.experts.223.gate_proj,routed,TESSERA_BF16_K1_R1024,r1024,1,1,0.0007946670521050692,1.7025695929143243e-07,4231951,4231951,2ba138e784a67a08331d2e51bd2cbce6a5853480bb99d0cd0882e4114a5135a5,expert_wires+checkpoint,1,1,1
model.language_model.layers.45.mlp.experts.223.gate_proj,routed,TESSERA_E4M3_K1_R1024,r1024,1,0,0.0011335385497659445,1.47035487089315e-07,4215563,4215563,65c423aebc019f62b0c96196b840268b02d6ef3139ce690c682b72897cbad6ae,expert_wires+checkpoint,1,1,1
model.language_model.layers.45.mlp.experts.223.up_proj,routed,TESSERA_BF16_K1_R1024,r1024,1,1,0.0009163246140815318,6.366183665340182e-08,4231951,4231951,9a76f5d2dbbade8e7f848397bb133c74356ad301fad69e70f10e2258a7e9ac3e,expert_wires+checkpoint,1,1,1
model.language_model.layers.45.mlp.experts.223.up_proj,routed,TESSERA_E4M3_K1_R1024,r1024,1,0,0.0012927422067150474,6.879033559735617e-07,4215563,4215563,04df6b5405a6fd3c0252cf8cb74dded47b7918154e3412171c972c1e5fc19f9d,expert_wires+checkpoint,1,1,1
model.language_model.layers.45.mlp.experts.224.down_proj,routed,TESSERA_BF16_K1_R1024,r1024,1,1,0.0004623094864655286,7.801668495685879e-07,4235983,4235983,758d107994ee78a09d1c3922f4bf973bf361194e94fdaf0275b1e15175326e48,expert_wires+checkpoint,1,1,1
model.language_model.layers.45.mlp.experts.224.down_proj,routed,TESSERA_E4M3_K1_R1024,r1024,1,0,0.0004923344240523875,1.583388237935057e-06,4219595,4219595,67c9e4b92aa16092fcb09f402c1b5526f3e13edfc2c6a0e742e6819d1e4fe31d,expert_wires+checkpoint,1,1,1
model.language_model.layers.45.mlp.experts.224.gate_proj,routed,TESSERA_BF16_K1_R1024,r1024,1,1,0.0010896509047597647,8.716423333276192e-08,4231951,4231951,fbc952a9d48705fb93faf5f3eb67a05ab79a94737b41f20e67dfb7ff04583084,expert_wires+checkpoint,1,1,1
model.language_model.layers.45.mlp.experts.224.gate_proj,routed,TESSERA_E4M3_K1_R1024,r1024,1,0,0.001609558123163879,3.4118239815699084e-07,4215563,4215563,610f6e8765ef70a1daa76d67921ac4b084fad21b9681dfb5a7916729211b5094,expert_wires+checkpoint,1,1,1
model.language_model.layers.45.mlp.experts.224.up_proj,routed,TESSERA_BF16_K1_R1024,r1024,1,1,0.0009871134534478188,2.5591460213524976e-07,4231951,4231951,724b29486f25159736c7e19a34136ac1d69dc2d7f8731fb6019800244e318c46,expert_wires+checkpoint,1,1,1
model.language_model.layers.45.mlp.experts.224.up_proj,routed,TESSERA_E4M3_K1_R1024,r1024,1,0,0.0014357317704707384,2.886957818788337e-07,4215563,4215563,fb8ca19013788f25666ed6c234afc3d7617ef28f311cd6feda860b9d358898f4,expert_wires+checkpoint,1,1,1
model.language_model.layers.45.mlp.experts.225.down_proj,routed,TESSERA_BF16_K1_R1024,r1024,1,1,0.0002101371210301295,6.168265027232076e-08,4235983,4235983,74f54e065ea40d9f52a79a782f863aa3499ddc69687eac6c1b1bc60e8864d51e,expert_wires+checkpoint,1,1,1
model.language_model.layers.45.mlp.experts.225.down_proj,routed,TESSERA_E4M3_K1_R1024,r1024,1,0,0.000260841945419088,3.706499961710488e-07,4219595,4219595,282ca7bc7f3a0b53c6345499657f5f510e1dfdd9f931911448ff09cb1115b24f,expert_wires+checkpoint,1,1,1
model.language_model.layers.45.mlp.experts.225.gate_proj,routed,TESSERA_BF16_K1_R1024,r1024,1,1,0.0007403886411339045,1.5470256264463935e-07,4231951,4231951,0d255c08a0d3879502b172432fda0fa0391dbeecea782c742e74b96b3232a4c8,expert_wires+checkpoint,1,1,1
model.language_model.layers.45.mlp.experts.225.gate_proj,routed,TESSERA_E4M3_K1_R1024,r1024,1,0,0.0010938543127849698,1.0825625906671615e-07,4215563,4215563,cab210a09469ce2617b2accaf604d5719dd279f1c0aa32e125d5d992224208ff,expert_wires+checkpoint,1,1,1
model.language_model.layers.45.mlp.experts.225.up_proj,routed,TESSERA_BF16_K1_R1024,r1024,1,1,0.0007920521311461926,9.951971506712371e-08,4231951,4231951,108c500efae313856a87ca345c4c2485a4269a86bf1b322c00eb9eb4dcf1a2ed,expert_wires+checkpoint,1,1,1
model.language_model.layers.45.mlp.experts.225.up_proj,routed,TESSERA_E4M3_K1_R1024,r1024,1,0,0.0011629723012447357,1.2876537848851365e-07,4215563,4215563,00fb680dfb5438a32a84a154b07ac969fb564395292c43c690e75baabd66140f,expert_wires+checkpoint,1,1,1
model.language_model.layers.45.mlp.experts.226.down_proj,routed,TESSERA_BF16_K1_R1024,r1024,1,1,0.00016202066035475582,7.42564129970835e-07,4235983,4235983,d2fc94834d2f59f1ff34134e74981dbe601197026093c560c554f45fe9dee0e8,expert_wires+checkpoint,1,1,1
model.language_model.layers.45.mlp.experts.226.down_proj,routed,TESSERA_E4M3_K1_R1024,r1024,1,0,0.00019789367797784507,8.800472291933924e-07,4219595,4219595,775685bdc48ecc21706db0bf467c011c91e629fb814267bd876e02d7454ff577,expert_wires+checkpoint,1,1,1
model.language_model.layers.45.mlp.experts.226.gate_proj,routed,TESSERA_BF16_K1_R1024,r1024,1,1,0.0007268751505762339,3.4176545243111477e-07,4231951,4231951,46275f239ff6d5c354d02ed1061f6f40ef65349da392789a49f23bab2f3f549d,expert_wires+checkpoint,1,1,1
model.language_model.layers.45.mlp.experts.226.gate_proj,routed,TESSERA_E4M3_K1_R1024,r1024,1,0,0.0010375282727181911,5.053131705924416e-07,4215563,4215563,0f41dccefec6277ff42e94811172049b4c0945002c9c9a800fa1a2601e658edb,expert_wires+checkpoint,1,1,1
model.language_model.layers.45.mlp.experts.226.up_proj,routed,TESSERA_BF16_K1_R1024,r1024,1,1,0.0008161825826391578,2.712262591148883e-07,4231951,4231951,954c1718dcfec027f5f92f82bcb32fab115f355c6ad5c00abc3fdc1b672716c1,expert_wires+checkpoint,1,1,1
model.language_model.layers.45.mlp.experts.226.up_proj,routed,TESSERA_E4M3_K1_R1024,r1024,1,0,0.0011578260455280542,5.761129256096763e-07,4215563,4215563,b28d831fdcedadde91568de61d8ae032ba96fee9dc880aad6d0e08458e0f378d,expert_wires+checkpoint,1,1,1
model.language_model.layers.45.mlp.experts.227.down_proj,routed,TESSERA_BF16_K1_R1024,r1024,1,1,0.0001960642111953348,1.445563423017762e-06,4235983,4235983,f204487d9d5d05291ded01ba62d2466f2b1400efb4215d0259b0eb6fc53a8c21,expert_wires+checkpoint,1,1,1
model.language_model.layers.45.mlp.experts.227.down_proj,routed,TESSERA_E4M3_K1_R1024,r1024,1,0,0.00024145364295691252,1.7620488197026684e-07,4219595,4219595,5d15ea75d4e85350552ff12e895d7f6e89d11db61f41de4769c3cb179acec0ed,expert_wires+checkpoint,1,1,1
model.language_model.layers.45.mlp.experts.227.gate_proj,routed,TESSERA_BF16_K1_R1024,r1024,1,1,0.0010246403981000185,3.9620331947261186e-07,4231951,4231951,80d9b35b7d895ba7356a90727b68b8cd504a36c5e01ab359d27cdcb45604becf,expert_wires+checkpoint,1,1,1
model.language_model.layers.45.mlp.experts.227.gate_proj,routed,TESSERA_E4M3_K1_R1024,r1024,1,0,0.001452061114832759,9.874380219328332e-07,4215563,4215563,2045f673e075a155b92e42ba3e6f5b6f15d56eac609b9e40a7ae73f046853c53,expert_wires+checkpoint,1,1,1
model.language_model.layers.45.mlp.experts.227.up_proj,routed,TESSERA_BF16_K1_R1024,r1024,1,1,0.0011428975267335773,1.8958152381102838e-07,4231951,4231951,b49a9d21a489bf25e76a124581207d1e44e6d13a0e2783e463b84692f42ef515,expert_wires+checkpoint,1,1,1
model.language_model.layers.45.mlp.experts.227.up_proj,routed,TESSERA_E4M3_K1_R1024,r1024,1,0,0.0015919742872938514,1.3552268016533857e-07,4215563,4215563,7061ef23a5213e7666183c3c3f589cc75383962dad614ad8f8a91a9c91e09127,expert_wires+checkpoint,1,1,1
model.language_model.layers.45.mlp.experts.228.down_proj,routed,TESSERA_BF16_K1_R1024,r1024,1,1,6.327259325189516e-05,5.518405114800743e-07,4235983,4235983,077626c1e65fa262994dc961852da4550ce0a766004ea85c423b79b29f1080fd,expert_wires+checkpoint,1,1,1
model.language_model.layers.45.mlp.experts.228.down_proj,routed,TESSERA_E4M3_K1_R1024,r1024,1,0,8.086195157375187e-05,1.710418811163302e-06,4219595,4219595,cd791ec23d46ed5b7abff43712ab256f72b44c6bf6af85a55b2904495b304952,expert_wires+checkpoint,1,1,1
model.language_model.layers.45.mlp.experts.228.gate_proj,routed,TESSERA_BF16_K1_R1024,r1024,1,1,0.0008087762398645282,9.415403394412283e-08,4231951,4231951,461cae97eda836f464c6dad604a8354812223172adebe2dc66d13a2ef37f1a49,expert_wires+checkpoint,1,1,1
model.language_model.layers.45.mlp.experts.228.gate_proj,routed,TESSERA_E4M3_K1_R1024,r1024,1,0,0.0011261076433584094,1.262714172401844e-07,4215563,4215563,c8841033a7e387424b4e742881a9109afed242c73d7507358e8fcacb332ff0da,expert_wires+checkpoint,1,1,1
model.language_model.layers.45.mlp.experts.228.up_proj,routed,TESSERA_BF16_K1_R1024,r1024,1,1,0.0008551419014111161,1.749042225450807e-07,4231951,4231951,47bb94399e62ed9a365557c60454b67247e40f755580f4b72740f8bf51f28fe2,expert_wires+checkpoint,1,1,1
model.language_model.layers.45.mlp.experts.228.up_proj,routed,TESSERA_E4M3_K1_R1024,r1024,1,0,0.0011730068363249302,4.899305623518337e-07,4215563,4215563,ac44108c9cbc4a8bf50b5f164e48716017f2acdb3bfad9e11197d807b580731c,expert_wires+checkpoint,1,1,1
model.language_model.layers.45.mlp.experts.229.down_proj,routed,TESSERA_BF16_K1_R1024,r1024,1,1,0.00010682477295631543,2.3416161092636962e-06,4235983,4235983,db6e5eca33ba3830e1be323bb99dfe75705cdd3962e818fd6c867c26cef98943,expert_wires+checkpoint,1,1,1
model.language_model.layers.45.mlp.experts.229.down_proj,routed,TESSERA_E4M3_K1_R1024,r1024,1,0,0.00013106520054861903,8.224007574817917e-08,4219595,4219595,8b779ba19e6dd24b9d1214427c8074b0e04b2ef64bec9c449ace33b1dfd745c2,expert_wires+checkpoint,1,1,1
model.language_model.layers.45.mlp.experts.229.gate_proj,routed,TESSERA_BF16_K1_R1024,r1024,1,1,0.0007083178497850895,7.536658512369113e-07,4231951,4231951,8df67eefe8d185d72bc3a578e946b27d12c0c9bcf60f8a541ca1cf9d7032e6d2,expert_wires+checkpoint,1,1,1
model.language_model.layers.45.mlp.experts.229.gate_proj,routed,TESSERA_E4M3_K1_R1024,r1024,1,0,0.0010014139115810394,4.699181555034132e-07,4215563,4215563,0cbf0ab473ebaed337b4dad03caf542cd4f1b302ec8f2e743d4bad5741e36e92,expert_wires+checkpoint,1,1,1
model.language_model.layers.45.mlp.experts.229.up_proj,routed,TESSERA_BF16_K1_R1024,r1024,1,1,0.0007472127326764166,1.9449823383972247e-07,4231951,4231951,f4b99f86eec2b0aa3532ca711a3dd270dc2d880bff36ced134f257e8e77386d3,expert_wires+checkpoint,1,1,1
model.language_model.layers.45.mlp.experts.229.up_proj,routed,TESSERA_E4M3_K1_R1024,r1024,1,0,0.0010573207400739193,4.166672255160065e-07,4215563,4215563,1e9abcb79788722fa834766502362a26e2834d851187b54ec316c43f5f0f7fb1,expert_wires+checkpoint,1,1,1
model.language_model.layers.45.mlp.experts.23.down_proj,routed,TESSERA_BF16_K1_R1024,r1024,1,1,0.00015598905156366527,6.85792767498861e-07,4235983,4235983,321cc2b68b272f528c3e2f1873b47b542a184405ffd86a7b5de4ab486c420bc4,expert_wires+checkpoint,1,1,1
model.language_model.layers.45.mlp.experts.23.down_proj,routed,TESSERA_E4M3_K1_R1024,r1024,1,0,0.00018772928160615265,6.054971237288606e-07,4219595,4219595,bdbadfa9035e40f5cfb680d466cc7f43f3d98ed1d3bd76b9a2898ce563557154,expert_wires+checkpoint,1,1,1
model.language_model.layers.45.mlp.experts.23.gate_proj,routed,TESSERA_BF16_K1_R1024,r1024,1,1,0.00089982186909765,2.9544308185302534e-07,4231951,4231951,e0e1261aceb30d706affc20f80e2e65006cedfbcd6409286ec586127edebfb8f,expert_wires+checkpoint,1,1,1
model.language_model.layers.45.mlp.experts.23.gate_proj,routed,TESSERA_E4M3_K1_R1024,r1024,1,0,0.0012682185042649508,8.8671678371255e-08,4215563,4215563,8cc2c8c4f1b199edb759c64ca192634d77312ef5b0ffb8b340d7a553d39da427,expert_wires+checkpoint,1,1,1
model.language_model.layers.45.mlp.experts.23.up_proj,routed,TESSERA_BF16_K1_R1024,r1024,1,1,0.0009353120112791657,4.24775345932543e-07,4231951,4231951,2fde18f7ceb8d416dc8f04bc009ae1e84be8889bdd3b3a4a4a966322299ba66d,expert_wires+checkpoint,1,1,1
model.language_model.layers.45.mlp.experts.23.up_proj,routed,TESSERA_E4M3_K1_R1024,r1024,1,0,0.0013130836887285113,6.124299755354388e-07,4215563,4215563,86f80796703537dba715a7d19b2638cb414e5fc9cc90f4765959daeb0198af8f,expert_wires+checkpoint,1,1,1
model.language_model.layers.45.mlp.experts.230.down_proj,routed,TESSERA_BF16_K1_R1024,r1024,1,1,0.0003034567926079035,4.2787872519396353e-07,4235983,4235983,6ab4cd617f67289c6a0a3606ecd9ac1016803bd8e70a410db923897adb2cee69,expert_wires+checkpoint,1,1,1
model.language_model.layers.45.mlp.experts.230.down_proj,routed,TESSERA_E4M3_K1_R1024,r1024,1,0,0.0003670539299491793,9.607346298441455e-07,4219595,4219595,9fe05de9cdfc34c20fc783a3165ad33fdc12806e0027d0583454c5e63ae9f691,expert_wires+checkpoint,1,1,1
model.language_model.layers.45.mlp.experts.230.gate_proj,routed,TESSERA_BF16_K1_R1024,r1024,1,1,0.0009505627094767988,4.4963776910766043e-07,4231951,4231951,0a7feae64ef7f4ef6e2b4b3bbd4bd31fdd35e17754deb5eba27d46e37f7ddc40,expert_wires+checkpoint,1,1,1
model.language_model.layers.45.mlp.experts.230.gate_proj,routed,TESSERA_E4M3_K1_R1024,r1024,1,0,0.0013206272851675749,9.043622419434949e-07,4215563,4215563,63d80a190a38c62ab9914c2747720a6646dcaffccc4ffaa6570d35d4236bd78a,expert_wires+checkpoint,1,1,1
model.language_model.layers.45.mlp.experts.230.up_proj,routed,TESSERA_BF16_K1_R1024,r1024,1,1,0.001050516264513135,1.4553456425393915e-06,4231951,4231951,5d1065c823210795e7afac2c20993f64179b079337a3d21c7c1a9cc52b9479dc,expert_wires+checkpoint,1,1,1
model.language_model.layers.45.mlp.experts.230.up_proj,routed,TESSERA_E4M3_K1_R1024,r1024,1,0,0.0014543273719027638,2.738940367781423e-07,4215563,4215563,bdcb03976cdcc34ad870239556f7c88e52a7d6bfc191073446a5f6b89eab48dd,expert_wires+checkpoint,1,1,1
model.language_model.layers.45.mlp.experts.231.down_proj,routed,TESSERA_BF16_K1_R1024,r1024,1,1,0.00012565168435685337,2.13561780946793e-07,4235983,4235983,8d4d82c4213fd4873a49bcbe11f6823dfab7ca328379f0c309b95ab70c0f9901,expert_wires+checkpoint,1,1,1
model.language_model.layers.45.mlp.experts.231.down_proj,routed,TESSERA_E4M3_K1_R1024,r1024,1,0,0.00015288154827430844,3.0729864234396833e-07,4219595,4219595,82d4ba19bcecee81c84235266384506b3cbe9af432d260b992171fc2905bab41,expert_wires+checkpoint,1,1,1
model.language_model.layers.45.mlp.experts.231.gate_proj,routed,TESSERA_BF16_K1_R1024,r1024,1,1,0.0007287726039066911,1.4171273037066053e-07,4231951,4231951,6b84ce3e5e15c516f3e63403107fa914e3178e8f2d22020f83b5ecfc510c96bb,expert_wires+checkpoint,1,1,1
model.language_model.layers.45.mlp.experts.231.gate_proj,routed,TESSERA_E4M3_K1_R1024,r1024,1,0,0.0010225805453956127,2.5045629971149995e-07,4215563,4215563,137300af8a79af130ea47ca12e246cca192fdfb6e67a4d276963c3d4f3e85d44,expert_wires+checkpoint,1,1,1
model.language_model.layers.45.mlp.experts.231.up_proj,routed,TESSERA_BF16_K1_R1024,r1024,1,1,0.0008425528649240732,5.03724876054274e-08,4231951,4231951,52390ca191df9f50e58057115ad466c56847637550ea1d32172609e67c19ac41,expert_wires+checkpoint,1,1,1
model.language_model.layers.45.mlp.experts.231.up_proj,routed,TESSERA_E4M3_K1_R1024,r1024,1,0,0.0011797010665759444,1.5203179595729408e-07,4215563,4215563,f7e5db9132cbc34a3e6d838ed726c4d43f75965e56ce3d1f493068ec83685011,expert_wires+checkpoint,1,1,1
model.language_model.layers.45.mlp.experts.232.down_proj,routed,TESSERA_BF16_K1_R1024,r1024,1,1,0.0001330508675891906,1.7461590254080626e-06,4235983,4235983,a02b3658eb81e0a1cc606d5513fc4e10d9450a8f9b4754965b81e28d527d7a21,expert_wires+checkpoint,1,1,1
model.language_model.layers.45.mlp.experts.232.down_proj,routed,TESSERA_E4M3_K1_R1024,r1024,1,0,0.0001965070841833949,1.7315431519103177e-06,4219595,4219595,f93ee33343be66f3e24daf18c9519bace946f1367445375ac15f5d6106d54fd6,expert_wires+checkpoint,1,1,1
model.language_model.layers.45.mlp.experts.232.gate_proj,routed,TESSERA_BF16_K1_R1024,r1024,1,1,0.0004970798036083579,8.486857844909315e-07,4231951,4231951,37ea24ea8faf7fd7d222987339169880f7cea1e2edfb7669793335cae0f42e96,expert_wires+checkpoint,1,1,1
model.language_model.layers.45.mlp.experts.232.gate_proj,routed,TESSERA_E4M3_K1_R1024,r1024,1,0,0.0008183124591596425,6.547791261281519e-07,4215563,4215563,17dd1521f4e7a4fd5a14280549485c7b8ff52dce5934640592c19911fdeb622b,expert_wires+checkpoint,1,1,1
model.language_model.layers.45.mlp.experts.232.up_proj,routed,TESSERA_BF16_K1_R1024,r1024,1,1,0.0005405301344580948,8.119088411886863e-07,4231951,4231951,6e5dd0ef54f72151d94e0cc6df25c7c208e366d6577868cb4e737726cb8835c2,expert_wires+checkpoint,1,1,1
model.language_model.layers.45.mlp.experts.232.up_proj,routed,TESSERA_E4M3_K1_R1024,r1024,1,0,0.0008843154646456242,1.8638329208471232e-06,4215563,4215563,3ecff433c78d15658ac00d45aeb415a9071e59bf80e6b5c0cf09be3539eba4ed,expert_wires+checkpoint,1,1,1
model.language_model.layers.45.mlp.experts.233.down_proj,routed,TESSERA_BF16_K1_R1024,r1024,1,1,0.00023237362620420754,1.9520451248902696e-07,4235983,4235983,105558f1412050fe14945841abe1e01800f1bfc178ed862385207d990f0ac0e3,expert_wires+checkpoint,1,1,1
model.language_model.layers.45.mlp.experts.233.down_proj,routed,TESSERA_E4M3_K1_R1024,r1024,1,0,0.0002883202105294913,2.3569847620951824e-06,4219595,4219595,daec20c4b9425aad474ab928ffc2eaa2df3c05897f6d03d1f37e15f8c8c2785d,expert_wires+checkpoint,1,1,1
model.language_model.layers.45.mlp.experts.233.gate_proj,routed,TESSERA_BF16_K1_R1024,r1024,1,1,0.0007345349295064807,1.5649812007713428e-07,4231951,4231951,c41855680367693576817271868d5790ae48c558b24098dfe3405fef9620f2dd,expert_wires+checkpoint,1,1,1
model.language_model.layers.45.mlp.experts.233.gate_proj,routed,TESSERA_E4M3_K1_R1024,r1024,1,0,0.0010602741967886686,5.290074823747315e-07,4215563,4215563,42039cee1d3f080576e5ab0d498d5e80e879e2ecfa61db5bcf7ac21399796261,expert_wires+checkpoint,1,1,1
model.language_model.layers.45.mlp.experts.233.up_proj,routed,TESSERA_BF16_K1_R1024,r1024,1,1,0.0008233011467382312,9.737645144152767e-07,4231951,4231951,2e58deca9be0bd941c8531dc18d5dc6cc0ff6233754d8e6f2b4a8fc7fe6f8615,expert_wires+checkpoint,1,1,1
model.language_model.layers.45.mlp.experts.233.up_proj,routed,TESSERA_E4M3_K1_R1024,r1024,1,0,0.0011820734944194555,3.5545686348497267e-07,4215563,4215563,80718f0fd99f6b2fd9879153dc6150c333391a5fb64a10f8766b202b0c156238,expert_wires+checkpoint,1,1,1
model.language_model.layers.45.mlp.experts.234.down_proj,routed,TESSERA_BF16_K1_R1024,r1024,1,1,0.0003591343411244452,6.336810312117608e-07,4235983,4235983,660e650aa20e67a486ef790a98093bec0025702a43dc4f78c7f7311e333b261c,expert_wires+checkpoint,1,1,1
model.language_model.layers.45.mlp.experts.234.down_proj,routed,TESSERA_E4M3_K1_R1024,r1024,1,0,0.0004641030100174248,1.087361752778277e-06,4219595,4219595,776cc6b8bb15ddfe0f1fa6c423669dbc3fc791ddcb8c2808d6244e51304f0095,expert_wires+checkpoint,1,1,1
model.language_model.layers.45.mlp.experts.234.gate_proj,routed,TESSERA_BF16_K1_R1024,r1024,1,1,0.0005672829574905336,1.114879344468737e-07,4231951,4231951,cb741f56608c89079a1e83a2292dce5a4e961fbd0ad1b49a918833424a017df2,expert_wires+checkpoint,1,1,1
model.language_model.layers.45.mlp.experts.234.gate_proj,routed,TESSERA_E4M3_K1_R1024,r1024,1,0,0.0008434198098257184,1.7688845077485632e-07,4215563,4215563,ec579bc0c6de95bcc23f7a6e887d388e969f8f3ea58d287e60ac575088dca10f,expert_wires+checkpoint,1,1,1
model.language_model.layers.45.mlp.experts.234.up_proj,routed,TESSERA_BF16_K1_R1024,r1024,1,1,0.0006831551436334848,5.2684444109687425e-08,4231951,4231951,b3a1ce0ceb68955083ae42cffd944d373c8e3fb96e03cd958f760a54fbc3c684,expert_wires+checkpoint,1,1,1
model.language_model.layers.45.mlp.experts.234.up_proj,routed,TESSERA_E4M3_K1_R1024,r1024,1,0,0.0010152625618502498,1.4831107819981056e-08,4215563,4215563,8a261328d3c6e89dda7331c5a36dcf7d0801175fc19f37c62f42a9179ad102e1,expert_wires+checkpoint,1,1,1
model.language_model.layers.45.mlp.experts.235.down_proj,routed,TESSERA_BF16_K1_R1024,r1024,1,1,0.00026969448663294315,1.4764676349090386e-07,4235983,4235983,80ca4e54d8666a7c992d626eb38b13d38f7ab2d9a96deb6a966dd0aa23a8168e,expert_wires+checkpoint,1,1,1
model.language_model.layers.45.mlp.experts.235.down_proj,routed,TESSERA_E4M3_K1_R1024,r1024,1,0,0.00033772463211789727,3.028034110968774e-06,4219595,4219595,07a8d82e9f484bca43f50d27ccb0abe7a77ae15bfe0f9f5239a39389363940c6,expert_wires+checkpoint,1,1,1
model.language_model.layers.45.mlp.experts.235.gate_proj,routed,TESSERA_BF16_K1_R1024,r1024,1,1,0.0007225662702694535,8.509064993077221e-07,4231951,4231951,865a20e0f0703003bb52a57898f7a5b7d3b30ba6e8ca92b23d143c162981fe84,expert_wires+checkpoint,1,1,1
model.language_model.layers.45.mlp.experts.235.gate_proj,routed,TESSERA_E4M3_K1_R1024,r1024,1,0,0.0010641111293807626,6.584408326591593e-07,4215563,4215563,a846bb74ca7679d2df76d6710301bdaa24aeefb9cea5549a3a0c6bf71680c84f,expert_wires+checkpoint,1,1,1
model.language_model.layers.45.mlp.experts.235.up_proj,routed,TESSERA_BF16_K1_R1024,r1024,1,1,0.0007951115840114653,3.2833125984697523e-07,4231951,4231951,98dba6904257eadc5d08ccff9e393d8388cf818a102fee600653d6a8355347a3,expert_wires+checkpoint,1,1,1
model.language_model.layers.45.mlp.experts.235.up_proj,routed,TESSERA_E4M3_K1_R1024,r1024,1,0,0.001152825658209622,4.621190662653028e-07,4215563,4215563,ae11128e2c7127283267db889b11c537f4a74345a20b1517e5690e45692b5072,expert_wires+checkpoint,1,1,1
model.language_model.layers.45.mlp.experts.236.down_proj,routed,TESSERA_BF16_K1_R1024,r1024,1,1,0.0001613861386431381,1.4423663394550472e-06,4235983,4235983,0e4f53bf881f64a6c70216b7c69a9d7e8d7ed4140671a6d9af792c218cca443f,expert_wires+checkpoint,1,1,1
model.language_model.layers.45.mlp.experts.236.down_proj,routed,TESSERA_E4M3_K1_R1024,r1024,1,0,0.0001952250604517758,2.58514238553033e-06,4219595,4219595,dbf48632c0dfd274d78f071360dd65bfcf22e67d79a5b7babcf37100b532d349,expert_wires+checkpoint,1,1,1
model.language_model.layers.45.mlp.experts.236.gate_proj,routed,TESSERA_BF16_K1_R1024,r1024,1,1,0.0008397080237045884,7.177877978218611e-07,4231951,4231951,9c2f852648672e368a555a843fcf7dfca05a1e7101ded97cab92f1786225afae,expert_wires+checkpoint,1,1,1
model.language_model.layers.45.mlp.experts.236.gate_proj,routed,TESSERA_E4M3_K1_R1024,r1024,1,0,0.0011857333593070507,1.0975061548716346e-06,4215563,4215563,8838b93fc0b9c77fda4e9a993ec069d9ac02ae8ecffadc62ba5d1f851aa26b13,expert_wires+checkpoint,1,1,1
model.language_model.layers.45.mlp.experts.236.up_proj,routed,TESSERA_BF16_K1_R1024,r1024,1,1,0.0008768962579779327,6.596552179878948e-07,4231951,4231951,ae1b1475e7f132f41ceaa205fd32f633631fdb5dc14a03242958ab369f02707e,expert_wires+checkpoint,1,1,1
model.language_model.layers.45.mlp.experts.236.up_proj,routed,TESSERA_E4M3_K1_R1024,r1024,1,0,0.0012361266417428851,5.53914265574229e-07,4215563,4215563,40e0ba7825e8b70aa31e8cff8d26710bf2a4e5f52b71700425a3639bd46e5ca1,expert_wires+checkpoint,1,1,1
model.language_model.layers.45.mlp.experts.237.down_proj,routed,TESSERA_BF16_K1_R1024,r1024,1,1,0.00023122323909774423,9.88835927153834e-07,4235983,4235983,4f4fcac82af757b5f337021a98af9337f4c52bbc3f6eb8f15f68e64ef28f1b43,expert_wires+checkpoint,1,1,1
model.language_model.layers.45.mlp.experts.237.down_proj,routed,TESSERA_E4M3_K1_R1024,r1024,1,0,0.0002966451575048268,7.316207598956617e-07,4219595,4219595,7defc34a9a0f159b6a8a26fd0641e5eae0607ef9cb612376598ab794c1a89eb2,expert_wires+checkpoint,1,1,1
model.language_model.layers.45.mlp.experts.237.gate_proj,routed,TESSERA_BF16_K1_R1024,r1024,1,1,0.0007240504492074251,2.1771757097664312e-07,4231951,4231951,3a36c3978b1db4bb33e132b9a9c74104ed7caed4a4acd9cf6cc37c9a6f8b2f8f,expert_wires+checkpoint,1,1,1
model.language_model.layers.45.mlp.experts.237.gate_proj,routed,TESSERA_E4M3_K1_R1024,r1024,1,0,0.0010863756760954857,3.044004205563772e-07,4215563,4215563,af53b0be9ba9946328d5df03e532a91dd64e1407f88f343eb266cf92f5525961,expert_wires+checkpoint,1,1,1
model.language_model.layers.45.mlp.experts.237.up_proj,routed,TESSERA_BF16_K1_R1024,r1024,1,1,0.0007946945261210203,1.4644587733011454e-07,4231951,4231951,e54c628794ac7cf0c7faa4cdabeead81fa627e7e6c93a357b59424c88ebf6d73,expert_wires+checkpoint,1,1,1
model.language_model.layers.45.mlp.experts.237.up_proj,routed,TESSERA_E4M3_K1_R1024,r1024,1,0,0.0011813200544565916,3.4060562068588734e-07,4215563,4215563,46983c62545af76787171920b7c13d5ade34fe2013483bfc77d712b64bc05afd,expert_wires+checkpoint,1,1,1
model.language_model.layers.45.mlp.experts.238.down_proj,routed,TESSERA_BF16_K1_R1024,r1024,1,1,0.00022071425337344408,1.4443985179769866e-07,4235983,4235983,1cbe9404ac93414e98acb8cec40a90d9cc9fdd504e3bc1c4da298dd9dc3b489d,expert_wires+checkpoint,1,1,1
model.language_model.layers.45.mlp.experts.238.down_proj,routed,TESSERA_E4M3_K1_R1024,r1024,1,0,0.00029156249365769327,2.6428834294135537e-07,4219595,4219595,d05ad3e04bae931a1f8b5b05d5802739ca369d02363905d2f49afb6ff75dd765,expert_wires+checkpoint,1,1,1
model.language_model.layers.45.mlp.experts.238.gate_proj,routed,TESSERA_BF16_K1_R1024,r1024,1,1,0.000490108912345022,1.5347566560686599e-07,4231951,4231951,50908625d543a9044f7155001d15e043e4404c38abea8c5f0746265b3c687953,expert_wires+checkpoint,1,1,1
model.language_model.layers.45.mlp.experts.238.gate_proj,routed,TESSERA_E4M3_K1_R1024,r1024,1,0,0.0007755616679787636,8.825175430876411e-08,4215563,4215563,df5f6799d47b5b9c6e988824dc6bb9e0cea88de1ef870e615e1ad41257881484,expert_wires+checkpoint,1,1,1
model.language_model.layers.45.mlp.experts.238.up_proj,routed,TESSERA_BF16_K1_R1024,r1024,1,1,0.0005658204900100827,7.498673924995221e-08,4231951,4231951,50c9a73f2867d3d1aee36246524cb08eebe6bfc955f5031ed38bf550df45c2db,expert_wires+checkpoint,1,1,1
model.language_model.layers.45.mlp.experts.238.up_proj,routed,TESSERA_E4M3_K1_R1024,r1024,1,0,0.0008846201817505062,4.204569588524638e-07,4215563,4215563,afff3f9d6de66537282a5993c3923718e827d13befb72211686f3cadbd18bc8f,expert_wires+checkpoint,1,1,1
model.language_model.layers.45.mlp.experts.239.down_proj,routed,TESSERA_BF16_K1_R1024,r1024,1,1,8.868511213222519e-05,1.9407165393522989e-07,4235983,4235983,0b03c4c5199b56f410795a258afe23e6bf6c3a64517c4cb1ed450737f9bd5d81,expert_wires+checkpoint,1,1,1
model.language_model.layers.45.mlp.experts.239.down_proj,routed,TESSERA_E4M3_K1_R1024,r1024,1,0,0.00011207350326003507,2.2475744376925078e-07,4219595,4219595,5519df0be3b34f92c9c54d97428fc476b4c803f1de5432c19547cfd63f122d36,expert_wires+checkpoint,1,1,1
model.language_model.layers.45.mlp.experts.239.gate_proj,routed,TESSERA_BF16_K1_R1024,r1024,1,1,0.000980153912678361,8.53528697058103e-08,4231951,4231951,2f1a1d927c2b84adce6249b3057fad418ffa393a0734c1506b09d565bf964264,expert_wires+checkpoint,1,1,1
model.language_model.layers.45.mlp.experts.239.gate_proj,routed,TESSERA_E4M3_K1_R1024,r1024,1,0,0.0014014600310474634,1.825801639340219e-08,4215563,4215563,a4f882fc7b3534e3a647c682a008e5a9e582f58b19368be108ee09ae286a1d5b,expert_wires+checkpoint,1,1,1
model.language_model.layers.45.mlp.experts.239.up_proj,routed,TESSERA_BF16_K1_R1024,r1024,1,1,0.0009667365811765194,1.0089507120846095e-07,4231951,4231951,eaf4385e7249528082ffce39124b6b65556965ed648d89bbdf5996bbb198ab57,expert_wires+checkpoint,1,1,1
model.language_model.layers.45.mlp.experts.239.up_proj,routed,TESSERA_E4M3_K1_R1024,r1024,1,0,0.001356195192784071,2.9023672607921687e-07,4215563,4215563,00e8fe3944febf8844ea96ee441c41ab6cc4609ad41ec7b4a16e6b4123fe09c5,expert_wires+checkpoint,1,1,1
model.language_model.layers.45.mlp.experts.24.down_proj,routed,TESSERA_BF16_K1_R1024,r1024,1,1,0.00024799638777039945,1.6754575597440259e-06,4235983,4235983,b741e85521811a5dc13a4765ef736252ba9b59715ec067fddf077e083321a4f6,expert_wires+checkpoint,1,1,1
model.language_model.layers.45.mlp.experts.24.down_proj,routed,TESSERA_E4M3_K1_R1024,r1024,1,0,0.0003162511857226491,1.2358056450101374e-06,4219595,4219595,9d22e1299dc1fea29f746f8b5891c6f932e5919cc47055ac9f005cc6923b9042,expert_wires+checkpoint,1,1,1
model.language_model.layers.45.mlp.experts.24.gate_proj,routed,TESSERA_BF16_K1_R1024,r1024,1,1,0.0007959584472700953,4.040998886541823e-07,4231951,4231951,637aa763ad57d96c0f3f0ac4ce57ad2ac1748761ff24e04e742a8983a4fcf8ef,expert_wires+checkpoint,1,1,1
model.language_model.layers.45.mlp.experts.24.gate_proj,routed,TESSERA_E4M3_K1_R1024,r1024,1,0,0.0011662611505016685,2.594898675127196e-07,4215563,4215563,6c4998c2e44137ef4f29c461f1805a6b9dfec3f991ac0be0d682f7511e0154f7,expert_wires+checkpoint,1,1,1
model.language_model.layers.45.mlp.experts.24.up_proj,routed,TESSERA_BF16_K1_R1024,r1024,1,1,0.0008493948262184858,5.635331892867132e-07,4231951,4231951,b3f13ffc0cf5aecd95ef5e237076bcf85de90c38bc9daf3aecada9890514f3c5,expert_wires+checkpoint,1,1,1
model.language_model.layers.45.mlp.experts.24.up_proj,routed,TESSERA_E4M3_K1_R1024,r1024,1,0,0.0012373806675896049,3.0035848373497094e-07,4215563,4215563,c4a91a3bc37d05036d2070d5857c08103d3f5470ed5ab25677f00e9759d6b17f,expert_wires+checkpoint,1,1,1
model.language_model.layers.45.mlp.experts.240.down_proj,routed,TESSERA_BF16_K1_R1024,r1024,1,1,0.00016693108773324639,6.193212636314457e-07,4235983,4235983,4c417008a67cf1fb39fb51248c05bfa68bbb36d686239e942e2df5c2f4ef8e4f,expert_wires+checkpoint,1,1,1
model.language_model.layers.45.mlp.experts.240.down_proj,routed,TESSERA_E4M3_K1_R1024,r1024,1,0,0.00020508060697466135,4.0934269098917027e-07,4219595,4219595,86eb7a2d00d857e584d850906390dc3b85d168eb15468d1609099ca94c30dc78,expert_wires+checkpoint,1,1,1
model.language_model.layers.45.mlp.experts.240.gate_proj,routed,TESSERA_BF16_K1_R1024,r1024,1,1,0.0007610141765326262,3.1739455949120624e-07,4231951,4231951,0dd8782317affa287a3bd6089dd52ae376db60b50647ee678ea7bfc11fc012fc,expert_wires+checkpoint,1,1,1
model.language_model.layers.45.mlp.experts.240.gate_proj,routed,TESSERA_E4M3_K1_R1024,r1024,1,0,0.001073217485100031,1.022470662609319e-07,4215563,4215563,c96710aaf9c70cb5c8af5d69a7573b21887c137526e3b14754fdd7548c8fd6c2,expert_wires+checkpoint,1,1,1
model.language_model.layers.45.mlp.experts.240.up_proj,routed,TESSERA_BF16_K1_R1024,r1024,1,1,0.0008427135180681944,2.2311488803254326e-07,4231951,4231951,a540bf5096bf919697d6e81025cc627eab2ea8b762adfee9580294fc362949eb,expert_wires+checkpoint,1,1,1
model.language_model.layers.45.mlp.experts.240.up_proj,routed,TESSERA_E4M3_K1_R1024,r1024,1,0,0.0011840738588944077,1.6671513325717704e-07,4215563,4215563,1b43a5b63cf045e888a5c3aa90f5056deb82f0ef232c16fb53eb21a5c4d83b09,expert_wires+checkpoint,1,1,1
model.language_model.layers.45.mlp.experts.241.down_proj,routed,TESSERA_BF16_K1_R1024,r1024,1,1,0.000227384822210297,3.856819158216806e-08,4235983,4235983,32951396417b58e19aa91fb75a9a51554b88a2f144acdafd7e182142835c1b9a,expert_wires+checkpoint,1,1,1
model.language_model.layers.45.mlp.experts.241.down_proj,routed,TESSERA_E4M3_K1_R1024,r1024,1,0,0.00030574455740861595,1.4609980181108144e-07,4219595,4219595,524f79731b9d50d97e4787ee4ecd94515a35f4b062a7fca30c36065f16319f4e,expert_wires+checkpoint,1,1,1
model.language_model.layers.45.mlp.experts.241.gate_proj,routed,TESSERA_BF16_K1_R1024,r1024,1,1,0.00043329023174010217,9.064477003331954e-08,4231951,4231951,a3c7c5eec46af69ee1ca9f6984a8f4e99eaab6cb94ea335cdf134cfdeb7467ed,expert_wires+checkpoint,1,1,1
model.language_model.layers.45.mlp.experts.241.gate_proj,routed,TESSERA_E4M3_K1_R1024,r1024,1,0,0.0007272347575053573,6.651764665642985e-08,4215563,4215563,2ef1ac2b6415c06c5dcdbb4ae7beff88376fd8bc13ac55791db82e6fb4ae7ebb,expert_wires+checkpoint,1,1,1
model.language_model.layers.45.mlp.experts.241.up_proj,routed,TESSERA_BF16_K1_R1024,r1024,1,1,0.0004959662910550833,9.750974050117759e-09,4231951,4231951,02bbedde97135bb7ca0b6303be4daf717ae5c2d427a2f2eaeb44e4cc810139b8,expert_wires+checkpoint,1,1,1
model.language_model.layers.45.mlp.experts.241.up_proj,routed,TESSERA_E4M3_K1_R1024,r1024,1,0,0.0008257693843916059,3.6674589185958666e-08,4215563,4215563,678f3571a95fb47645e307bb4c20c68778f7daa8b34b08d97bcda3060b476299,expert_wires+checkpoint,1,1,1
model.language_model.layers.45.mlp.experts.242.down_proj,routed,TESSERA_BF16_K1_R1024,r1024,1,1,0.00027312469319440424,6.160696186506183e-07,4235983,4235983,6440641423f7188936fb5bfa015859eb21bd30b970acfd8a0bd2cef3fcd27f35,expert_wires+checkpoint,1,1,1
model.language_model.layers.45.mlp.experts.242.down_proj,routed,TESSERA_E4M3_K1_R1024,r1024,1,0,0.00032390671549364924,8.600420895661174e-08,4219595,4219595,8b172c6d55bebb0bf89a8162588c46709260a92cdb0a5c746912134eccc6447f,expert_wires+checkpoint,1,1,1
model.language_model.layers.45.mlp.experts.242.gate_proj,routed,TESSERA_BF16_K1_R1024,r1024,1,1,0.0009751057368703187,6.522449280538025e-07,4231951,4231951,e12331f3688dea6cb86f17fb24b1a544c1143f19f09cde59da68bdd9b216b045,expert_wires+checkpoint,1,1,1
model.language_model.layers.45.mlp.experts.242.gate_proj,routed,TESSERA_E4M3_K1_R1024,r1024,1,0,0.001314427237957716,9.258071596617211e-07,4215563,4215563,b64b4a327b0f0796bb336bbd3fb6ae8318e7a1d2cae0ffdfb4a664973ad46333,expert_wires+checkpoint,1,1,1
model.language_model.layers.45.mlp.experts.242.up_proj,routed,TESSERA_BF16_K1_R1024,r1024,1,1,0.0010086257243528962,8.197224994854355e-07,4231951,4231951,f440c03b9a56a6afd8128a26c63b5cb5e03acabbdbd1ca4843711f77bb73eda9,expert_wires+checkpoint,1,1,1
model.language_model.layers.45.mlp.experts.242.up_proj,routed,TESSERA_E4M3_K1_R1024,r1024,1,0,0.0013579584192484617,2.357220292057636e-06,4215563,4215563,3f37fa69da7affc82cd82c437abf96b6f20bf9a31868552834f8817afac4bfd3,expert_wires+checkpoint,1,1,1
model.language_model.layers.45.mlp.experts.243.down_proj,routed,TESSERA_BF16_K1_R1024,r1024,1,1,0.0003499397134874016,6.403735385979114e-07,4235983,4235983,f625a3b64b855f84ee3d67e186fa7a23b438853db951457b3aca9522776a0874,expert_wires+checkpoint,1,1,1
model.language_model.layers.45.mlp.experts.243.down_proj,routed,TESSERA_E4M3_K1_R1024,r1024,1,0,0.00044837838504463434,2.332017344762544e-06,4219595,4219595,af349b601470f0444be093fbc761ee4f1bcbfd5270d950f9faa88f144b11b764,expert_wires+checkpoint,1,1,1
model.language_model.layers.45.mlp.experts.243.gate_proj,routed,TESSERA_BF16_K1_R1024,r1024,1,1,0.0006880155997350812,3.0963369567142217e-07,4231951,4231951,82c7e31f4d7151ddea85e150e56134745dd522d6b70bf4f74f8feafe1a1598ec,expert_wires+checkpoint,1,1,1
model.language_model.layers.45.mlp.experts.243.gate_proj,routed,TESSERA_E4M3_K1_R1024,r1024,1,0,0.0010010156547650695,4.236927805730907e-07,4215563,4215563,6397a6cd5f50686fa737b945df40fc63dbc4ee48363bc3d6aeacba9041192571,expert_wires+checkpoint,1,1,1
model.language_model.layers.45.mlp.experts.243.up_proj,routed,TESSERA_BF16_K1_R1024,r1024,1,1,0.0007705066818743944,7.176472383522104e-07,4231951,4231951,e1e4461067baf0fa61cab578257294c11da6ac1d222d021c44549319c149e59a,expert_wires+checkpoint,1,1,1
model.language_model.layers.45.mlp.experts.243.up_proj,routed,TESSERA_E4M3_K1_R1024,r1024,1,0,0.001113156322389841,8.665800212395596e-07,4215563,4215563,30ca8f39ae4317f9a5c4889be26da01c31afc1a1823eebe7ae258612d27688ff,expert_wires+checkpoint,1,1,1
model.language_model.layers.45.mlp.experts.244.down_proj,routed,TESSERA_BF16_K1_R1024,r1024,1,1,0.0002736311580520123,1.890131564581819e-06,4235983,4235983,09137d406a7795656356f39f6084c3057c07993c1593d6a29ef06ef494ea34b4,expert_wires+checkpoint,1,1,1
model.language_model.layers.45.mlp.experts.244.down_proj,routed,TESSERA_E4M3_K1_R1024,r1024,1,0,0.00032702001044526696,1.9800688484150724e-06,4219595,4219595,35a87b56a405057cf11b6509a42610122d6fd06ecc348ddd8f43c83036616461,expert_wires+checkpoint,1,1,1
model.language_model.layers.45.mlp.experts.244.gate_proj,routed,TESSERA_BF16_K1_R1024,r1024,1,1,0.001105693751014769,1.0866058335447788e-06,4231951,4231951,05c9a2a376fff35a0addaf234c15514e9edd866e6fba2c4fd3faa118a2d2a9c4,expert_wires+checkpoint,1,1,1
model.language_model.layers.45.mlp.experts.244.gate_proj,routed,TESSERA_E4M3_K1_R1024,r1024,1,0,0.00149841932579875,1.1799557017856407e-06,4215563,4215563,b8e669de5fcfb49cac5c05eb425c9340073a4962e6492c8df61ec4162e3775a8,expert_wires+checkpoint,1,1,1
model.language_model.layers.45.mlp.experts.244.up_proj,routed,TESSERA_BF16_K1_R1024,r1024,1,1,0.0012006828328594565,2.5940054276442147e-07,4231951,4231951,709c2d36f420b87e1a10c865e8b36a63af871b7f01954d7e61400447372b5f46,expert_wires+checkpoint,1,1,1
model.language_model.layers.45.mlp.experts.244.up_proj,routed,TESSERA_E4M3_K1_R1024,r1024,1,0,0.0016211909241974354,1.8148863746482097e-07,4215563,4215563,7391cb652985c520e70c2783c14975543aa2777203eaa6943715412c203f959c,expert_wires+checkpoint,1,1,1
model.language_model.layers.45.mlp.experts.245.down_proj,routed,TESSERA_BF16_K1_R1024,r1024,1,1,0.00010600382665870711,4.5224673186909635e-07,4235983,4235983,d7f7294dadac2188dbb5bb0991e9fc3588be51d9d6cf775cce53bf0e57400b2f,expert_wires+checkpoint,1,1,1
model.language_model.layers.45.mlp.experts.245.down_proj,routed,TESSERA_E4M3_K1_R1024,r1024,1,0,0.0001368681841995567,3.353343624789791e-07,4219595,4219595,e8af9106e26c70a6db1c7ca8ac5e42888462842df0836490cf52ff561a0813a3,expert_wires+checkpoint,1,1,1
model.language_model.layers.45.mlp.experts.245.gate_proj,routed,TESSERA_BF16_K1_R1024,r1024,1,1,0.000649657507892698,6.356903850708266e-08,4231951,4231951,544f4cb65ea7dbf5890c57fa987fd5622a0a3763a2f770fac35c7347c7844697,expert_wires+checkpoint,1,1,1
model.language_model.layers.45.mlp.experts.245.gate_proj,routed,TESSERA_E4M3_K1_R1024,r1024,1,0,0.0009589693509042263,2.0195625214969986e-07,4215563,4215563,3fd6382ae21ac549716a7b3156de16b3b2d713558aea755badd95d1a10f332f2,expert_wires+checkpoint,1,1,1
model.language_model.layers.45.mlp.experts.245.up_proj,routed,TESSERA_BF16_K1_R1024,r1024,1,1,0.0007193578639999032,1.0936363094663159e-07,4231951,4231951,c2db6dbb3df78991aa465f51ec96f7c5d287cd822387d490d3a526e1bde9b12e,expert_wires+checkpoint,1,1,1
model.language_model.layers.45.mlp.experts.245.up_proj,routed,TESSERA_E4M3_K1_R1024,r1024,1,0,0.0010534906759858131,3.622269475244825e-08,4215563,4215563,0d6967a4c66ba3d84e88fb61e7fef6840d16a7a28122bf25c1d1f00292e1eaa5,expert_wires+checkpoint,1,1,1
model.language_model.layers.45.mlp.experts.246.down_proj,routed,TESSERA_BF16_K1_R1024,r1024,1,1,0.00016470777336508036,2.40127364325579e-07,4235983,4235983,63528c27abfce559816d8d768df0c52ff4b0ca5915781733f79deb5bfa45ee54,expert_wires+checkpoint,1,1,1
model.language_model.layers.45.mlp.experts.246.down_proj,routed,TESSERA_E4M3_K1_R1024,r1024,1,0,0.00020248640794306993,2.1860259509572177e-07,4219595,4219595,162a9098e4f1c5f514e5e86e169640904344491e25cc770693b86b806776d40d,expert_wires+checkpoint,1,1,1
model.language_model.layers.45.mlp.experts.246.gate_proj,routed,TESSERA_BF16_K1_R1024,r1024,1,1,0.0008335264865309,2.3303656963690644e-07,4231951,4231951,742a7359834107126fa607b55e7c0f2e7eeaf528f1e6056bdcd5f35cfd84c55d,expert_wires+checkpoint,1,1,1
model.language_model.layers.45.mlp.experts.246.gate_proj,routed,TESSERA_E4M3_K1_R1024,r1024,1,0,0.0011918008094653487,2.8488813279834815e-07,4215563,4215563,4e0047691c835c73156a771e8d7bb5d8c281a7261c450ccf2e68e7922767ffa1,expert_wires+checkpoint,1,1,1
model.language_model.layers.45.mlp.experts.246.up_proj,routed,TESSERA_BF16_K1_R1024,r1024,1,1,0.0008639346342533827,9.037440568560268e-08,4231951,4231951,c6df914173fa392a16e65c3ad123668e1e19d0a5dbca3788f9ab8b47ebf618a9,expert_wires+checkpoint,1,1,1
model.language_model.layers.45.mlp.experts.246.up_proj,routed,TESSERA_E4M3_K1_R1024,r1024,1,0,0.0012270855950191617,6.093476003795863e-07,4215563,4215563,ebff5639c94f2f274c9ed87a6a90aa6314251c877e4efe2e4aba6b03f7efc9de,expert_wires+checkpoint,1,1,1
model.language_model.layers.45.mlp.experts.247.down_proj,routed,TESSERA_BF16_K1_R1024,r1024,1,1,0.0005634411936625838,4.19121449914255e-06,4235983,4235983,2f87b818b9d5ba4d0a599bf2ab792eb75ec7f6a29c595ec62c25e031ff8d3377,expert_wires+checkpoint,1,1,1
model.language_model.layers.45.mlp.experts.247.down_proj,routed,TESSERA_E4M3_K1_R1024,r1024,1,0,0.0005884384154342115,3.3194081391542302e-06,4219595,4219595,39834a5b9e6d8a486745b7c3384a835cc963c429003e483d9941f038ab13a096,expert_wires+checkpoint,1,1,1
model.language_model.layers.45.mlp.experts.247.gate_proj,routed,TESSERA_BF16_K1_R1024,r1024,1,1,0.0010729040950536728,3.00418742862995e-07,4231951,4231951,2b03b14c48d09aecf829ba3f9a78e4f022efd7dbd5af3611662d11f079aa26ce,expert_wires+checkpoint,1,1,1
model.language_model.layers.45.mlp.experts.247.gate_proj,routed,TESSERA_E4M3_K1_R1024,r1024,1,0,0.0014744249638170004,2.8813297220759423e-07,4215563,4215563,682836b2688a55e06b62be09ff54fa4f697a57a47c82644b97f93c20d48dc10f,expert_wires+checkpoint,1,1,1
model.language_model.layers.45.mlp.experts.247.up_proj,routed,TESSERA_BF16_K1_R1024,r1024,1,1,0.0011313757859170437,8.818734540950571e-07,4231951,4231951,c02a988246f171a37136f557b83d1de0ca0f450a05e17fdfa03709d09496353e,expert_wires+checkpoint,1,1,1
model.language_model.layers.45.mlp.experts.247.up_proj,routed,TESSERA_E4M3_K1_R1024,r1024,1,0,0.001538965618237853,3.490760685498534e-07,4215563,4215563,2cf78454e5392892e272c8474256b95e397ba323a2558c027ca6ffd3cd018282,expert_wires+checkpoint,1,1,1
model.language_model.layers.45.mlp.experts.248.down_proj,routed,TESSERA_BF16_K1_R1024,r1024,1,1,0.000304604007396847,4.0240607260659053e-07,4235983,4235983,b987b24dd269cbb5162f84655efa36a5d2245ddb78a8661a9a4c949cf2028f66,expert_wires+checkpoint,1,1,1
model.language_model.layers.45.mlp.experts.248.down_proj,routed,TESSERA_E4M3_K1_R1024,r1024,1,0,0.00040665752021595836,3.379404685049151e-07,4219595,4219595,1e1951ed7613bb3a05de1c0c8fa4178b31644d36c3c4003728708149a7e22793,expert_wires+checkpoint,1,1,1
model.language_model.layers.45.mlp.experts.248.gate_proj,routed,TESSERA_BF16_K1_R1024,r1024,1,1,0.00047251314390450716,3.191824277947686e-07,4231951,4231951,17f02a88a970a956c920e573d6ba6520eb9a2f3779a7212d294f9d78eac8f006,expert_wires+checkpoint,1,1,1
model.language_model.layers.45.mlp.experts.248.gate_proj,routed,TESSERA_E4M3_K1_R1024,r1024,1,0,0.000741143710911274,6.444623148712968e-07,4215563,4215563,39d06280b11ef8fe66a2c71beaeefec17445b05ca26aa8d0443f2c618f5a8395,expert_wires+checkpoint,1,1,1
model.language_model.layers.45.mlp.experts.248.up_proj,routed,TESSERA_BF16_K1_R1024,r1024,1,1,0.0005801909137517214,1.0874169559108655e-07,4231951,4231951,ee208b34849fb180e4cfab3c88de66419b77103ab80720fa03fd11dd2f10ee34,expert_wires+checkpoint,1,1,1
model.language_model.layers.45.mlp.experts.248.up_proj,routed,TESSERA_E4M3_K1_R1024,r1024,1,0,0.0009098909795284271,5.452576404955266e-07,4215563,4215563,20d7414ec335a8d8b2ec12aa76d2091d2b0e67e4f3011c3f4858149f54bf2aa3,expert_wires+checkpoint,1,1,1
model.language_model.layers.45.mlp.experts.249.down_proj,routed,TESSERA_BF16_K1_R1024,r1024,1,1,6.428496271837503e-05,5.383080871914479e-07,4235983,4235983,a9795caf89daaff5b8a2aa4e59ee70eda3d25790c46b67a33354f716a4eb81dd,expert_wires+checkpoint,1,1,1
model.language_model.layers.45.mlp.experts.249.down_proj,routed,TESSERA_E4M3_K1_R1024,r1024,1,0,8.155046089086682e-05,1.2613709300913835e-06,4219595,4219595,c69d8f63f7630ea5a604478f2c01e7589555b5125febd6882a53a48f40ea1f39,expert_wires+checkpoint,1,1,1
model.language_model.layers.45.mlp.experts.249.gate_proj,routed,TESSERA_BF16_K1_R1024,r1024,1,1,0.0007591557805426419,2.599875171114623e-07,4231951,4231951,7d81be3bac9d0e9704d8ab8600ba165ba76cba2b04bc5c91bd9961475dc5636c,expert_wires+checkpoint,1,1,1
model.language_model.layers.45.mlp.experts.249.gate_proj,routed,TESSERA_E4M3_K1_R1024,r1024,1,0,0.001087650191038847,4.7244373344286234e-07,4215563,4215563,4400057ed86210f22739db1ebfd2be79b0162acfbf979e78310fee8fc5a4e664,expert_wires+checkpoint,1,1,1
model.language_model.layers.45.mlp.experts.249.up_proj,routed,TESSERA_BF16_K1_R1024,r1024,1,1,0.000770108716096729,3.5401565664716066e-07,4231951,4231951,9b98264abfbbfb363bec9aa8f8880d42127382b8cb5327bcbfd925b5beb7c432,expert_wires+checkpoint,1,1,1
model.language_model.layers.45.mlp.experts.249.up_proj,routed,TESSERA_E4M3_K1_R1024,r1024,1,0,0.0010965149849653244,2.396148380013261e-07,4215563,4215563,7ad21a9af70ba3c63cd2773f0f42db890a5c9fe791090ba63ad3306052b87dff,expert_wires+checkpoint,1,1,1
model.language_model.layers.45.mlp.experts.25.down_proj,routed,TESSERA_BF16_K1_R1024,r1024,1,1,0.00014030055899638683,1.4907781079969003e-06,4235983,4235983,222624010fc7b92a03cef3811b4e3a34fdbb750bebd093dc480388b40be5e6a4,expert_wires+checkpoint,1,1,1
model.language_model.layers.45.mlp.experts.25.down_proj,routed,TESSERA_E4M3_K1_R1024,r1024,1,0,0.00016622463590465486,2.880452328382529e-07,4219595,4219595,2582e1a3d1007fdf090d544d54cb220b5a238441f7ccf05f2bdac455a04da082,expert_wires+checkpoint,1,1,1
model.language_model.layers.45.mlp.experts.25.gate_proj,routed,TESSERA_BF16_K1_R1024,r1024,1,1,0.0010984395630657673,2.7681719162466895e-07,4231951,4231951,0b7be9ad4541fffeb89f780ad0219adbd7daa17c15b271c6522283ffec884adf,expert_wires+checkpoint,1,1,1
model.language_model.layers.45.mlp.experts.25.gate_proj,routed,TESSERA_E4M3_K1_R1024,r1024,1,0,0.0014788226690143347,2.489028287781424e-07,4215563,4215563,9b53352b958a81c5e6ff3760891309dbc89e2e6a8cbbb73bd12175a3a623af90,expert_wires+checkpoint,1,1,1
model.language_model.layers.45.mlp.experts.25.up_proj,routed,TESSERA_BF16_K1_R1024,r1024,1,1,0.0011869494337588549,2.119871524919011e-07,4231951,4231951,b8ba4548979a1574d79787b9595d9331108f042d860777124a5aff2c2c53f789,expert_wires+checkpoint,1,1,1
model.language_model.layers.45.mlp.experts.25.up_proj,routed,TESSERA_E4M3_K1_R1024,r1024,1,0,0.001585527672432363,1.7649266647495096e-07,4215563,4215563,8b0fc783fba66021f769ce038bceacf17a18a2e4f86863d28a7bd1f835b020a0,expert_wires+checkpoint,1,1,1
model.language_model.layers.45.mlp.experts.250.down_proj,routed,TESSERA_BF16_K1_R1024,r1024,1,1,9.74439099081792e-05,4.690173219494999e-07,4235983,4235983,01a157f27431a786e0022002b6ae248a1cefc5c4cda67aad03a0e895eb3a1edb,expert_wires+checkpoint,1,1,1
model.language_model.layers.45.mlp.experts.250.down_proj,routed,TESSERA_E4M3_K1_R1024,r1024,1,0,0.00011825404362753034,5.800831427508623e-07,4219595,4219595,799c3ba29752f7ff214c433cbf22fe0a0689ceaf11f92ad68988f555329aa8e9,expert_wires+checkpoint,1,1,1
model.language_model.layers.45.mlp.experts.250.gate_proj,routed,TESSERA_BF16_K1_R1024,r1024,1,1,0.0008304924704134464,6.163333960430076e-07,4231951,4231951,156e17443c24bd381dfbc695fb7544b8b8afd051f684faec16e0de5b3b7e2c0d,expert_wires+checkpoint,1,1,1
model.language_model.layers.45.mlp.experts.250.gate_proj,routed,TESSERA_E4M3_K1_R1024,r1024,1,0,0.0011390788713470101,5.11654005202285e-07,4215563,4215563,63ba54eb1b031018c36c9b2936036a6fe6ae1a5d10c819e1245066e57f00f45d,expert_wires+checkpoint,1,1,1
model.language_model.layers.45.mlp.experts.250.up_proj,routed,TESSERA_BF16_K1_R1024,r1024,1,1,0.0009238084312528372,1.3982399512151728e-07,4231951,4231951,da2e4a8627ceb2de88a72cd64a5a42202336c96cd532d9d33616cbfa5d39e066,expert_wires+checkpoint,1,1,1
model.language_model.layers.45.mlp.experts.250.up_proj,routed,TESSERA_E4M3_K1_R1024,r1024,1,0,0.001260366290807724,7.46627498789419e-07,4215563,4215563,b9610b1f1031430e3a413cdaeb97d8f941a9b36097084eacb9dd9d5b57243360,expert_wires+checkpoint,1,1,1
model.language_model.layers.45.mlp.experts.251.down_proj,routed,TESSERA_BF16_K1_R1024,r1024,1,1,0.00022435275604948401,1.5312131200696854e-06,4235983,4235983,3b14d29f829c6d7cdf636d545187f0d443bdaa6de7af93fec9b31d79ad1ce2b7,expert_wires+checkpoint,1,1,1
model.language_model.layers.45.mlp.experts.251.down_proj,routed,TESSERA_E4M3_K1_R1024,r1024,1,0,0.00031296288943849504,1.0523632546891655e-06,4219595,4219595,2517af61c20bafa7f5f9365cd6d7ebc357ca10261282fb593bb4c78932063723,expert_wires+checkpoint,1,1,1
model.language_model.layers.45.mlp.experts.251.gate_proj,routed,TESSERA_BF16_K1_R1024,r1024,1,1,0.0005869756569154561,2.0057953684361784e-07,4231951,4231951,de834811d3b5051bba530b0c7c29335407812dbaed48fe159a00f10015ce17dd,expert_wires+checkpoint,1,1,1
model.language_model.layers.45.mlp.experts.251.gate_proj,routed,TESSERA_E4M3_K1_R1024,r1024,1,0,0.0009978973539546132,9.266726858155062e-07,4215563,4215563,d2004142249cfe238c4fc4a861d8fe36c0e8ddefe5399ddee0413c3ff029bf5d,expert_wires+checkpoint,1,1,1
model.language_model.layers.45.mlp.experts.251.up_proj,routed,TESSERA_BF16_K1_R1024,r1024,1,1,0.0005900782998651266,1.0858836099933755e-06,4231951,4231951,a518a5f0f364a0814839d19a6ed72a9168eee4f40296a163c9b44021e74c7d39,expert_wires+checkpoint,1,1,1
model.language_model.layers.45.mlp.experts.251.up_proj,routed,TESSERA_E4M3_K1_R1024,r1024,1,0,0.000988541403785348,3.5433825225973354e-07,4215563,4215563,01cc345d47dd8fbebfc8a220dba7e9aab9168fa051b9d940d468bd8cbe212639,expert_wires+checkpoint,1,1,1
model.language_model.layers.45.mlp.experts.252.down_proj,routed,TESSERA_BF16_K1_R1024,r1024,1,1,0.0003344494034536183,7.356142145347839e-07,4235983,4235983,2216bf666e5a5b500d5fd424d394997e03faa6a2e13ffe7bdacd61242ad15275,expert_wires+checkpoint,1,1,1
model.language_model.layers.45.mlp.experts.252.down_proj,routed,TESSERA_E4M3_K1_R1024,r1024,1,0,0.0004211951745674014,1.8711257876022781e-07,4219595,4219595,560a6bb3ebbf4969cc41bbf354b982c1bc0a28323d00913fa85d4058fb565907,expert_wires+checkpoint,1,1,1
model.language_model.layers.45.mlp.experts.252.gate_proj,routed,TESSERA_BF16_K1_R1024,r1024,1,1,0.0006904822657816112,5.423683754443076e-07,4231951,4231951,d62c9fcecaa09ad26065105ac0988a02a6080b18def557c6adc461a5bc0d437f,expert_wires+checkpoint,1,1,1
model.language_model.layers.45.mlp.experts.252.gate_proj,routed,TESSERA_E4M3_K1_R1024,r1024,1,0,0.0009822023566812277,1.0519412882883103e-07,4215563,4215563,73a397d08e08d8c5afd2fcf781d098df231a0b683310005576c7ab8421a36d8d,expert_wires+checkpoint,1,1,1
model.language_model.layers.45.mlp.experts.252.up_proj,routed,TESSERA_BF16_K1_R1024,r1024,1,1,0.0007834184216335416,2.493735826945473e-07,4231951,4231951,7eb8357b6f72d25a1765c5eae1c90c4002633ac741f3dd5a4fd693d1816c999b,expert_wires+checkpoint,1,1,1
model.language_model.layers.45.mlp.experts.252.up_proj,routed,TESSERA_E4M3_K1_R1024,r1024,1,0,0.0011082460405305028,3.63142446598385e-07,4215563,4215563,8ed4541d7af6ff900791b877206188e8effc3ea0091352fecf30ba9bb355c2c2,expert_wires+checkpoint,1,1,1
model.language_model.layers.45.mlp.experts.253.down_proj,routed,TESSERA_BF16_K1_R1024,r1024,1,1,0.00022817563149146736,1.6426785536866727e-06,4235983,4235983,e820037a6af419b356802bdc0c9bab022e9b887a6031dd06ead241b7026584ab,expert_wires+checkpoint,1,1,1
model.language_model.layers.45.mlp.experts.253.down_proj,routed,TESSERA_E4M3_K1_R1024,r1024,1,0,0.00028212839970365167,1.1541607141786626e-05,4219595,4219595,0d5ea8bee49030d4e29fa1f7b487569d38610747d819c5cc2e85a25d91ec46a4,expert_wires+checkpoint,1,1,1
model.language_model.layers.45.mlp.experts.253.gate_proj,routed,TESSERA_BF16_K1_R1024,r1024,1,1,0.000841776782181114,2.018820267380255e-06,4231951,4231951,dfb33c6627328b94316b248404dd96ed2a3f82a271d37bcb2ab89470facc4050,expert_wires+checkpoint,1,1,1
model.language_model.layers.45.mlp.experts.253.gate_proj,routed,TESSERA_E4M3_K1_R1024,r1024,1,0,0.0011863935505971313,3.988372889080798e-06,4215563,4215563,6cc496b392a41cd79b28e03658a5958dc5b17790c43cd68682aa3a758ca68edc,expert_wires+checkpoint,1,1,1
model.language_model.layers.45.mlp.experts.253.up_proj,routed,TESSERA_BF16_K1_R1024,r1024,1,1,0.0008819290087558329,4.803676140277032e-07,4231951,4231951,1cfb08f27fdd0c8ca834af7334dd95927d5909d3f71f7803c2ee0ed2521af791,expert_wires+checkpoint,1,1,1
model.language_model.layers.45.mlp.experts.253.up_proj,routed,TESSERA_E4M3_K1_R1024,r1024,1,0,0.001235448056831956,2.3608239105086967e-06,4215563,4215563,1b3d872064bc67349bcccbed00fa1e952ef74dc25a1805feeff3133515945b25,expert_wires+checkpoint,1,1,1
model.language_model.layers.45.mlp.experts.254.down_proj,routed,TESSERA_BF16_K1_R1024,r1024,1,1,0.00033458691905252635,4.198636034019824e-06,4235983,4235983,bab2a3e5936eb17f4b3601316916593823ade919f38d17b533243872747ffc06,expert_wires+checkpoint,1,1,1
model.language_model.layers.45.mlp.experts.254.down_proj,routed,TESSERA_E4M3_K1_R1024,r1024,1,0,0.0004229291807860136,1.5823256783144407e-06,4219595,4219595,c2322e2fb73ce6e30a9f9dc8f782413230fe29190163c735b9e83e84b349ac91,expert_wires+checkpoint,1,1,1
model.language_model.layers.45.mlp.experts.254.gate_proj,routed,TESSERA_BF16_K1_R1024,r1024,1,1,0.0006629574345424771,2.2781866837286403e-07,4231951,4231951,5ca1d839ca5d63e978f77db2ef5ce382c64d94eccf887f4efe2dee4bf4c71a0f,expert_wires+checkpoint,1,1,1
model.language_model.layers.45.mlp.experts.254.gate_proj,routed,TESSERA_E4M3_K1_R1024,r1024,1,0,0.0009532119147479534,3.9645889412264963e-07,4215563,4215563,a8b8bb3a5bfb9c9a7aae984df902e0c748056be3048605f66d103d1bbb4b4023,expert_wires+checkpoint,1,1,1
model.language_model.layers.45.mlp.experts.254.up_proj,routed,TESSERA_BF16_K1_R1024,r1024,1,1,0.0007698219269514084,3.7206518901176025e-07,4231951,4231951,d824282c97e194c2a7f947ad571662ade4a4ea779efde3ea32149c82229269e3,expert_wires+checkpoint,1,1,1
model.language_model.layers.45.mlp.experts.254.up_proj,routed,TESSERA_E4M3_K1_R1024,r1024,1,0,0.0010999783407896757,7.381058304472512e-07,4215563,4215563,018534600106afdd166ce6ddf62b9b7d81deacf930e06381f53b449752001c94,expert_wires+checkpoint,1,1,1
model.language_model.layers.45.mlp.experts.255.down_proj,routed,TESSERA_BF16_K1_R1024,r1024,1,1,0.00029438629280775785,4.5071059488943274e-07,4235983,4235983,f2fae2b9a75122ee058341f812126a80d3211c147a3d9837f90359dbe1379337,expert_wires+checkpoint,1,1,1
model.language_model.layers.45.mlp.experts.255.down_proj,routed,TESSERA_E4M3_K1_R1024,r1024,1,0,0.0003440336440689862,2.990122946655939e-06,4219595,4219595,3d80b043596121a416b717092e416d1914d97f682dd88c0d6e4a83727b7d5b9f,expert_wires+checkpoint,1,1,1
model.language_model.layers.45.mlp.experts.255.gate_proj,routed,TESSERA_BF16_K1_R1024,r1024,1,1,0.000874033197760582,7.080459570339338e-07,4231951,4231951,dcd93f6aa7cee1ff8cfa81ac36516c1f7ccd391460469d33d148ccf1fcdde5c9,expert_wires+checkpoint,1,1,1
model.language_model.layers.45.mlp.experts.255.gate_proj,routed,TESSERA_E4M3_K1_R1024,r1024,1,0,0.0012439092388376594,1.098705153566675e-06,4215563,4215563,c983623b80c853434935c849d8cf214568bfa73b183539f36ed5b830a75ebd34,expert_wires+checkpoint,1,1,1
model.language_model.layers.45.mlp.experts.255.up_proj,routed,TESSERA_BF16_K1_R1024,r1024,1,1,0.0009526120265945792,8.20316025205461e-08,4231951,4231951,874d06479cf93ba2a7ea80fbc31972d707d7849d92fa59e0a751328870dadcb6,expert_wires+checkpoint,1,1,1
model.language_model.layers.45.mlp.experts.255.up_proj,routed,TESSERA_E4M3_K1_R1024,r1024,1,0,0.0013464828953146935,6.13865942617118e-07,4215563,4215563,f6b55cf8194f55f1b1f062cc64e152d47b6c475ccfb1056de834a09fecc522a0,expert_wires+checkpoint,1,1,1
model.language_model.layers.45.mlp.experts.256.down_proj,routed,TESSERA_BF16_K1_R1024,r1024,1,1,0.00020546556334011257,2.1751142190894007e-06,4235983,4235983,5d12c1689d54def584c9e20bca5816237b9017f2fa72f4bf57e517bbe317e292,expert_wires+checkpoint,1,1,1
model.language_model.layers.45.mlp.experts.256.down_proj,routed,TESSERA_E4M3_K1_R1024,r1024,1,0,0.0002574087993707508,1.0927003061244547e-06,4219595,4219595,e555920f2ba1595a3ac1d92de3dcefbadd71edd9a5309e49d0420dea08db3083,expert_wires+checkpoint,1,1,1
model.language_model.layers.45.mlp.experts.256.gate_proj,routed,TESSERA_BF16_K1_R1024,r1024,1,1,0.000782629125751555,1.2756622458437118e-06,4231951,4231951,9c800e6f2a45368e40219257a35a519725f811d4007af900f37d4d3dbedc34a2,expert_wires+checkpoint,1,1,1
model.language_model.layers.45.mlp.experts.256.gate_proj,routed,TESSERA_E4M3_K1_R1024,r1024,1,0,0.0011656098067760468,1.0119300808677826e-06,4215563,4215563,7b0d5e6dbe49acbebe9836163a42c48b64648c4232c2c05e46964683977021bc,expert_wires+checkpoint,1,1,1
model.language_model.layers.45.mlp.experts.256.up_proj,routed,TESSERA_BF16_K1_R1024,r1024,1,1,0.000770575599744916,9.3237170575007e-08,4231951,4231951,36d1fcf387400ace6c0e96450cbc79540a63759bc927f6905b2e5a3ac0fed92c,expert_wires+checkpoint,1,1,1
model.language_model.layers.45.mlp.experts.256.up_proj,routed,TESSERA_E4M3_K1_R1024,r1024,1,0,0.0011425672564655542,5.115304602108e-07,4215563,4215563,d72d1528157e06cfbdb14b926fc3dadc0c5dc8ec433b9e6682f5f76e6c754bd4,expert_wires+checkpoint,1,1,1
model.language_model.layers.45.mlp.experts.257.down_proj,routed,TESSERA_BF16_K1_R1024,r1024,1,1,0.0002749283448792994,1.6450366675076493e-06,4235983,4235983,b5b94da05d59a7cae5654fb20b2c8a5ffe2c955b3ff84f908aae7c0dd26969c4,expert_wires+checkpoint,1,1,1
model.language_model.layers.45.mlp.experts.257.down_proj,routed,TESSERA_E4M3_K1_R1024,r1024,1,0,0.0003397927212063223,1.000171785211287e-06,4219595,4219595,2e43776868cca68512eda45cb3a94b67a466ee7a2907bc83bdd8dce1483e864f,expert_wires+checkpoint,1,1,1
model.language_model.layers.45.mlp.experts.257.gate_proj,routed,TESSERA_BF16_K1_R1024,r1024,1,1,0.0008895539212971926,3.8758779705213995e-07,4231951,4231951,ee77b5713fabb125545162f82cd67e2ffa0d1721e37398ab0d6d28dc35dd3c42,expert_wires+checkpoint,1,1,1
model.language_model.layers.45.mlp.experts.257.gate_proj,routed,TESSERA_E4M3_K1_R1024,r1024,1,0,0.0012785480357706547,2.826993995577746e-07,4215563,4215563,0f61fe63442f9476952428e29aeb8284abf12d3e67ad53b5518b51e9fa45f6a6,expert_wires+checkpoint,1,1,1
model.language_model.layers.45.mlp.experts.257.up_proj,routed,TESSERA_BF16_K1_R1024,r1024,1,1,0.0009566795779392123,5.487523016879955e-07,4231951,4231951,cc7c31bba01dea5bdbdda7b65b8fa848e696f527769151cc1e14612a1c557f53,expert_wires+checkpoint,1,1,1
model.language_model.layers.45.mlp.experts.257.up_proj,routed,TESSERA_E4M3_K1_R1024,r1024,1,0,0.0013640548568218946,8.22605677419786e-07,4215563,4215563,55bd28441e89a279f66248630ad6d978b81cf2dd13a2fee94d3bd989e3a563f0,expert_wires+checkpoint,1,1,1
model.language_model.layers.45.mlp.experts.258.down_proj,routed,TESSERA_BF16_K1_R1024,r1024,1,1,9.525374480290338e-05,9.603282844008364e-07,4235983,4235983,7030c05efcfb53efb01ebc5e8c08e29a7724c8141263b4f6ad0a1c10b5ff02d1,expert_wires+checkpoint,1,1,1
model.language_model.layers.45.mlp.experts.258.down_proj,routed,TESSERA_E4M3_K1_R1024,r1024,1,0,0.00011904448183486238,2.0885903024863922e-07,4219595,4219595,cbc74ff7a3091e3a63f577872f3c0c9ce03ceb110f2acd81c676d4ef8923a92a,expert_wires+checkpoint,1,1,1
model.language_model.layers.45.mlp.experts.258.gate_proj,routed,TESSERA_BF16_K1_R1024,r1024,1,1,0.0006518748123198748,3.831377800294848e-07,4231951,4231951,014e9b2583de96f3c4571d3e98a49aaa4c3f8528dd19c538694b1aff9cefa02f,expert_wires+checkpoint,1,1,1
model.language_model.layers.45.mlp.experts.258.gate_proj,routed,TESSERA_E4M3_K1_R1024,r1024,1,0,0.0009429974597878754,9.79349089074947e-07,4215563,4215563,467aaa4adac893838ca4f60cbbcc602fc417c0515d083919eabb5b8ae39be78e,expert_wires+checkpoint,1,1,1
model.language_model.layers.45.mlp.experts.258.up_proj,routed,TESSERA_BF16_K1_R1024,r1024,1,1,0.0006529371603392065,3.4921354706515387e-07,4231951,4231951,b1886dfc4f31d768751a03c98d35cafa27af354fc0fdc79d12116753c50d06b5,expert_wires+checkpoint,1,1,1
model.language_model.layers.45.mlp.experts.258.up_proj,routed,TESSERA_E4M3_K1_R1024,r1024,1,0,0.0009424602030776441,1.8045206548530069e-06,4215563,4215563,31a9750c5cc4574bd3c7d0480e17e833907c5776b5f37c782d076bf8d3950142,expert_wires+checkpoint,1,1,1
model.language_model.layers.45.mlp.experts.259.down_proj,routed,TESSERA_BF16_K1_R1024,r1024,1,1,0.0001558398362249136,3.85251432363214e-07,4235983,4235983,661b0d47d5718530d105c52eab1751f27a650d29a7f2d5f7b0ec51188fdf3dea,expert_wires+checkpoint,1,1,1
model.language_model.layers.45.mlp.experts.259.down_proj,routed,TESSERA_E4M3_K1_R1024,r1024,1,0,0.00018904278113041073,1.3998829321761666e-06,4219595,4219595,ab36b3fb23533e23da8dddde120abf770e9221873e6db70d4304d805b020ebaa,expert_wires+checkpoint,1,1,1
model.language_model.layers.45.mlp.experts.259.gate_proj,routed,TESSERA_BF16_K1_R1024,r1024,1,1,0.0008518742979504168,9.8186492888958e-08,4231951,4231951,e2c35a985890b19811fcc5f183d6b3c20c0a2db1e86f7a5ddef091a6873a634b,expert_wires+checkpoint,1,1,1
model.language_model.layers.45.mlp.experts.259.gate_proj,routed,TESSERA_E4M3_K1_R1024,r1024,1,0,0.0012283662799745798,1.4897416310822124e-06,4215563,4215563,8486bfe692dd25c699ab82e9c3d3838036349e9a14d0e4616a55ae3188d0208e,expert_wires+checkpoint,1,1,1
model.language_model.layers.45.mlp.experts.259.up_proj,routed,TESSERA_BF16_K1_R1024,r1024,1,1,0.0008939063409343362,3.113404796739395e-07,4231951,4231951,30470829bbcfe806302a742fcd268532c850c83fccc2730ed91174640f6dd30a,expert_wires+checkpoint,1,1,1
model.language_model.layers.45.mlp.experts.259.up_proj,routed,TESSERA_E4M3_K1_R1024,r1024,1,0,0.0012822449207305908,3.819523238467378e-07,4215563,4215563,5a2051d26dfab64f477ab36561f6fe78816301f40715db9755a462714b70bb55,expert_wires+checkpoint,1,1,1
model.language_model.layers.45.mlp.experts.26.down_proj,routed,TESSERA_BF16_K1_R1024,r1024,1,1,0.00015375521616078913,4.068791223354177e-07,4235983,4235983,fbd3b6a3339ac402fb5ab6efbad90bda482113f13ab607db9dda79f252eac697,expert_wires+checkpoint,1,1,1
model.language_model.layers.45.mlp.experts.26.down_proj,routed,TESSERA_E4M3_K1_R1024,r1024,1,0,0.0001988716539926827,7.473553515412992e-07,4219595,4219595,0ee2637290e2244444704da305b3864175d4ff94a6c51eb6d908b849c6b70730,expert_wires+checkpoint,1,1,1
model.language_model.layers.45.mlp.experts.26.gate_proj,routed,TESSERA_BF16_K1_R1024,r1024,1,1,0.0004049986891914159,6.271157496089006e-08,4231951,4231951,9ca75d27b6caa6480aacdb46b7202d084f1a2548324d91f351be784f6a51356d,expert_wires+checkpoint,1,1,1
model.language_model.layers.45.mlp.experts.26.gate_proj,routed,TESSERA_E4M3_K1_R1024,r1024,1,0,0.0006152403075248003,2.4372740408339355e-07,4215563,4215563,9908de5fac76d13a64b893778e9ab03d48797e1a737048e8c9128ceff053a44c,expert_wires+checkpoint,1,1,1
model.language_model.layers.45.mlp.experts.26.up_proj,routed,TESSERA_BF16_K1_R1024,r1024,1,1,0.0004900521598756313,2.0261653638599273e-09,4231951,4231951,9dcd577b60e6ba5f51452071c3315db61a7c0c6a397e2e78e13d5d55919e0614,expert_wires+checkpoint,1,1,1
model.language_model.layers.45.mlp.experts.26.up_proj,routed,TESSERA_E4M3_K1_R1024,r1024,1,0,0.0007344146724790335,2.430513642904291e-07,4215563,4215563,e407dad960cd409604c55c4acea1c86c7f6a584e9a88f655c3192297b2e5bf60,expert_wires+checkpoint,1,1,1
model.language_model.layers.45.mlp.experts.260.down_proj,routed,TESSERA_BF16_K1_R1024,r1024,1,1,0.00010153441689908504,5.536889443315643e-07,4235983,4235983,53828194326a54cf1bcce5c0f96b8d0078370f89b62aae078b6a06a84b5a4325,expert_wires+checkpoint,1,1,1
model.language_model.layers.45.mlp.experts.260.down_proj,routed,TESSERA_E4M3_K1_R1024,r1024,1,0,0.00012264182441867888,3.384935045526422e-07,4219595,4219595,54844e3c1c4df34f2d48d003fc05729f5c99cfeb417494e7174118fee0075264,expert_wires+checkpoint,1,1,1
model.language_model.layers.45.mlp.experts.260.gate_proj,routed,TESSERA_BF16_K1_R1024,r1024,1,1,0.0008807843551039696,5.16815525123764e-07,4231951,4231951,96742f5f62552f123dbef4d9a1ff7f18aaa3b1f03a20ebf3941924494d9f2f9a,expert_wires+checkpoint,1,1,1
model.language_model.layers.45.mlp.experts.260.gate_proj,routed,TESSERA_E4M3_K1_R1024,r1024,1,0,0.0011945574078708887,1.1148877438973567e-06,4215563,4215563,2641e35a0d17d9924da77d56da965831374cc7c3067d3c25bce007a5602c876a,expert_wires+checkpoint,1,1,1
model.language_model.layers.45.mlp.experts.260.up_proj,routed,TESSERA_BF16_K1_R1024,r1024,1,1,0.0009536903817206621,4.1719481752303495e-07,4231951,4231951,4437e0a1785f626c32ccd010d31dd4bd75b9495bb21afd4b7ed5a41abb754a6a,expert_wires+checkpoint,1,1,1
model.language_model.layers.45.mlp.experts.260.up_proj,routed,TESSERA_E4M3_K1_R1024,r1024,1,0,0.0012735679047182202,6.597927728089928e-07,4215563,4215563,2d04045f50ba8e91c9ab235fab30cdb8aebf1b979324eadfdf7e0e513501986e,expert_wires+checkpoint,1,1,1
model.language_model.layers.45.mlp.experts.261.down_proj,routed,TESSERA_BF16_K1_R1024,r1024,1,1,0.0003728783340193331,1.0294940441619527e-06,4235983,4235983,cfba433b38dcaaa33bf541f52efe76aa7cdaad4d91ba37d228c46a7056430f24,expert_wires+checkpoint,1,1,1
model.language_model.layers.45.mlp.experts.261.down_proj,routed,TESSERA_E4M3_K1_R1024,r1024,1,0,0.0004632226482499391,2.2583946666056097e-06,4219595,4219595,2862fd25840c2d483f99aae46d1c13fbfc20bc256c75fde516e324e01abca200,expert_wires+checkpoint,1,1,1
model.language_model.layers.45.mlp.experts.261.gate_proj,routed,TESSERA_BF16_K1_R1024,r1024,1,1,0.0007476893370039761,7.022539135992852e-08,4231951,4231951,5d1700e3232839e972bd12d852386f4f3f35fe066e869cdd2b1e408938067dc3,expert_wires+checkpoint,1,1,1
model.language_model.layers.45.mlp.experts.261.gate_proj,routed,TESSERA_E4M3_K1_R1024,r1024,1,0,0.0010408606613054872,3.1132866637194604e-07,4215563,4215563,05e4f232dd4d77d42aa8fc901e654657448b2a4d6794743850a96ebce127d7b0,expert_wires+checkpoint,1,1,1
model.language_model.layers.45.mlp.experts.261.up_proj,routed,TESSERA_BF16_K1_R1024,r1024,1,1,0.0008783155353739858,2.608883876408836e-07,4231951,4231951,40a61da43d347edc85f0876c2f3af863e05e60ecf1e8e56f807f5db8433a8e62,expert_wires+checkpoint,1,1,1
model.language_model.layers.45.mlp.experts.261.up_proj,routed,TESSERA_E4M3_K1_R1024,r1024,1,0,0.0012170670088380575,1.4237032247053295e-06,4215563,4215563,59398fc69c1bac8d219d060719abb54068282dd057f2e09722f1d7144eaeb5af,expert_wires+checkpoint,1,1,1
model.language_model.layers.45.mlp.experts.262.down_proj,routed,TESSERA_BF16_K1_R1024,r1024,1,1,0.00012786714069079608,2.782744617011268e-07,4235983,4235983,6ad869de8ee969d9427ee89f79a8d6bf91433fdec6458bf8dc8c74988c1782f9,expert_wires+checkpoint,1,1,1
model.language_model.layers.45.mlp.experts.262.down_proj,routed,TESSERA_E4M3_K1_R1024,r1024,1,0,0.0001575775968376547,1.3008012792199133e-07,4219595,4219595,9627f345bbf93b3ef3cf8d82f4d6e82c661e5da0a6bf2b8bc8e7fa4318fe6922,expert_wires+checkpoint,1,1,1
model.language_model.layers.45.mlp.experts.262.gate_proj,routed,TESSERA_BF16_K1_R1024,r1024,1,1,0.0006813285872340202,2.752055482319797e-07,4231951,4231951,b09a1cfc612f042f0104f30e395954c33d0a7396e17d590ff4564057cd5fb302,expert_wires+checkpoint,1,1,1
model.language_model.layers.45.mlp.experts.262.gate_proj,routed,TESSERA_E4M3_K1_R1024,r1024,1,0,0.0010038460604846478,2.1505907409316232e-07,4215563,4215563,bd44dd4291d2aa688e052638cffe39c38d76a2b61164aea2ebda3177c6993bea,expert_wires+checkpoint,1,1,1
model.language_model.layers.45.mlp.experts.262.up_proj,routed,TESSERA_BF16_K1_R1024,r1024,1,1,0.0007512338343076408,1.9762028710956999e-07,4231951,4231951,31ff07dc8afe9e7d81d78f21be2ec0d45a2a7bc7f7ef709acaf9ef9ef21048b6,expert_wires+checkpoint,1,1,1
model.language_model.layers.45.mlp.experts.262.up_proj,routed,TESSERA_E4M3_K1_R1024,r1024,1,0,0.0011041106190532446,3.9952656956825013e-07,4215563,4215563,0adbbf5ce61df7359d70ff68bb38e747e6514776798a795d1e97545297642448,expert_wires+checkpoint,1,1,1
model.language_model.layers.45.mlp.experts.263.down_proj,routed,TESSERA_BF16_K1_R1024,r1024,1,1,0.00020358027541078627,4.477470707282457e-07,4235983,4235983,e4fd06886d22f9682437446b6949548d0cb2db5834e96dbbd8218ef762dea46d,expert_wires+checkpoint,1,1,1
model.language_model.layers.45.mlp.experts.263.down_proj,routed,TESSERA_E4M3_K1_R1024,r1024,1,0,0.00025178212672472,3.837971173001115e-07,4219595,4219595,2aafd44766d795af645fe46ded9d75330e89039cd3bb5f520fdcb44330215ff4,expert_wires+checkpoint,1,1,1
model.language_model.layers.45.mlp.experts.263.gate_proj,routed,TESSERA_BF16_K1_R1024,r1024,1,1,0.0007148468284867704,2.5025757313701785e-07,4231951,4231951,47c3fe048faf64e7b848d94b34edd14199a0e529cabd8f3d7785f48d0db22759,expert_wires+checkpoint,1,1,1
model.language_model.layers.45.mlp.experts.263.gate_proj,routed,TESSERA_E4M3_K1_R1024,r1024,1,0,0.001042755669914186,2.1509222936614038e-07,4215563,4215563,72548a26980dac9802848d8665cdd733a7931f2454ba98ebab721d937265cafe,expert_wires+checkpoint,1,1,1
model.language_model.layers.45.mlp.experts.263.up_proj,routed,TESSERA_BF16_K1_R1024,r1024,1,1,0.0007894206792116165,3.3209796445410113e-07,4231951,4231951,f14bdb200d0dda3fe3de9bf96fc4b6ae9f86a90c7d222ef2b83abf59aa40dd74,expert_wires+checkpoint,1,1,1
model.language_model.layers.45.mlp.experts.263.up_proj,routed,TESSERA_E4M3_K1_R1024,r1024,1,0,0.001151896663941443,2.471572081290803e-07,4215563,4215563,bcdded066533ee1181505e1951dd6abf58e9d857389ebc1d889ebb0cbf18953b,expert_wires+checkpoint,1,1,1
model.language_model.layers.45.mlp.experts.264.down_proj,routed,TESSERA_BF16_K1_R1024,r1024,1,1,0.0004708105407189578,4.4783271500913055e-07,4235983,4235983,7e844e7567f7a15360da7be5420c6c212517b81972a69a7db1f535750d8f6a10,expert_wires+checkpoint,1,1,1
model.language_model.layers.45.mlp.experts.264.down_proj,routed,TESSERA_E4M3_K1_R1024,r1024,1,0,0.0006199260242283344,2.7337586473575025e-06,4219595,4219595,35b45df8a51a1dcbf8b9bbe2b50b9435e887550d1dc2c924208c38a161659208,expert_wires+checkpoint,1,1,1
model.language_model.layers.45.mlp.experts.264.gate_proj,routed,TESSERA_BF16_K1_R1024,r1024,1,1,0.0006354548968374729,1.8174343725738696e-07,4231951,4231951,d72a5f832be77b48db6c66e43f6b867fd66813c7448f3a7ff23b5a1ee6704c6f,expert_wires+checkpoint,1,1,1
model.language_model.layers.45.mlp.experts.264.gate_proj,routed,TESSERA_E4M3_K1_R1024,r1024,1,0,0.0009394052322022617,1.554169498985299e-07,4215563,4215563,dc6c55c2f66ea9ca0bd3979f70354f7e1291bc7cbf868de6043dd77df867fdf2,expert_wires+checkpoint,1,1,1
model.language_model.layers.45.mlp.experts.264.up_proj,routed,TESSERA_BF16_K1_R1024,r1024,1,1,0.0007302777376025915,1.047194571837551e-07,4231951,4231951,4106b11270cea0971d3b49c36fab8a372d1e2280041425342a1c15696e890a94,expert_wires+checkpoint,1,1,1
model.language_model.layers.45.mlp.experts.264.up_proj,routed,TESSERA_E4M3_K1_R1024,r1024,1,0,0.0010716448305174708,6.231301527997115e-07,4215563,4215563,07006e6f4195d3b3d48fbac093e98786356ae8783990fa37a432cb443b583cd0,expert_wires+checkpoint,1,1,1
model.language_model.layers.45.mlp.experts.265.down_proj,routed,TESSERA_BF16_K1_R1024,r1024,1,1,0.00025657418882474303,4.3151833711435203e-07,4235983,4235983,77244b3466d9e9c511b6538d8a171a457d51ff30a76e41b2a61ae57705bcf9fe,expert_wires+checkpoint,1,1,1
model.language_model.layers.45.mlp.experts.265.down_proj,routed,TESSERA_E4M3_K1_R1024,r1024,1,0,0.0003104149363934994,4.1729959262170065e-07,4219595,4219595,b1ce4514ceb0a700d7827df2764957243b72d34f0f623369cf8cc49038943911,expert_wires+checkpoint,1,1,1
model.language_model.layers.45.mlp.experts.265.gate_proj,routed,TESSERA_BF16_K1_R1024,r1024,1,1,0.000858767016325146,9.633407554969895e-08,4231951,4231951,27fa51c23e5d31dd1fa4339c0c97260dba9de92b34adf5684c35a70376bfed94,expert_wires+checkpoint,1,1,1
model.language_model.layers.45.mlp.experts.265.gate_proj,routed,TESSERA_E4M3_K1_R1024,r1024,1,0,0.0012148304376751184,1.4632848243231351e-08,4215563,4215563,50cfa9cb8f40d2cd666bb67b55d25dd3c28222a2c0b381cfcaf24b9f59297817,expert_wires+checkpoint,1,1,1
model.language_model.layers.45.mlp.experts.265.up_proj,routed,TESSERA_BF16_K1_R1024,r1024,1,1,0.0009381381678394973,5.9593744159671635e-08,4231951,4231951,e8d3ec25b5854517ae466a3bbeba49a65cfdb5d3c4b03a2e658a9f32bfe4e612,expert_wires+checkpoint,1,1,1
model.language_model.layers.45.mlp.experts.265.up_proj,routed,TESSERA_E4M3_K1_R1024,r1024,1,0,0.0013231605989858508,8.485065032713767e-08,4215563,4215563,0d49c6116739ad23597b1dca7083cdc09220b8154aeb057155b2d6572001c0c1,expert_wires+checkpoint,1,1,1
model.language_model.layers.45.mlp.experts.266.down_proj,routed,TESSERA_BF16_K1_R1024,r1024,1,1,0.0005002780235372484,1.3920851296448813e-06,4235983,4235983,3268d3a1cb5ce674f5eff5ffe6ff90da9f88399c75fb35f4c4fd52d6550c9b6d,expert_wires+checkpoint,1,1,1
model.language_model.layers.45.mlp.experts.266.down_proj,routed,TESSERA_E4M3_K1_R1024,r1024,1,0,0.0006086598732508719,3.7447149163429736e-06,4219595,4219595,a7361f4ad54912f643d75a9d89d8ff02529dd711ff4c558586c3031aae59c97c,expert_wires+checkpoint,1,1,1
model.language_model.layers.45.mlp.experts.266.gate_proj,routed,TESSERA_BF16_K1_R1024,r1024,1,1,0.0007411789847537875,3.155280981434313e-07,4231951,4231951,4a31d305831a9efdb5b583cc9b511d5e338f0b9dff2befb0f4236511bf0edc79,expert_wires+checkpoint,1,1,1
model.language_model.layers.45.mlp.experts.266.gate_proj,routed,TESSERA_E4M3_K1_R1024,r1024,1,0,0.0010729026980698109,4.7516509412560596e-07,4215563,4215563,494322305463a661e8fe7fd5680ef73c03dc1b6e8311efc115d28c2b75989e1e,expert_wires+checkpoint,1,1,1
model.language_model.layers.45.mlp.experts.266.up_proj,routed,TESSERA_BF16_K1_R1024,r1024,1,1,0.0008169541251845658,3.5396425687049455e-08,4231951,4231951,882e68478a667cb76d275532b58ea8b3b5dadc16319e8915418f1ebce9edc6e8,expert_wires+checkpoint,1,1,1
model.language_model.layers.45.mlp.experts.266.up_proj,routed,TESSERA_E4M3_K1_R1024,r1024,1,0,0.0011787626426666975,2.2358168337625408e-07,4215563,4215563,82af622d478707f83f443e9c29f94cfc84e6d3efc170e5edb1b6067df5700724,expert_wires+checkpoint,1,1,1
model.language_model.layers.45.mlp.experts.267.down_proj,routed,TESSERA_BF16_K1_R1024,r1024,1,1,0.00013570791634265333,5.3007113695615e-07,4235983,4235983,35cdd97adb57a2cda9a9477c21f4ff646fdee3096050d7829c5411c715c453ed,expert_wires+checkpoint,1,1,1
model.language_model.layers.45.mlp.experts.267.down_proj,routed,TESSERA_E4M3_K1_R1024,r1024,1,0,0.0001705399336060509,2.0669604617875428e-07,4219595,4219595,6bbe25ee9c86df3097f0341ec8037ff4e50c4000e68eb75d9220b6c536672828,expert_wires+checkpoint,1,1,1
model.language_model.layers.45.mlp.experts.267.gate_proj,routed,TESSERA_BF16_K1_R1024,r1024,1,1,0.0007293024682439864,2.1543397453824484e-08,4231951,4231951,9f6d8679040fe0af61a68392589470db767ef846949739c68e7bc54fbca7caf1,expert_wires+checkpoint,1,1,1
model.language_model.layers.45.mlp.experts.267.gate_proj,routed,TESSERA_E4M3_K1_R1024,r1024,1,0,0.0010710813803598285,1.0580956893171742e-07,4215563,4215563,960c04df14367e36d62006f9da706593c44ffe75ef387f22760fca2d4f5c76d8,expert_wires+checkpoint,1,1,1
model.language_model.layers.45.mlp.experts.267.up_proj,routed,TESSERA_BF16_K1_R1024,r1024,1,1,0.0008828436257317662,2.999282538354059e-07,4231951,4231951,40541647e8c4c4a43b82b7baa9158498eb2ebc08c256359a0a4484520f56c9ef,expert_wires+checkpoint,1,1,1
model.language_model.layers.45.mlp.experts.267.up_proj,routed,TESSERA_E4M3_K1_R1024,r1024,1,0,0.0012904386967420578,3.2847016660090333e-07,4215563,4215563,996291a685abbc81dc7561d478298aa2b50dfb9e93b460471fcb31d484fbcba5,expert_wires+checkpoint,1,1,1
model.language_model.layers.45.mlp.experts.268.down_proj,routed,TESSERA_BF16_K1_R1024,r1024,1,1,0.00011819247447419912,5.390901398341763e-07,4235983,4235983,22aaad39c1928cd5da0205cab64547d5f06fb0d8610c745b1083106c70c3bfed,expert_wires+checkpoint,1,1,1
model.language_model.layers.45.mlp.experts.268.down_proj,routed,TESSERA_E4M3_K1_R1024,r1024,1,0,0.0001504598476458341,9.741583050781906e-07,4219595,4219595,3a67737a1010e0960862232dd25a1d422a3922301eb85c6f92c93945f218a7e8,expert_wires+checkpoint,1,1,1
model.language_model.layers.45.mlp.experts.268.gate_proj,routed,TESSERA_BF16_K1_R1024,r1024,1,1,0.0007020487682893872,6.645504583743672e-07,4231951,4231951,b761ec9e03fa0895c2148c1543e9c3ca9d26e1e16d82a73ae4d01b3c839ef796,expert_wires+checkpoint,1,1,1
model.language_model.layers.45.mlp.experts.268.gate_proj,routed,TESSERA_E4M3_K1_R1024,r1024,1,0,0.001017400878481567,3.245405876945091e-07,4215563,4215563,d31fd6c4de2686f27a7e2fe0a967d952a33c6d35d5393e4bda0685b2ef10841c,expert_wires+checkpoint,1,1,1
model.language_model.layers.45.mlp.experts.268.up_proj,routed,TESSERA_BF16_K1_R1024,r1024,1,1,0.0007536413613706827,3.031610832130184e-07,4231951,4231951,e9fdb04758b59e43e1b6bfed22f1fff7bef011532c15ea0c6a2405695ce68b1b,expert_wires+checkpoint,1,1,1
model.language_model.layers.45.mlp.experts.268.up_proj,routed,TESSERA_E4M3_K1_R1024,r1024,1,0,0.0010849901009351015,9.491942603387955e-08,4215563,4215563,61dba19f3d354da2faf4806e186989b7011a535d6849b6696b935b479ccd6b1b,expert_wires+checkpoint,1,1,1
model.language_model.layers.45.mlp.experts.269.down_proj,routed,TESSERA_BF16_K1_R1024,r1024,1,1,0.00020772706193383783,2.8146907058131025e-07,4235983,4235983,cced4839a0e4e71be8e15200c7b019d076821f71a436282a1ce452b2f9f0bb6e,expert_wires+checkpoint,1,1,1
model.language_model.layers.45.mlp.experts.269.down_proj,routed,TESSERA_E4M3_K1_R1024,r1024,1,0,0.000256002793321386,7.032782624706687e-07,4219595,4219595,6c3d99746db850d2e7b32e2b8be78078c980bb65e95b7ca39503a93a081d3494,expert_wires+checkpoint,1,1,1
model.language_model.layers.45.mlp.experts.269.gate_proj,routed,TESSERA_BF16_K1_R1024,r1024,1,1,0.0006898061255924404,1.56983130310695e-07,4231951,4231951,e0f888fb3f80ad0573640a3b1a7d9d5fc044969d3e961ef9ba393d0f2f818f26,expert_wires+checkpoint,1,1,1
model.language_model.layers.45.mlp.experts.269.gate_proj,routed,TESSERA_E4M3_K1_R1024,r1024,1,0,0.0009877948323264718,9.080852585096444e-08,4215563,4215563,454bbed3c6852a52844fbdb7f1fe5bce3f0044d04c0abae2c9b184512e23991c,expert_wires+checkpoint,1,1,1
model.language_model.layers.45.mlp.experts.269.up_proj,routed,TESSERA_BF16_K1_R1024,r1024,1,1,0.0008351609576493502,1.0081991841635014e-07,4231951,4231951,ef84687984a7985561ad967b5d68b62c2311411d2f33f6bac1d96a1b190171f8,expert_wires+checkpoint,1,1,1
model.language_model.layers.45.mlp.experts.269.up_proj,routed,TESSERA_E4M3_K1_R1024,r1024,1,0,0.0011846802663058043,7.598249853342259e-08,4215563,4215563,4ea5a883bd096fc3d2c9929d02ca199f4bc3647b7af241ccf76989bf3d85fce1,expert_wires+checkpoint,1,1,1
model.language_model.layers.45.mlp.experts.27.down_proj,routed,TESSERA_BF16_K1_R1024,r1024,1,1,0.0001963850372703746,9.082261739679694e-07,4235983,4235983,2d8bea885414bc5902fd8c136f4b5de3dd17d98c42920948f051e8ffa7c295a8,expert_wires+checkpoint,1,1,1
model.language_model.layers.45.mlp.experts.27.down_proj,routed,TESSERA_E4M3_K1_R1024,r1024,1,0,0.00024240327184088528,8.430427707471478e-07,4219595,4219595,2adc9a0ef9461eef259b2b73d6ef2391dbeb8e55171078f5a88629200255ca6d,expert_wires+checkpoint,1,1,1
model.language_model.layers.45.mlp.experts.27.gate_proj,routed,TESSERA_BF16_K1_R1024,r1024,1,1,0.0007149162702262402,1.8128023115174885e-07,4231951,4231951,36264049cf0048442921a2ab07cf0f1b9d0f01cce4c03a9d5d6849dfa39786a4,expert_wires+checkpoint,1,1,1
model.language_model.layers.45.mlp.experts.27.gate_proj,routed,TESSERA_E4M3_K1_R1024,r1024,1,0,0.001045549986883998,5.749220791057081e-07,4215563,4215563,a9d30a805504d945505ed3f37056ce7a301c1a6e3d55e02eb85046f54f57715b,expert_wires+checkpoint,1,1,1
model.language_model.layers.45.mlp.experts.27.up_proj,routed,TESSERA_BF16_K1_R1024,r1024,1,1,0.000796471955254674,3.3844594210118625e-07,4231951,4231951,ad057b6fdc3b5fc1553c90e6407d0e1365f72cbdb30d9a7878a883acaafc569f,expert_wires+checkpoint,1,1,1
model.language_model.layers.45.mlp.experts.27.up_proj,routed,TESSERA_E4M3_K1_R1024,r1024,1,0,0.0011635273694992065,1.6231488131057434e-07,4215563,4215563,ae254eec7c589af80a1953d0e3192d1c6f56b89d50edc1a081572782383e1d6f,expert_wires+checkpoint,1,1,1
model.language_model.layers.45.mlp.experts.270.down_proj,routed,TESSERA_BF16_K1_R1024,r1024,1,1,0.0001298753049923107,1.6064099397073743e-06,4235983,4235983,4170212dbeff0fc574208f23674470fac68c164b7fbdcaaaa18ec39abddc6ffe,expert_wires+checkpoint,1,1,1
model.language_model.layers.45.mlp.experts.270.down_proj,routed,TESSERA_E4M3_K1_R1024,r1024,1,0,0.00017437891801819205,3.053529314414182e-06,4219595,4219595,5def09c3b4941f4271908ba42233aaeffa0109e5adfb7970c5d759bb7a6af9be,expert_wires+checkpoint,1,1,1
model.language_model.layers.45.mlp.experts.270.gate_proj,routed,TESSERA_BF16_K1_R1024,r1024,1,1,0.0006047599017620087,1.7507210044046657e-06,4231951,4231951,c7c524f04bbd31d45811b10845dc7204b703a10a4cb49fb1bd2e893bea6b8782,expert_wires+checkpoint,1,1,1
model.language_model.layers.45.mlp.experts.270.gate_proj,routed,TESSERA_E4M3_K1_R1024,r1024,1,0,0.0009274319745600224,1.1185558824459292e-06,4215563,4215563,61e45bf84fd953b82d0e8717b4bb2a2dd9a84501e761a024d410b34ba8d97082,expert_wires+checkpoint,1,1,1
model.language_model.layers.45.mlp.experts.270.up_proj,routed,TESSERA_BF16_K1_R1024,r1024,1,1,0.0005958166439086199,6.645115018260708e-07,4231951,4231951,a6e7ecaff544479437ba4a7fff88196c49433665df2612371e01f89777a0b97b,expert_wires+checkpoint,1,1,1
model.language_model.layers.45.mlp.experts.270.up_proj,routed,TESSERA_E4M3_K1_R1024,r1024,1,0,0.0009036187548190355,1.4333663584931092e-06,4215563,4215563,c7a0f8c426fe6a96afad354027fba149d131336f0f0e38635557b1118c66de4c,expert_wires+checkpoint,1,1,1
model.language_model.layers.45.mlp.experts.271.down_proj,routed,TESSERA_BF16_K1_R1024,r1024,1,1,0.0002921269624494016,3.470709009412785e-07,4235983,4235983,1228321722108119783c1dbda7d24b11af5280949f73efdb2d25b8fccb595cad,expert_wires+checkpoint,1,1,1
model.language_model.layers.45.mlp.experts.271.down_proj,routed,TESSERA_E4M3_K1_R1024,r1024,1,0,0.00037348756450228393,1.3448118693792418e-06,4219595,4219595,6272d29c75521f73dc8906d97febdd48d49c550a0bcc79cf583652a3eb135475,expert_wires+checkpoint,1,1,1
model.language_model.layers.45.mlp.experts.271.gate_proj,routed,TESSERA_BF16_K1_R1024,r1024,1,1,0.0006870548822917044,1.6334730172525644e-07,4231951,4231951,5b60a88897a9e3f20add437e6a7e7c5ecde6e0d5b88652f0372bcbef179723fc,expert_wires+checkpoint,1,1,1
model.language_model.layers.45.mlp.experts.271.gate_proj,routed,TESSERA_E4M3_K1_R1024,r1024,1,0,0.000995627953670919,3.247414834963338e-07,4215563,4215563,42b84aa2c26ed5dfd632f5d24f7474f998f2019dada6697bd5510113cced89fd,expert_wires+checkpoint,1,1,1
model.language_model.layers.45.mlp.experts.271.up_proj,routed,TESSERA_BF16_K1_R1024,r1024,1,1,0.0007845591753721237,3.9288474586941846e-08,4231951,4231951,cec826c8efe28b6875982cd92e9597bdfdf3899c66801049de95b3053b0519f8,expert_wires+checkpoint,1,1,1
model.language_model.layers.45.mlp.experts.271.up_proj,routed,TESSERA_E4M3_K1_R1024,r1024,1,0,0.0011294533032923937,8.152944526764905e-08,4215563,4215563,7f40e111b096f55f43a8ed3b26a3d8580514de8c7d73e0a8bbe5746695747292,expert_wires+checkpoint,1,1,1
model.language_model.layers.45.mlp.experts.272.down_proj,routed,TESSERA_BF16_K1_R1024,r1024,1,1,0.00018151849508285522,2.873846336036563e-07,4235983,4235983,3d088e869e49fca53de0671e8c865f79d7ff9f241e69e045ab61b03c52115903,expert_wires+checkpoint,1,1,1
model.language_model.layers.45.mlp.experts.272.down_proj,routed,TESSERA_E4M3_K1_R1024,r1024,1,0,0.0002331881260033697,3.667271418934941e-07,4219595,4219595,595bcba2e9200e3d0a9e02485ed40dabb2c93efe8e6fb7badcc13c3e82f7334f,expert_wires+checkpoint,1,1,1
model.language_model.layers.45.mlp.experts.272.gate_proj,routed,TESSERA_BF16_K1_R1024,r1024,1,1,0.000774035113863647,1.0451433330447089e-07,4231951,4231951,b897557f9eea9d144031f05ea55ac8ec25018708ab68f2a29409be79806b468a,expert_wires+checkpoint,1,1,1
model.language_model.layers.45.mlp.experts.272.gate_proj,routed,TESSERA_E4M3_K1_R1024,r1024,1,0,0.0011724563082680106,4.276791994606537e-08,4215563,4215563,5d1ab5dab57eac6e9e80eba53690c28513159b869cd97251d027ed8687c09cdd,expert_wires+checkpoint,1,1,1
model.language_model.layers.45.mlp.experts.272.up_proj,routed,TESSERA_BF16_K1_R1024,r1024,1,1,0.000907277746591717,1.4301659244892438e-07,4231951,4231951,62c7fc76187f4553e64a834d4e2e4f14fc5d4309f4d3cfe2947b69ee16808e9f,expert_wires+checkpoint,1,1,1
model.language_model.layers.45.mlp.experts.272.up_proj,routed,TESSERA_E4M3_K1_R1024,r1024,1,0,0.0013676413800567389,2.3644788366289402e-07,4215563,4215563,275f7f1ed04bd6408060ccf2fb78dbf694855886a7e02cb63fcec4531b831836,expert_wires+checkpoint,1,1,1
model.language_model.layers.45.mlp.experts.273.down_proj,routed,TESSERA_BF16_K1_R1024,r1024,1,1,0.0003873028908856213,1.857616696831219e-07,4235983,4235983,afe7dfb946d93cfe70f019d007e1c15b1d475233fffbe0263c4976c1a0e1bbea,expert_wires+checkpoint,1,1,1
model.language_model.layers.45.mlp.experts.273.down_proj,routed,TESSERA_E4M3_K1_R1024,r1024,1,0,0.0005290410481393337,6.438351184215262e-07,4219595,4219595,88083798290f24738556e365975cced780e33918e9b2090c6208bff584ba760b,expert_wires+checkpoint,1,1,1
model.language_model.layers.45.mlp.experts.273.gate_proj,routed,TESSERA_BF16_K1_R1024,r1024,1,1,0.00046953075798228383,4.979382289296984e-08,4231951,4231951,5ce5933d802edca77a5474ef12e2eb790ae10644179def64a43538555f15c74f,expert_wires+checkpoint,1,1,1
model.language_model.layers.45.mlp.experts.273.gate_proj,routed,TESSERA_E4M3_K1_R1024,r1024,1,0,0.0007467044633813202,3.2602014029744825e-07,4215563,4215563,69bea0c10a587e5c3c3a7f6f3e1200e34d5f8e033b5c5432c5b69ba8b432d261,expert_wires+checkpoint,1,1,1
model.language_model.layers.45.mlp.experts.273.up_proj,routed,TESSERA_BF16_K1_R1024,r1024,1,1,0.0005399980582296848,2.5543109995667667e-07,4231951,4231951,a50e86376072137a5e08c411954bb70ba59547adcdd4f6e20b033d96e6d0bd93,expert_wires+checkpoint,1,1,1
model.language_model.layers.45.mlp.experts.273.up_proj,routed,TESSERA_E4M3_K1_R1024,r1024,1,0,0.000854851386975497,1.5083598693177483e-07,4215563,4215563,04a7c888c962f287710ff0ca124643949078b7183bedc249a4482f0c20c1643e,expert_wires+checkpoint,1,1,1
model.language_model.layers.45.mlp.experts.274.down_proj,routed,TESSERA_BF16_K1_R1024,r1024,1,1,0.0003433857928030193,4.5015305392424614e-07,4235983,4235983,41253c5377185e370eec2d4ce0a30df617934cd732049e27979cfc64f49bf47b,expert_wires+checkpoint,1,1,1
model.language_model.layers.45.mlp.experts.274.down_proj,routed,TESSERA_E4M3_K1_R1024,r1024,1,0,0.0004090448492206633,1.3765585900713526e-07,4219595,4219595,977e00346c77b9e4df1f5dec8360777b022bbacd8392f2c504777928a6131217,expert_wires+checkpoint,1,1,1
model.language_model.layers.45.mlp.experts.274.gate_proj,routed,TESSERA_BF16_K1_R1024,r1024,1,1,0.000976001494564116,5.473137616773071e-07,4231951,4231951,20eadf3af022458eff13d8313f360b46c2d98b06b4adac651bab5a27f5f3240b,expert_wires+checkpoint,1,1,1
model.language_model.layers.45.mlp.experts.274.gate_proj,routed,TESSERA_E4M3_K1_R1024,r1024,1,0,0.0013406416401267052,3.5813812718226575e-07,4215563,4215563,23dab8fc7032b1952773a3966f88bee4e6b0a6757c777d61cbc44bd44afa4057,expert_wires+checkpoint,1,1,1
model.language_model.layers.45.mlp.experts.274.up_proj,routed,TESSERA_BF16_K1_R1024,r1024,1,1,0.0010710135102272034,3.540526144951319e-07,4231951,4231951,527227aff1ad1a4b56f5a178a863614c5c6399b3a69e3ed928e55627b3e48e51,expert_wires+checkpoint,1,1,1
model.language_model.layers.45.mlp.experts.274.up_proj,routed,TESSERA_E4M3_K1_R1024,r1024,1,0,0.0014698673039674759,6.11207003743347e-08,4215563,4215563,e1ecae96860581934604234522e22a54688bebf87aef5428be8b3d47de354000,expert_wires+checkpoint,1,1,1
model.language_model.layers.45.mlp.experts.275.down_proj,routed,TESSERA_BF16_K1_R1024,r1024,1,1,0.00019474401779007167,1.7696118866444656e-07,4235983,4235983,afc00ae415c506bfc2dd9aea0f6d9f0c369e696a5a055ead25578420e6f85728,expert_wires+checkpoint,1,1,1
model.language_model.layers.45.mlp.experts.275.down_proj,routed,TESSERA_E4M3_K1_R1024,r1024,1,0,0.00024290058354381472,5.050058468806803e-07,4219595,4219595,b25ce21b148f925659217d74636eefa76ca50fdb3d81a46e042fe43b7404b6cd,expert_wires+checkpoint,1,1,1
model.language_model.layers.45.mlp.experts.275.gate_proj,routed,TESSERA_BF16_K1_R1024,r1024,1,1,0.0007695366512052715,2.813861125912908e-07,4231951,4231951,f6dde73d4bf557bd34dea4910cdc5d5e1af89728d2efe91640d5a82b2b1a0fa9,expert_wires+checkpoint,1,1,1
model.language_model.layers.45.mlp.experts.275.gate_proj,routed,TESSERA_E4M3_K1_R1024,r1024,1,0,0.001139566651545465,2.810526033938198e-07,4215563,4215563,89a000031f3c1c54792ce4c015d9d7db1521e725e2a6e424470a8b31c2827ec1,expert_wires+checkpoint,1,1,1
model.language_model.layers.45.mlp.experts.275.up_proj,routed,TESSERA_BF16_K1_R1024,r1024,1,1,0.0007960593793541193,8.329113811660007e-08,4231951,4231951,cd6cb420322cb422912803b5523c15a9af0d87a81466c566de6c1670494036fa,expert_wires+checkpoint,1,1,1
model.language_model.layers.45.mlp.experts.275.up_proj,routed,TESSERA_E4M3_K1_R1024,r1024,1,0,0.0011641394812613726,1.2513257150985287e-07,4215563,4215563,076bce12700791edb3d5455cc4f42bd3678952c1e1a73192144f924263534857,expert_wires+checkpoint,1,1,1
model.language_model.layers.45.mlp.experts.276.down_proj,routed,TESSERA_BF16_K1_R1024,r1024,1,1,0.00021053309319540858,4.8398321065150056e-08,4235983,4235983,ea08315ffb3e1de314f43f86eb88469e170ab6b598a08367eee1f14673d6a00a,expert_wires+checkpoint,1,1,1
model.language_model.layers.45.mlp.experts.276.down_proj,routed,TESSERA_E4M3_K1_R1024,r1024,1,0,0.00028193462640047073,2.9533447611925748e-08,4219595,4219595,973cb49432492143364b0615e46e0f5080b17c11603bf98e473f7b523acb3834,expert_wires+checkpoint,1,1,1
model.language_model.layers.45.mlp.experts.276.gate_proj,routed,TESSERA_BF16_K1_R1024,r1024,1,1,0.0005419767694547772,1.1140404474733141e-07,4231951,4231951,003d611d9b35f42cb55355e25e2f879778706d8e80aac38daaff8494b08a7548,expert_wires+checkpoint,1,1,1
model.language_model.layers.45.mlp.experts.276.gate_proj,routed,TESSERA_E4M3_K1_R1024,r1024,1,0,0.0008508057217113674,1.7341323380749672e-07,4215563,4215563,4a13c39f053db36f0ce036b385252fb1b8c30e602ca91dce5640c4285e60f8d9,expert_wires+checkpoint,1,1,1
model.language_model.layers.45.mlp.experts.276.up_proj,routed,TESSERA_BF16_K1_R1024,r1024,1,1,0.0005950062186457217,3.825801658300714e-07,4231951,4231951,da1734cddfa879add8ead2968c1ea838805ae478f26579c0a56c800222e83e65,expert_wires+checkpoint,1,1,1
model.language_model.layers.45.mlp.experts.276.up_proj,routed,TESSERA_E4M3_K1_R1024,r1024,1,0,0.0009264782420359552,3.6555831285155126e-08,4215563,4215563,35d40836cbe7f8f00a532534c8c48b3d6cf6537e834fbe9303e5ec4c00d49373,expert_wires+checkpoint,1,1,1
model.language_model.layers.45.mlp.experts.277.down_proj,routed,TESSERA_BF16_K1_R1024,r1024,1,1,0.00031362115987576544,3.0455588593040866e-06,4235983,4235983,54a7eb5d8c15b499175321e8c03665d847d6fd6215a269e3bb4c1d6459a07d07,expert_wires+checkpoint,1,1,1
model.language_model.layers.45.mlp.experts.277.down_proj,routed,TESSERA_E4M3_K1_R1024,r1024,1,0,0.000376732146833092,2.5625328887459403e-06,4219595,4219595,a9fad9f675f9f9a8d92255701eb627064081fda78b616654010093ae671a6f9a,expert_wires+checkpoint,1,1,1
model.language_model.layers.45.mlp.experts.277.gate_proj,routed,TESSERA_BF16_K1_R1024,r1024,1,1,0.0009460169821977615,4.1759872113846114e-07,4231951,4231951,85f665e56b5077a26b08d6b0fa691c752f11f2c7326cd7006b8610dd1ad482ca,expert_wires+checkpoint,1,1,1
model.language_model.layers.45.mlp.experts.277.gate_proj,routed,TESSERA_E4M3_K1_R1024,r1024,1,0,0.001305490150116384,3.6388170412077006e-06,4215563,4215563,2c6f2f122afaa5f8d8e8bda78fabd7b99c8ba3b40ae5cddee16dde16d37edd03,expert_wires+checkpoint,1,1,1
model.language_model.layers.45.mlp.experts.277.up_proj,routed,TESSERA_BF16_K1_R1024,r1024,1,1,0.0010708346962928772,6.113527542331676e-07,4231951,4231951,8543670a7952e9ed49c39393c608175289bdfd3e78ea10e5491f23d8dc12e49b,expert_wires+checkpoint,1,1,1
model.language_model.layers.45.mlp.experts.277.up_proj,routed,TESSERA_E4M3_K1_R1024,r1024,1,0,0.0014667419018223882,4.2595808175735786e-06,4215563,4215563,4b8127817830fc2297fec023972621af5cb358f662e06634cff8df07a480c9af,expert_wires+checkpoint,1,1,1
model.language_model.layers.45.mlp.experts.278.down_proj,routed,TESSERA_BF16_K1_R1024,r1024,1,1,0.0002650501555763185,1.964291163369636e-06,4235983,4235983,a6743bc63e576d8e96de288531c6dff3c6988b66a06e48d4c5c3cc4b56d2864e,expert_wires+checkpoint,1,1,1
model.language_model.layers.45.mlp.experts.278.down_proj,routed,TESSERA_E4M3_K1_R1024,r1024,1,0,0.00034195114858448505,5.231076875471374e-06,4219595,4219595,ada9bad32c27ba4cba6ae98ec4ef9b760c51813facf4b0b64cbb73c4a3ec1fed,expert_wires+checkpoint,1,1,1
model.language_model.layers.45.mlp.experts.278.gate_proj,routed,TESSERA_BF16_K1_R1024,r1024,1,1,0.0005790693685412407,4.3752421405341305e-07,4231951,4231951,56e8e4b1e872a53fb7211919dbde7fd5367f07c2e97e9218f622f3220e4a42b2,expert_wires+checkpoint,1,1,1
model.language_model.layers.45.mlp.experts.278.gate_proj,routed,TESSERA_E4M3_K1_R1024,r1024,1,0,0.000842665380332619,2.427530200805204e-06,4215563,4215563,673a60037a73710dbba229da4b039ad3197ed452174313a2dc1ec197947d459b,expert_wires+checkpoint,1,1,1
model.language_model.layers.45.mlp.experts.278.up_proj,routed,TESSERA_BF16_K1_R1024,r1024,1,1,0.0006547978264279664,1.5421419468863979e-06,4231951,4231951,60cabd916b046242e6652c1626b56345be682ce564b1c3fcd084eb35bbb34278,expert_wires+checkpoint,1,1,1
model.language_model.layers.45.mlp.experts.278.up_proj,routed,TESSERA_E4M3_K1_R1024,r1024,1,0,0.0009454323444515467,1.978719316826638e-06,4215563,4215563,4776191ad7d45e4dc3c63e59576c8fa7cff3e198b0ed9c654836578f459b0615,expert_wires+checkpoint,1,1,1
model.language_model.layers.45.mlp.experts.279.down_proj,routed,TESSERA_BF16_K1_R1024,r1024,1,1,0.00036859686952084303,8.21486398222811e-07,4235983,4235983,84bb8bc0e96369aec0097de37d80256b8b2f2b8415b1688bd5c4b0c40f8ccabd,expert_wires+checkpoint,1,1,1
model.language_model.layers.45.mlp.experts.279.down_proj,routed,TESSERA_E4M3_K1_R1024,r1024,1,0,0.00048739882186055183,2.6540783106075835e-06,4219595,4219595,d1a8c5f0af87f166ed9707a4bf01e7007124a11ce284c5a8be1d458a4442e982,expert_wires+checkpoint,1,1,1
model.language_model.layers.45.mlp.experts.279.gate_proj,routed,TESSERA_BF16_K1_R1024,r1024,1,1,0.0004654622753150761,1.3189178276963119e-07,4231951,4231951,e26f6addb4bbcfcb1b11d308d741faec4d28b12d3250f90b4ea43c323361d31a,expert_wires+checkpoint,1,1,1
model.language_model.layers.45.mlp.experts.279.gate_proj,routed,TESSERA_E4M3_K1_R1024,r1024,1,0,0.0006991216796450317,3.2112402949271283e-07,4215563,4215563,adc87a3ef8a198541aec36b21453f73b3be7ef41c33c09728313f694da919026,expert_wires+checkpoint,1,1,1
model.language_model.layers.45.mlp.experts.279.up_proj,routed,TESSERA_BF16_K1_R1024,r1024,1,1,0.0005750905256718397,1.8550849509605032e-07,4231951,4231951,b16199f5089b43a0ad48b3bad9a3edb0656e8363620316a986a6e9c8077072be,expert_wires+checkpoint,1,1,1
model.language_model.layers.45.mlp.experts.279.up_proj,routed,TESSERA_E4M3_K1_R1024,r1024,1,0,0.0008628261857666075,3.1636392326305386e-07,4215563,4215563,deee6239103ceab552a042cf9943e24d649ae88153f00cf50174e0fd3be4f5f3,expert_wires+checkpoint,1,1,1
model.language_model.layers.45.mlp.experts.28.down_proj,routed,TESSERA_BF16_K1_R1024,r1024,1,1,0.000277962360996753,1.3052422932335234e-06,4235983,4235983,61a0f4d22ff57ed96bc483c92f4a8774e3ee44d537707fe6d932fea3bd1a97a7,expert_wires+checkpoint,1,1,1
model.language_model.layers.45.mlp.experts.28.down_proj,routed,TESSERA_E4M3_K1_R1024,r1024,1,0,0.00033135400735773146,1.9207449642740433e-06,4219595,4219595,408f63f77fd4945b1567df6c9b02e6068d00b45ff5507d67662abaef48d526cf,expert_wires+checkpoint,1,1,1
model.language_model.layers.45.mlp.experts.28.gate_proj,routed,TESSERA_BF16_K1_R1024,r1024,1,1,0.0009089827071875334,4.889426141432886e-07,4231951,4231951,9265075ba3020c6e3e8927af3136ba58616df4a384a95e83f5387390942c346e,expert_wires+checkpoint,1,1,1
model.language_model.layers.45.mlp.experts.28.gate_proj,routed,TESSERA_E4M3_K1_R1024,r1024,1,0,0.0012427542824298143,3.670462750809617e-07,4215563,4215563,057dbfbf1aa7fd9a7fa8d9767ab19425d3f96b252dc6685c782165d5aa206369,expert_wires+checkpoint,1,1,1
model.language_model.layers.45.mlp.experts.28.up_proj,routed,TESSERA_BF16_K1_R1024,r1024,1,1,0.0010594063205644488,6.252590488254539e-07,4231951,4231951,cdfd04028f923c95ded0fd3db71935d248d2a7d51fa61944a31f3b2ef8db6159,expert_wires+checkpoint,1,1,1
model.language_model.layers.45.mlp.experts.28.up_proj,routed,TESSERA_E4M3_K1_R1024,r1024,1,0,0.001448232913389802,2.666596142691821e-07,4215563,4215563,c04983a6640dd3c15b224f614c6d78c4f047ceb3bd9b55ed2ae30d11b468afc9,expert_wires+checkpoint,1,1,1
model.language_model.layers.45.mlp.experts.280.down_proj,routed,TESSERA_BF16_K1_R1024,r1024,1,1,0.000187676923815161,4.866807511770312e-07,4235983,4235983,1c7ece85243042e84517215281d992ebd087239594cf40d2c33e80070169716f,expert_wires+checkpoint,1,1,1
model.language_model.layers.45.mlp.experts.280.down_proj,routed,TESSERA_E4M3_K1_R1024,r1024,1,0,0.0002342559164389968,4.3136757499713154e-07,4219595,4219595,b8587d026dfe20eed96a8b5c40c201aede741e9029c3cadc189271ca571e9962,expert_wires+checkpoint,1,1,1
model.language_model.layers.45.mlp.experts.280.gate_proj,routed,TESSERA_BF16_K1_R1024,r1024,1,1,0.0007175601786002517,7.318117036082761e-07,4231951,4231951,bc41112089a38624bf50212be597c542608c8fad25559c664d69bf97dd02c68e,expert_wires+checkpoint,1,1,1
model.language_model.layers.45.mlp.experts.280.gate_proj,routed,TESSERA_E4M3_K1_R1024,r1024,1,0,0.0010761168086901307,7.952690609560289e-07,4215563,4215563,45ee97c4a9254421a33a3e3ad58257cc564429273c2a5fc4d85718c0d974abe5,expert_wires+checkpoint,1,1,1
model.language_model.layers.45.mlp.experts.280.up_proj,routed,TESSERA_BF16_K1_R1024,r1024,1,1,0.0007595022325403988,9.374706800590965e-07,4231951,4231951,fe93d1bf1f71d29824bf325ca1dd212338e2b6930f165e8276a67ad1f7493de0,expert_wires+checkpoint,1,1,1
model.language_model.layers.45.mlp.experts.280.up_proj,routed,TESSERA_E4M3_K1_R1024,r1024,1,0,0.0011274950811639428,1.4429854789295306e-06,4215563,4215563,c734f733f4c81c8e6b355232b487ef9324c9b12594f7c9296d582b4548bfe315,expert_wires+checkpoint,1,1,1
model.language_model.layers.45.mlp.experts.281.down_proj,routed,TESSERA_BF16_K1_R1024,r1024,1,1,0.00023894465994089842,1.157502820193055e-06,4235983,4235983,a85c1460b23cea36f3cc9bea133b00308289c4c904371c9715760a1763dec5af,expert_wires+checkpoint,1,1,1
model.language_model.layers.45.mlp.experts.281.down_proj,routed,TESSERA_E4M3_K1_R1024,r1024,1,0,0.0002860843378584832,1.0500116059505056e-06,4219595,4219595,ef6110b203013dbf276dbf1fc723ea7c7dd8c6408cc85ce57ab54fba71e1a6d1,expert_wires+checkpoint,1,1,1
model.language_model.layers.45.mlp.experts.281.gate_proj,routed,TESSERA_BF16_K1_R1024,r1024,1,1,0.0008915587677620351,7.055113172141864e-07,4231951,4231951,ae7b803347abe66579845583a57dc046492b38b00508ece8240ecc58bee54009,expert_wires+checkpoint,1,1,1
model.language_model.layers.45.mlp.experts.281.gate_proj,routed,TESSERA_E4M3_K1_R1024,r1024,1,0,0.001223696512170136,2.7617366313576145e-07,4215563,4215563,91a5fc16df025f87a3d042de8d4b56ef232314a3bb0d7c5c8de549d9a37884ce,expert_wires+checkpoint,1,1,1
model.language_model.layers.45.mlp.experts.281.up_proj,routed,TESSERA_BF16_K1_R1024,r1024,1,1,0.0009782019769772887,6.145596961213988e-07,4231951,4231951,952cf31b90e7459b488ae571a32da401f37135f8f6176eae727bd422157888ff,expert_wires+checkpoint,1,1,1
model.language_model.layers.45.mlp.experts.281.up_proj,routed,TESSERA_E4M3_K1_R1024,r1024,1,0,0.0013443498173728585,5.378525194040055e-07,4215563,4215563,2fb92302802d3010908ed9f863960f322b3a0bb6dff7b8d80e913e119b99590f,expert_wires+checkpoint,1,1,1
model.language_model.layers.45.mlp.experts.282.down_proj,routed,TESSERA_BF16_K1_R1024,r1024,1,1,6.75851188134402e-05,1.860303339106533e-08,4235983,4235983,40cfef8455b1bdb4c11dbef2855d0334620e78d7630f9f32fbfbf86701a546c2,expert_wires+checkpoint,1,1,1
model.language_model.layers.45.mlp.experts.282.down_proj,routed,TESSERA_E4M3_K1_R1024,r1024,1,0,8.706277003511786e-05,1.4777592305306833e-07,4219595,4219595,c9a8faa54c670609ea44a28b7bf48f1d9f6efec753e1b4d71bff890d12ac8cf3,expert_wires+checkpoint,1,1,1
model.language_model.layers.45.mlp.experts.282.gate_proj,routed,TESSERA_BF16_K1_R1024,r1024,1,1,0.0006461356533691287,5.0941963740361197e-08,4231951,4231951,6a6f7d8a08217129c9af3550df140ea46d6cf4c3748e6f19dd1fd6c649d3bf86,expert_wires+checkpoint,1,1,1
model.language_model.layers.45.mlp.experts.282.gate_proj,routed,TESSERA_E4M3_K1_R1024,r1024,1,0,0.0009336009388789535,4.650722992420837e-08,4215563,4215563,047880c1a69f2ad2a6a08bf5017366e3c81a436e684ee95e3e25bd43f21fa72e,expert_wires+checkpoint,1,1,1
model.language_model.layers.45.mlp.experts.282.up_proj,routed,TESSERA_BF16_K1_R1024,r1024,1,1,0.0007298818090930581,9.212879552525317e-08,4231951,4231951,2172c172e47e92367c6be6d8b8d8b1afec46c10ea26b430f33d4f35efc43d906,expert_wires+checkpoint,1,1,1
model.language_model.layers.45.mlp.experts.282.up_proj,routed,TESSERA_E4M3_K1_R1024,r1024,1,0,0.0010418790625408292,1.0826165077196278e-07,4215563,4215563,20df673b54dadbea8030d8c3df38b8456d2905a75d2e6398ac7dc57e0809a883,expert_wires+checkpoint,1,1,1
model.language_model.layers.45.mlp.experts.283.down_proj,routed,TESSERA_BF16_K1_R1024,r1024,1,1,0.00019449042156338692,1.0670714911492776e-06,4235983,4235983,bfd49092ca4bafa6926f00f2dbe7276be5752605a743a47b5c6212f8c4fe92d6,expert_wires+checkpoint,1,1,1
model.language_model.layers.45.mlp.experts.283.down_proj,routed,TESSERA_E4M3_K1_R1024,r1024,1,0,0.00023516826331615448,7.993131009305227e-07,4219595,4219595,764cac0b9c47e3d670a906264b2cc0409ad944d76c7d5b81247e3434cc4d5513,expert_wires+checkpoint,1,1,1
model.language_model.layers.45.mlp.experts.283.gate_proj,routed,TESSERA_BF16_K1_R1024,r1024,1,1,0.0008358092745766044,1.537603246314967e-07,4231951,4231951,c0af9b3adb5523725b9e9e2cf79937cf86c9a3a3063470cd216934e12c7dcc4f,expert_wires+checkpoint,1,1,1
model.language_model.layers.45.mlp.experts.283.gate_proj,routed,TESSERA_E4M3_K1_R1024,r1024,1,0,0.00119456322863698,2.0545488516724633e-07,4215563,4215563,627364ddbb5ecd5f85e63583b490dbb045dfa6fb21f6870062635dd757f36a52,expert_wires+checkpoint,1,1,1
model.language_model.layers.45.mlp.experts.283.up_proj,routed,TESSERA_BF16_K1_R1024,r1024,1,1,0.0008721192134544253,3.70568331330837e-07,4231951,4231951,37b9214ac49d7fd520b0a2cdcfc36cf92bcc9feea6a6752ecdb9ff2a84f77cdc,expert_wires+checkpoint,1,1,1
model.language_model.layers.45.mlp.experts.283.up_proj,routed,TESSERA_E4M3_K1_R1024,r1024,1,0,0.0012396126985549927,4.921906655583902e-07,4215563,4215563,bf432dcd24a4230d73ac5f96a0a9d825571d415a687653ff80afb58907a5bba0,expert_wires+checkpoint,1,1,1
model.language_model.layers.45.mlp.experts.284.down_proj,routed,TESSERA_BF16_K1_R1024,r1024,1,1,0.0006821214919909835,1.6949570957973765e-07,4235983,4235983,8195e57b9686fb9d9e5ea72066d63fa4128138a6c48f4ec215126a8ec6175807,expert_wires+checkpoint,1,1,1
model.language_model.layers.45.mlp.experts.284.down_proj,routed,TESSERA_E4M3_K1_R1024,r1024,1,0,0.0009434352978132665,1.822852918279233e-07,4219595,4219595,dc5bca526d709d3333aa18c059540e04a392796d6bfe1361936138bdab506246,expert_wires+checkpoint,1,1,1
model.language_model.layers.45.mlp.experts.284.gate_proj,routed,TESSERA_BF16_K1_R1024,r1024,1,1,0.0007165523711591959,8.502123896777145e-08,4231951,4231951,d7a476b114b2ad6e8099152ece86ecfbc31140a5ec5fd986c4f63ec8745a25ba,expert_wires+checkpoint,1,1,1
model.language_model.layers.45.mlp.experts.284.gate_proj,routed,TESSERA_E4M3_K1_R1024,r1024,1,0,0.001097394386306405,3.019346140468078e-07,4215563,4215563,306aac97f48ef7c61955aa75df278c4e6f28aa3614ce411dd2ece70c80b5f730,expert_wires+checkpoint,1,1,1
model.language_model.layers.45.mlp.experts.284.up_proj,routed,TESSERA_BF16_K1_R1024,r1024,1,1,0.0007660334231331944,1.2561239449454863e-07,4231951,4231951,704acd5333262388be3555da4670d4a4f50f5377032d58607a922e4c05fab18b,expert_wires+checkpoint,1,1,1
model.language_model.layers.45.mlp.experts.284.up_proj,routed,TESSERA_E4M3_K1_R1024,r1024,1,0,0.0011703218333423138,4.80867285109454e-07,4215563,4215563,1d2195ce1b7c96ca210f3c87bddab2956cf88e4fed31fdb0ce77d70b0ff35001,expert_wires+checkpoint,1,1,1
model.language_model.layers.45.mlp.experts.285.down_proj,routed,TESSERA_BF16_K1_R1024,r1024,1,1,0.0001521623635198921,2.4873059104048177e-06,4235983,4235983,013e65d076d8a1c302e26787f55872ad9fcdf48763b7fc6438d67840b09e0888,expert_wires+checkpoint,1,1,1
model.language_model.layers.45.mlp.experts.285.down_proj,routed,TESSERA_E4M3_K1_R1024,r1024,1,0,0.00018992378318216652,2.2213558083690114e-06,4219595,4219595,3a6a54116aca157e00903e2633a8db0a371b01e2ecba3f3954a65e8ec51afc3d,expert_wires+checkpoint,1,1,1
model.language_model.layers.45.mlp.experts.285.gate_proj,routed,TESSERA_BF16_K1_R1024,r1024,1,1,0.0008731195703148842,8.94723121449005e-07,4231951,4231951,121385bdbb55eec1aae9fc55e983c5c5bda863d27be3bdf74cd0387098330e7e,expert_wires+checkpoint,1,1,1
model.language_model.layers.45.mlp.experts.285.gate_proj,routed,TESSERA_E4M3_K1_R1024,r1024,1,0,0.0012321567628532648,2.1553166874784207e-06,4215563,4215563,39801dac021e72bb83dcc55fdd1bed5f7ab059441fedd11f294bebbdc5627938,expert_wires+checkpoint,1,1,1
model.language_model.layers.45.mlp.experts.285.up_proj,routed,TESSERA_BF16_K1_R1024,r1024,1,1,0.000981825520284474,5.679614911260898e-07,4231951,4231951,16580bb43d61ca104cc8d1d4f8ed54b2a0a6e77c2850ba55723a37f4423729d9,expert_wires+checkpoint,1,1,1
model.language_model.layers.45.mlp.experts.285.up_proj,routed,TESSERA_E4M3_K1_R1024,r1024,1,0,0.0013770987279713154,3.2331547079871974e-06,4215563,4215563,43caf8f96efdc30cb856ac680cdf52d455dc22d057071cf52930183a91a0714a,expert_wires+checkpoint,1,1,1
model.language_model.layers.45.mlp.experts.286.down_proj,routed,TESSERA_BF16_K1_R1024,r1024,1,1,0.00011270709364907816,2.2157890232374493e-07,4235983,4235983,1ce1fabf97d6eec9b05b4558e928405c63956dfebebec21ca1928396df2cdceb,expert_wires+checkpoint,1,1,1
model.language_model.layers.45.mlp.experts.286.down_proj,routed,TESSERA_E4M3_K1_R1024,r1024,1,0,0.00015191393322311342,3.5216277325805086e-07,4219595,4219595,d164241157aa339b23cbf404cea744ffbad62c0a7e486b6a1f0776df22375473,expert_wires+checkpoint,1,1,1
model.language_model.layers.45.mlp.experts.286.gate_proj,routed,TESSERA_BF16_K1_R1024,r1024,1,1,0.0006296672509051859,3.938999063847889e-07,4231951,4231951,ca190bebdf981410bd5da06220430f65ae440f4473aeb5272c295b941bfc04a2,expert_wires+checkpoint,1,1,1
model.language_model.layers.45.mlp.experts.286.gate_proj,routed,TESSERA_E4M3_K1_R1024,r1024,1,0,0.0009753426420502365,2.1106403406346445e-06,4215563,4215563,ee2f9a1c699fdd2da8f4dcadc2655373398bc1d30a500e2bed8dec138b886394,expert_wires+checkpoint,1,1,1
model.language_model.layers.45.mlp.experts.286.up_proj,routed,TESSERA_BF16_K1_R1024,r1024,1,1,0.0006384544540196657,3.1882334676001387e-07,4231951,4231951,8dc21a1674ded3c83f6b3769afc31d1f1113e81a5f126c56dcb79d9e0e223b05,expert_wires+checkpoint,1,1,1
model.language_model.layers.45.mlp.experts.286.up_proj,routed,TESSERA_E4M3_K1_R1024,r1024,1,0,0.0009718777728267014,2.387036831446055e-06,4215563,4215563,6dbf804a1d3e3a989b20a50ce9a3c2386809a09658054cc9682bf7159db274ed,expert_wires+checkpoint,1,1,1
model.language_model.layers.45.mlp.experts.287.down_proj,routed,TESSERA_BF16_K1_R1024,r1024,1,1,9.595828305464238e-05,5.140604215929497e-07,4235983,4235983,46088e600dfef775671a691ba33fdeb6610bc48d26103257dcf3a9d044bd6dbd,expert_wires+checkpoint,1,1,1
model.language_model.layers.45.mlp.experts.287.down_proj,routed,TESSERA_E4M3_K1_R1024,r1024,1,0,0.00012010967475362122,9.167652564673513e-07,4219595,4219595,524def20a2af9f52246468faa27a6e035fc3a7a0fd34fcec171bfc3e82971817,expert_wires+checkpoint,1,1,1
model.language_model.layers.45.mlp.experts.287.gate_proj,routed,TESSERA_BF16_K1_R1024,r1024,1,1,0.0006709258304908872,2.808533181429152e-07,4231951,4231951,795808b6b61519265e4ad530062a98ef8e3ca638ae7537c108b47c3ae48dfe35,expert_wires+checkpoint,1,1,1
model.language_model.layers.45.mlp.experts.287.gate_proj,routed,TESSERA_E4M3_K1_R1024,r1024,1,0,0.0010058187181130052,2.5467040138473673e-07,4215563,4215563,8cf7ae408974669da8de32b466c3587d775c01d2307a0d08c44d4c8fcce3b598,expert_wires+checkpoint,1,1,1
model.language_model.layers.45.mlp.experts.287.up_proj,routed,TESSERA_BF16_K1_R1024,r1024,1,1,0.0006906361668370664,7.96559751444832e-08,4231951,4231951,85e3415be008a57db1156546bda544bb2772619462291e9c65cc7674f43e8b48,expert_wires+checkpoint,1,1,1
model.language_model.layers.45.mlp.experts.287.up_proj,routed,TESSERA_E4M3_K1_R1024,r1024,1,0,0.0010319098364561796,8.54130940855008e-08,4215563,4215563,1492e33d0abb6ba11f511546b4530afa1e6341d1d02aee815de05d72f88a8add,expert_wires+checkpoint,1,1,1
model.language_model.layers.45.mlp.experts.29.down_proj,routed,TESSERA_BF16_K1_R1024,r1024,1,1,0.0001745809568092227,3.5296305874080888e-06,4235983,4235983,74d96f19aece92290432f3a5f30c91db312e4ecaf4b2228b930533f6f00eb211,expert_wires+checkpoint,1,1,1
model.language_model.layers.45.mlp.experts.29.down_proj,routed,TESSERA_E4M3_K1_R1024,r1024,1,0,0.00020305541693232954,1.4491078717703293e-06,4219595,4219595,a12624a4126802876ab04f686f815ed10553e327fecf240e3a64192accbf07a5,expert_wires+checkpoint,1,1,1
model.language_model.layers.45.mlp.experts.29.gate_proj,routed,TESSERA_BF16_K1_R1024,r1024,1,1,0.0010897230822592974,3.675482266053771e-07,4231951,4231951,af891704aee86488194f3f5746f9ccab1fbf65a65ef6f229c82619ddfbf15657,expert_wires+checkpoint,1,1,1
model.language_model.layers.45.mlp.experts.29.gate_proj,routed,TESSERA_E4M3_K1_R1024,r1024,1,0,0.0015122583135962486,9.979449996193086e-07,4215563,4215563,69360c8d7fa7ebef943d01a9889c4af67b492ff7137d5715cd2c16d103c68aad,expert_wires+checkpoint,1,1,1
model.language_model.layers.45.mlp.experts.29.up_proj,routed,TESSERA_BF16_K1_R1024,r1024,1,1,0.0011918132659047842,2.1040442234565555e-06,4231951,4231951,7db45663e6a00ba575f8e0baec32a88cf4c4e96fa6d2cb348ce9eb14e6968a80,expert_wires+checkpoint,1,1,1
model.language_model.layers.45.mlp.experts.29.up_proj,routed,TESSERA_E4M3_K1_R1024,r1024,1,0,0.0016382834874093533,8.875722590626054e-07,4215563,4215563,39c25f34049e8721d16dda869f24f1c345c39e80bd65e2cc5fe8edbac1d786d5,expert_wires+checkpoint,1,1,1
model.language_model.layers.45.mlp.experts.3.down_proj,routed,TESSERA_BF16_K1_R1024,r1024,1,1,0.0002606205816846341,1.0803075837197975e-06,4235983,4235983,290d54fa0c184429fbd2394c284d4f93aa5a8ae9c4547ce078c8e4b1141f01c6,expert_wires+checkpoint,1,1,1
model.language_model.layers.45.mlp.experts.3.down_proj,routed,TESSERA_E4M3_K1_R1024,r1024,1,0,0.00032418931368738413,6.606980501959558e-07,4219595,4219595,e3d0e577791b158fb73d793f3f712bea07bbf65adb6f76a734b8fb2c057c4848,expert_wires+checkpoint,1,1,1
model.language_model.layers.45.mlp.experts.3.gate_proj,routed,TESSERA_BF16_K1_R1024,r1024,1,1,0.0007574401097372174,3.6633989469349115e-07,4231951,4231951,5bd7538408117b1118ceff79cef8944a54ededddcba09f44afe6a684052c66c0,expert_wires+checkpoint,1,1,1
model.language_model.layers.45.mlp.experts.3.gate_proj,routed,TESSERA_E4M3_K1_R1024,r1024,1,0,0.001074508880265057,7.299591178050407e-07,4215563,4215563,362de9efbe58233e95312ddf4a64ba12bfec9291b98969d4219a8584ae52f8a8,expert_wires+checkpoint,1,1,1
model.language_model.layers.45.mlp.experts.3.up_proj,routed,TESSERA_BF16_K1_R1024,r1024,1,1,0.0008603835012763739,1.4369196311819896e-07,4231951,4231951,726a70d37e8a151f12a040cca95c1fd3daa2db2429d1c4050e91eb62f165b043,expert_wires+checkpoint,1,1,1
model.language_model.layers.45.mlp.experts.3.up_proj,routed,TESSERA_E4M3_K1_R1024,r1024,1,0,0.0012112348340451717,1.448828778842734e-06,4215563,4215563,dea0478c0eaafaf3bde3afe020f70e1780141cfdae3645640c28680d506224fb,expert_wires+checkpoint,1,1,1
model.language_model.layers.45.mlp.experts.30.down_proj,routed,TESSERA_BF16_K1_R1024,r1024,1,1,0.00025385431945323944,6.880719224787581e-07,4235983,4235983,35e6665d5760a183049a2d8992806db96545f0092f8411f718ad13ba225eae4f,expert_wires+checkpoint,1,1,1
model.language_model.layers.45.mlp.experts.30.down_proj,routed,TESSERA_E4M3_K1_R1024,r1024,1,0,0.0003176718018949032,9.511395194825246e-07,4219595,4219595,5e260b6ad2932d4cf44e1ee3f6ed727c2bd201ddda296cf2c484a7bb161bc6b6,expert_wires+checkpoint,1,1,1
model.language_model.layers.45.mlp.experts.30.gate_proj,routed,TESSERA_BF16_K1_R1024,r1024,1,1,0.000972912588622421,3.983827745678969e-07,4231951,4231951,3013c2528b0a143bb51ebb5e023425fddb71164bc2c0173e1195caca7e06aa9f,expert_wires+checkpoint,1,1,1
model.language_model.layers.45.mlp.experts.30.gate_proj,routed,TESSERA_E4M3_K1_R1024,r1024,1,0,0.0013263283763080835,6.340908945334662e-08,4215563,4215563,f76e37ae5c0281820d9ef4a88056a530132a8ba2da6c0796237357cb35e0142f,expert_wires+checkpoint,1,1,1
model.language_model.layers.45.mlp.experts.30.up_proj,routed,TESSERA_BF16_K1_R1024,r1024,1,1,0.0010749750072136521,4.1888378935359463e-07,4231951,4231951,60ba2dda044265d1afe4b3983687697e0fa8bd90e07b6cda841b5d5521764e7c,expert_wires+checkpoint,1,1,1
model.language_model.layers.45.mlp.experts.30.up_proj,routed,TESSERA_E4M3_K1_R1024,r1024,1,0,0.0014626436168327928,7.795726908582126e-07,4215563,4215563,e2596533a811e3a8d6072388b72f9a57cb1d3b478869818e26522b9f590e19ae,expert_wires+checkpoint,1,1,1
model.language_model.layers.45.mlp.experts.31.down_proj,routed,TESSERA_BF16_K1_R1024,r1024,1,1,0.00015733405598439276,1.4833922719066258e-07,4235983,4235983,33f714db80058249177f82a4f365f90269bd6d4db0cad3f6a485a59c5b7ec164,expert_wires+checkpoint,1,1,1
model.language_model.layers.45.mlp.experts.31.down_proj,routed,TESSERA_E4M3_K1_R1024,r1024,1,0,0.00020127354946453124,8.100767987718001e-08,4219595,4219595,c520be7e0ce2dd48c07fd936072e17d32113e3730cc45cc45ec373b2e117c972,expert_wires+checkpoint,1,1,1
model.language_model.layers.45.mlp.experts.31.gate_proj,routed,TESSERA_BF16_K1_R1024,r1024,1,1,0.0005639311275444925,3.359611390382618e-08,4231951,4231951,447cac75919d8263a75c092035140d878b039ba5412c3c8d39fc5dabe345a60e,expert_wires+checkpoint,1,1,1
model.language_model.layers.45.mlp.experts.31.gate_proj,routed,TESSERA_E4M3_K1_R1024,r1024,1,0,0.0008773881709203124,1.2939924522209526e-07,4215563,4215563,c9d9b83ecd35d0907eafadf1c667eaba1575e84212abcbe2135e92abefcb7a0b,expert_wires+checkpoint,1,1,1
model.language_model.layers.45.mlp.experts.31.up_proj,routed,TESSERA_BF16_K1_R1024,r1024,1,1,0.0006713492912240326,4.3295642516525606e-08,4231951,4231951,b8f6c559b962d84f9c324a2b8c895467b81781b002c544efc58c339d7b83cea5,expert_wires+checkpoint,1,1,1
model.language_model.layers.45.mlp.experts.31.up_proj,routed,TESSERA_E4M3_K1_R1024,r1024,1,0,0.0010385634377598763,7.513874556494613e-08,4215563,4215563,3dcb7b3cb342172f51284d173d8870b32dcdabaae21245f4384293a5cea5c578,expert_wires+checkpoint,1,1,1
model.language_model.layers.45.mlp.experts.32.down_proj,routed,TESSERA_BF16_K1_R1024,r1024,1,1,7.903546065790579e-05,7.818754794578112e-08,4235983,4235983,e89a53f84bb1e884afa39fd7d9493974b0160852a398766e2110a4b058757273,expert_wires+checkpoint,1,1,1
model.language_model.layers.45.mlp.experts.32.down_proj,routed,TESSERA_E4M3_K1_R1024,r1024,1,0,9.872816735878587e-05,3.414822293914266e-07,4219595,4219595,8c0c53aebcbc80caf5f662bdd6ad1e6167af3e00c80d76d6d797449c32e9c0c3,expert_wires+checkpoint,1,1,1
model.language_model.layers.45.mlp.experts.32.gate_proj,routed,TESSERA_BF16_K1_R1024,r1024,1,1,0.0007321235025301576,7.776674484383099e-08,4231951,4231951,d420bd6f67ce900770fa45f863d4f3a4c9019fda712c7b4f92ce82ef9095358c,expert_wires+checkpoint,1,1,1
model.language_model.layers.45.mlp.experts.32.gate_proj,routed,TESSERA_E4M3_K1_R1024,r1024,1,0,0.0010160928359255195,3.0763152262043514e-07,4215563,4215563,66bfcd5b81f65eb8879b9c5f24c14529e43db149c149e4ae010c7bb2327f337d,expert_wires+checkpoint,1,1,1
model.language_model.layers.45.mlp.experts.32.up_proj,routed,TESSERA_BF16_K1_R1024,r1024,1,1,0.0008074714569374919,1.1493724091223208e-07,4231951,4231951,1d7f378db6a481e2e04c3f03e889062401c6eeb47f8fdd9cefc9378d86a0d976,expert_wires+checkpoint,1,1,1
model.language_model.layers.45.mlp.experts.32.up_proj,routed,TESSERA_E4M3_K1_R1024,r1024,1,0,0.0011141796130686998,3.198262988382205e-07,4215563,4215563,d23ec827f3518b5f64beb8334eee119e45301024967fc2a9672467b8c7769a9b,expert_wires+checkpoint,1,1,1
model.language_model.layers.45.mlp.experts.33.down_proj,routed,TESSERA_BF16_K1_R1024,r1024,1,1,0.00025592377642169595,6.11382252993295e-07,4235983,4235983,23145381183fa36a6446834cb26f634cb015ee78135bdf6b43f03ea420cbfe13,expert_wires+checkpoint,1,1,1
model.language_model.layers.45.mlp.experts.33.down_proj,routed,TESSERA_E4M3_K1_R1024,r1024,1,0,0.00033658434404060245,1.0897461026220873e-06,4219595,4219595,8701f7bb8b6eb3a6a5fdf951f7ac5e973eaa23b3dd61afb10d0ed010134917f6,expert_wires+checkpoint,1,1,1
model.language_model.layers.45.mlp.experts.33.gate_proj,routed,TESSERA_BF16_K1_R1024,r1024,1,1,0.0006179974880069494,1.215852052879182e-07,4231951,4231951,84d898ea55becc1e6ce8c6b75752c79e5abc0d9b371dff8a1b8dee5ed902da41,expert_wires+checkpoint,1,1,1
model.language_model.layers.45.mlp.experts.33.gate_proj,routed,TESSERA_E4M3_K1_R1024,r1024,1,0,0.0008861184469424188,1.6534730625440554e-06,4215563,4215563,a5f98cc9115487a3da36e8befc95f568e24a7d56e3cb4b6e273b689ce3e1a1fb,expert_wires+checkpoint,1,1,1
model.language_model.layers.45.mlp.experts.33.up_proj,routed,TESSERA_BF16_K1_R1024,r1024,1,1,0.0008332862053066492,4.162453812039432e-07,4231951,4231951,e556e34dfdeaec8e3fb326599ab8070417c5537289f90a5d04cb9aa44a124b82,expert_wires+checkpoint,1,1,1
model.language_model.layers.45.mlp.experts.33.up_proj,routed,TESSERA_E4M3_K1_R1024,r1024,1,0,0.0011853300966322422,2.9034367817814304e-07,4215563,4215563,b92511c3913c544fde17fd33a3a029885d54b4a6c7783ca7634658e9bbc1c00f,expert_wires+checkpoint,1,1,1
model.language_model.layers.45.mlp.experts.34.down_proj,routed,TESSERA_BF16_K1_R1024,r1024,1,1,0.0003261506790295243,5.378914466305339e-07,4235983,4235983,5226716202eb30963826f01f9ef1e6d022ca4336d99c11deef9cc8c3847b7cd5,expert_wires+checkpoint,1,1,1
model.language_model.layers.45.mlp.experts.34.down_proj,routed,TESSERA_E4M3_K1_R1024,r1024,1,0,0.00040856562554836273,1.4993920834290609e-07,4219595,4219595,06329b907a8d3740ef15908c13b5200b4afb1788e137acd41e1df76136dcabfe,expert_wires+checkpoint,1,1,1
model.language_model.layers.45.mlp.experts.34.gate_proj,routed,TESSERA_BF16_K1_R1024,r1024,1,1,0.0006466140039265156,1.4982763423443279e-07,4231951,4231951,1ed273d67b5dbf7575dec53f6019e1ec9c2f71e561350b323762591b9c98ddba,expert_wires+checkpoint,1,1,1
model.language_model.layers.45.mlp.experts.34.gate_proj,routed,TESSERA_E4M3_K1_R1024,r1024,1,0,0.0009461847366765141,4.661358732465735e-07,4215563,4215563,20d1cbc1e1d529c779f8c8022b6353b5b74b883d86c4e373d6ee7d9916d1493b,expert_wires+checkpoint,1,1,1
model.language_model.layers.45.mlp.experts.34.up_proj,routed,TESSERA_BF16_K1_R1024,r1024,1,1,0.0007817033329047263,1.5136580339292173e-07,4231951,4231951,400e7bd14856191b6c475c4f43269e86cedd11d638cd74ad3c1ab3a80bcc099c,expert_wires+checkpoint,1,1,1
model.language_model.layers.45.mlp.experts.34.up_proj,routed,TESSERA_E4M3_K1_R1024,r1024,1,0,0.001137994579039514,2.6097588710319414e-07,4215563,4215563,8e67910eb054884a1cec316c3c050816ad4c7c520f25dbec9648a187d16ab0ff,expert_wires+checkpoint,1,1,1
model.language_model.layers.45.mlp.experts.35.down_proj,routed,TESSERA_BF16_K1_R1024,r1024,1,1,0.00017432606546208262,2.489202756057332e-06,4235983,4235983,585f43bc83e3cfd73756429d30b264efbc80d43d5e704908ad3187d1ec87df3c,expert_wires+checkpoint,1,1,1
model.language_model.layers.45.mlp.experts.35.down_proj,routed,TESSERA_E4M3_K1_R1024,r1024,1,0,0.0002071500348392874,2.5007129427463747e-06,4219595,4219595,53a5e7b0d27b223899df197b565dbfa0e374b808a10827b2a31190391c1ea053,expert_wires+checkpoint,1,1,1
model.language_model.layers.45.mlp.experts.35.gate_proj,routed,TESSERA_BF16_K1_R1024,r1024,1,1,0.0010215312940999866,1.1953357158066586e-07,4231951,4231951,00f993f48931adaa0ab40b6ec049b20ab6cb173db1c46a6bbf4c6fb1d5ded836,expert_wires+checkpoint,1,1,1
model.language_model.layers.45.mlp.experts.35.gate_proj,routed,TESSERA_E4M3_K1_R1024,r1024,1,0,0.001384607283398509,6.304697730627752e-07,4215563,4215563,b70cdd6952658166485bcfb4918628ff6c1ad6e6162c4448f8f5180368d81874,expert_wires+checkpoint,1,1,1
model.language_model.layers.45.mlp.experts.35.up_proj,routed,TESSERA_BF16_K1_R1024,r1024,1,1,0.0010981459636241198,4.875439670983404e-07,4231951,4231951,4c4cbfc16d3cb3dee3748c3a21319c2f5a1c8839df5e9bec284fba7f5a3b574e,expert_wires+checkpoint,1,1,1
model.language_model.layers.45.mlp.experts.35.up_proj,routed,TESSERA_E4M3_K1_R1024,r1024,1,0,0.0014801057986915112,1.1838997435853722e-06,4215563,4215563,dae5bdc9d757f50212239700f0836078cc947ed4f6e7aa58574728e056e4d89e,expert_wires+checkpoint,1,1,1
model.language_model.layers.45.mlp.experts.36.down_proj,routed,TESSERA_BF16_K1_R1024,r1024,1,1,0.0006077326834201813,1.1996167777309423e-06,4235983,4235983,1e023341a45b0918b7da2a0d4c57f96a85fbface6368b85b1f398c593845ecd9,expert_wires+checkpoint,1,1,1
model.language_model.layers.45.mlp.experts.36.down_proj,routed,TESSERA_E4M3_K1_R1024,r1024,1,0,0.0007453287253156304,3.5039722634948406e-06,4219595,4219595,ffa2c996840948782d91223127913c2c6d89375bf064ab0c72ddce99711f6e4b,expert_wires+checkpoint,1,1,1
model.language_model.layers.45.mlp.experts.36.gate_proj,routed,TESSERA_BF16_K1_R1024,r1024,1,1,0.0009236178593710065,2.5270634133618754e-07,4231951,4231951,1060efb5ecde8e9783e0bd24da67db2f6d12d9860fac7b06367f277a3aa3d1d9,expert_wires+checkpoint,1,1,1
model.language_model.layers.45.mlp.experts.36.gate_proj,routed,TESSERA_E4M3_K1_R1024,r1024,1,0,0.0012672288576141,8.677684557834223e-07,4215563,4215563,497b7c57774d16306ec493744c3abb2e0c9cf9cedc396546a1b7dea76361652d,expert_wires+checkpoint,1,1,1
model.language_model.layers.45.mlp.experts.36.up_proj,routed,TESSERA_BF16_K1_R1024,r1024,1,1,0.0010009746765717864,5.023452093436315e-07,4231951,4231951,fef28bfbde79608673bb336d6e978892975c65b52eb9cdb21ac66e4dc6fc50fb,expert_wires+checkpoint,1,1,1
model.language_model.layers.45.mlp.experts.36.up_proj,routed,TESSERA_E4M3_K1_R1024,r1024,1,0,0.0013656828086823225,1.4597048695282026e-07,4215563,4215563,b1f6539da5b4f682d66f6287602bc8908f82e64f641548f9ec649b66592a42cd,expert_wires+checkpoint,1,1,1
model.language_model.layers.45.mlp.experts.37.down_proj,routed,TESSERA_BF16_K1_R1024,r1024,1,1,0.00013824677444063127,4.204709335199164e-07,4235983,4235983,a169e3cc39e88b4a25f38567db823c0f47d4794010c574a4a90f53f79f3c2011,expert_wires+checkpoint,1,1,1
model.language_model.layers.45.mlp.experts.37.down_proj,routed,TESSERA_E4M3_K1_R1024,r1024,1,0,0.00016611137834843248,1.2843985072667846e-06,4219595,4219595,4461cb90db6c292721b6081d085e3b8dc942536ddf6be805aa9de6aec1683335,expert_wires+checkpoint,1,1,1
model.language_model.layers.45.mlp.experts.37.gate_proj,routed,TESSERA_BF16_K1_R1024,r1024,1,1,0.0007899899501353502,6.443998785631633e-07,4231951,4231951,62362e0b82057ad2cb8d67f56b9fbb33a907158ec333e6d2b92660d9158bbc70,expert_wires+checkpoint,1,1,1
model.language_model.layers.45.mlp.experts.37.gate_proj,routed,TESSERA_E4M3_K1_R1024,r1024,1,0,0.0011216700077056885,4.756031065255558e-07,4215563,4215563,b439a67eb5ff3e3aae3d1ba02411452216de73e6c34ed190965b24b235974824,expert_wires+checkpoint,1,1,1
model.language_model.layers.45.mlp.experts.37.up_proj,routed,TESSERA_BF16_K1_R1024,r1024,1,1,0.0008639681618660688,1.0318331019342114e-06,4231951,4231951,c77311c25d7c47558c76e1e580809bfaf4c1250db12b24d3d013c2a206cc7cde,expert_wires+checkpoint,1,1,1
model.language_model.layers.45.mlp.experts.37.up_proj,routed,TESSERA_E4M3_K1_R1024,r1024,1,0,0.0012244712561368942,1.2172528780022977e-06,4215563,4215563,0ae6c32bdc11e1f513341f2e046e98e1e9ffffe7e1ff2fa70c6baee4bd35f89e,expert_wires+checkpoint,1,1,1
model.language_model.layers.45.mlp.experts.38.down_proj,routed,TESSERA_BF16_K1_R1024,r1024,1,1,0.00023011431039776653,1.157739141955044e-06,4235983,4235983,a020f51d6ea6a7e7bb57b480e6d5066304b47aff5e9ad144cb2d126cd81a51d1,expert_wires+checkpoint,1,1,1
model.language_model.layers.45.mlp.experts.38.down_proj,routed,TESSERA_E4M3_K1_R1024,r1024,1,0,0.0002746698446571827,2.6209656016015035e-06,4219595,4219595,a3082524897bedae19ad27f738d50edac2d94dd27727f9d66fb897cbdcf29663,expert_wires+checkpoint,1,1,1
model.language_model.layers.45.mlp.experts.38.gate_proj,routed,TESSERA_BF16_K1_R1024,r1024,1,1,0.000997368129901588,2.914672320203104e-07,4231951,4231951,241224f46ea653857b88055696c4f875ee22420469e4187435027cdb7e4480b6,expert_wires+checkpoint,1,1,1
model.language_model.layers.45.mlp.experts.38.gate_proj,routed,TESSERA_E4M3_K1_R1024,r1024,1,0,0.0013750827638432384,2.734583589173471e-07,4215563,4215563,67bfef2b31b5cae1a41adc52baf30777476da206892ab71e0e53547b715b00ee,expert_wires+checkpoint,1,1,1
model.language_model.layers.45.mlp.experts.38.up_proj,routed,TESSERA_BF16_K1_R1024,r1024,1,1,0.0010372973047196865,1.2222484769792616e-06,4231951,4231951,38e7c0dac338dc82d0a96be81e45aa8752a3759a41fae8d1d218d50cc184a134,expert_wires+checkpoint,1,1,1
model.language_model.layers.45.mlp.experts.38.up_proj,routed,TESSERA_E4M3_K1_R1024,r1024,1,0,0.0014256909489631653,6.412090989402072e-07,4215563,4215563,d59f353d8ee8461182d2040da3f7a77ae917ec935bb4197c0daeaba0a3c8ae38,expert_wires+checkpoint,1,1,1
model.language_model.layers.45.mlp.experts.39.down_proj,routed,TESSERA_BF16_K1_R1024,r1024,1,1,0.0002518399269320071,1.609457777934552e-07,4235983,4235983,a505e3f6b1c72eff9357713dceaa25c19311ebb7dcb77a3308fceb54f756615c,expert_wires+checkpoint,1,1,1
model.language_model.layers.45.mlp.experts.39.down_proj,routed,TESSERA_E4M3_K1_R1024,r1024,1,0,0.00033920115674845874,1.8747459443957582e-08,4219595,4219595,f4316dd698f119bf681e55983797f3fd908ca15dd0c543fe4d1d922b951bd50f,expert_wires+checkpoint,1,1,1
model.language_model.layers.45.mlp.experts.39.gate_proj,routed,TESSERA_BF16_K1_R1024,r1024,1,1,0.0003801733546424657,3.79590450349757e-08,4231951,4231951,81a35906995ed30c7c9c675f265313d2cb71c9f53e9503f3c549ef9c4f7f8d87,expert_wires+checkpoint,1,1,1
model.language_model.layers.45.mlp.experts.39.gate_proj,routed,TESSERA_E4M3_K1_R1024,r1024,1,0,0.0006409264169633389,2.0596786450775246e-07,4215563,4215563,f9c911f3b57c82a777586894443820b212c500610268b395231b79cf4acfe373,expert_wires+checkpoint,1,1,1
model.language_model.layers.45.mlp.experts.39.up_proj,routed,TESSERA_BF16_K1_R1024,r1024,1,1,0.0004360528546385467,5.994206019994748e-08,4231951,4231951,db10a67679415062a6efee8bc0ba0daf7fa3ebcced52fbf8da545ffc7e1e6413,expert_wires+checkpoint,1,1,1
model.language_model.layers.45.mlp.experts.39.up_proj,routed,TESSERA_E4M3_K1_R1024,r1024,1,0,0.0007306021871045232,4.4222347281916704e-08,4215563,4215563,1b3812a8bc6bfa565c61c32f45b5d3927538c819803d6215e12240eb8a32222c,expert_wires+checkpoint,1,1,1
model.language_model.layers.45.mlp.experts.4.down_proj,routed,TESSERA_BF16_K1_R1024,r1024,1,1,0.00030875575612299144,5.130546569238197e-07,4235983,4235983,0d88e5aa5023b1f600443f27c36a9a2195a70a53e951807f012ed9da9381c63c,expert_wires+checkpoint,1,1,1
model.language_model.layers.45.mlp.experts.4.down_proj,routed,TESSERA_E4M3_K1_R1024,r1024,1,0,0.0004307851486373693,1.0020421776403117e-06,4219595,4219595,df927b40f90ce10992e848bd776ec6e1d80082d431b7945fdbfd45637bd87aee,expert_wires+checkpoint,1,1,1
model.language_model.layers.45.mlp.experts.4.gate_proj,routed,TESSERA_BF16_K1_R1024,r1024,1,1,0.00046839038259349763,5.456086452137704e-08,4231951,4231951,9936e1a7f0e15113ab18f91eb8cffadc844e6efe1ce768ef0a32c9c65474d6d7,expert_wires+checkpoint,1,1,1
model.language_model.layers.45.mlp.experts.4.gate_proj,routed,TESSERA_E4M3_K1_R1024,r1024,1,0,0.0007875735755078495,1.529066608971156e-08,4215563,4215563,d15f15f50ca819af865c2e4177f01ba8e6755b3eaa9995ac42dc078e2ac2a2cd,expert_wires+checkpoint,1,1,1
model.language_model.layers.45.mlp.experts.4.up_proj,routed,TESSERA_BF16_K1_R1024,r1024,1,1,0.0005215167184360325,2.148444508073102e-07,4231951,4231951,8939e0b416539bf45e758565258e47927c12a390722c7dadf3d9a99d5ad41876,expert_wires+checkpoint,1,1,1
model.language_model.layers.45.mlp.experts.4.up_proj,routed,TESSERA_E4M3_K1_R1024,r1024,1,0,0.0008713104180060327,4.6279860689193603e-07,4215563,4215563,a8b9a8bd6f9c9ecb0c6148c230d1a978fe0ba365db636015ec36bbbd2971aa24,expert_wires+checkpoint,1,1,1
model.language_model.layers.45.mlp.experts.40.down_proj,routed,TESSERA_BF16_K1_R1024,r1024,1,1,0.00010349763761041686,5.3519998501834845e-08,4235983,4235983,f1b788e4dd4e4e5201f8b83420542230383372cc90039287b911afdbe547e0dc,expert_wires+checkpoint,1,1,1
model.language_model.layers.45.mlp.experts.40.down_proj,routed,TESSERA_E4M3_K1_R1024,r1024,1,0,0.00012972933473065495,4.922747676279411e-07,4219595,4219595,f1c9bc7e3791e48167948a058c05ce2537234124cd9d68e44197c0010d6f6f57,expert_wires+checkpoint,1,1,1
model.language_model.layers.45.mlp.experts.40.gate_proj,routed,TESSERA_BF16_K1_R1024,r1024,1,1,0.0005938449176028371,6.854438543617356e-08,4231951,4231951,663043480ecd33a1e96aabb3319ef405d54afc39f308801015bd08c26360a75c,expert_wires+checkpoint,1,1,1
model.language_model.layers.45.mlp.experts.40.gate_proj,routed,TESSERA_E4M3_K1_R1024,r1024,1,0,0.0008718526223674417,1.1541905604315033e-07,4215563,4215563,de7d7f38b42554ec7fef2167a5654f64378e7423c3126944b4ed999dc619ef2a,expert_wires+checkpoint,1,1,1
model.language_model.layers.45.mlp.experts.40.up_proj,routed,TESSERA_BF16_K1_R1024,r1024,1,1,0.0007017013267613947,1.206184852340337e-07,4231951,4231951,2acf1242ff1b2f4d50baeced65c8d2238bef0cc6db6f80837400a3d6ab9261b9,expert_wires+checkpoint,1,1,1
model.language_model.layers.45.mlp.experts.40.up_proj,routed,TESSERA_E4M3_K1_R1024,r1024,1,0,0.0010224668076261878,4.7336951805041405e-08,4215563,4215563,58aab96908dc87b743bd98e01c573aecac52177fada969f1cecacc16ee40adca,expert_wires+checkpoint,1,1,1
model.language_model.layers.45.mlp.experts.41.down_proj,routed,TESSERA_BF16_K1_R1024,r1024,1,1,0.00011236958380322903,3.721403016619848e-07,4235983,4235983,a25a9104736a9e8c58f03c28b15d15a3f4f3c0e3ee06e9a4339b73ad0eca3462,expert_wires+checkpoint,1,1,1
model.language_model.layers.45.mlp.experts.41.down_proj,routed,TESSERA_E4M3_K1_R1024,r1024,1,0,0.00013536079495679587,1.7217104427426795e-06,4219595,4219595,88da83232a56e82c19ccf003caddc17d6dd00213fd7fe2b7daddd8baf2e287cc,expert_wires+checkpoint,1,1,1
model.language_model.layers.45.mlp.experts.41.gate_proj,routed,TESSERA_BF16_K1_R1024,r1024,1,1,0.0009000024292618036,1.0049749629845328e-06,4231951,4231951,3898c29e91835dd5ec9c8de493dfc8c374ec48b6a6602ba01da24bce735d9a92,expert_wires+checkpoint,1,1,1
model.language_model.layers.45.mlp.experts.41.gate_proj,routed,TESSERA_E4M3_K1_R1024,r1024,1,0,0.001210508169606328,1.6463261867101464e-06,4215563,4215563,ad94ac6e1a5d5fe61fe720f5a38d2c8344707372a56199f90770e25e6e183a60,expert_wires+checkpoint,1,1,1
model.language_model.layers.45.mlp.experts.41.up_proj,routed,TESSERA_BF16_K1_R1024,r1024,1,1,0.0009968976955860853,8.976253151316655e-07,4231951,4231951,77c37fa36cc14cf8bf527f1b979486d68f4782f7c3f6e257138fbb66ca7c2519,expert_wires+checkpoint,1,1,1
model.language_model.layers.45.mlp.experts.41.up_proj,routed,TESSERA_E4M3_K1_R1024,r1024,1,0,0.0013371764216572046,4.3741301529190945e-07,4215563,4215563,000ba3a0a8bab8d062c20809446dbcc76e91eedc177b63911cd7f680907a69ba,expert_wires+checkpoint,1,1,1
model.language_model.layers.45.mlp.experts.42.down_proj,routed,TESSERA_BF16_K1_R1024,r1024,1,1,0.00018572503176983446,4.1654822976601064e-07,4235983,4235983,208748f17cb5abf86ba0aef6d0cf2ecf52dc77a3adcbbd376ab6719939f6495a,expert_wires+checkpoint,1,1,1
model.language_model.layers.45.mlp.experts.42.down_proj,routed,TESSERA_E4M3_K1_R1024,r1024,1,0,0.00023891727323643863,2.213262140928484e-06,4219595,4219595,d32f1ff89f38f47032b8498df59579b0223b82e57803e629139f5863c5de6d01,expert_wires+checkpoint,1,1,1
model.language_model.layers.45.mlp.experts.42.gate_proj,routed,TESSERA_BF16_K1_R1024,r1024,1,1,0.0006117422599345446,2.8273552507595034e-07,4231951,4231951,11c16777cfc48966dcf6b35f6a4a10ede258f9feba6cd5aa9ddf05decfd1fb99,expert_wires+checkpoint,1,1,1
model.language_model.layers.45.mlp.experts.42.gate_proj,routed,TESSERA_E4M3_K1_R1024,r1024,1,0,0.0008793805027380586,1.157321860408696e-06,4215563,4215563,72e02aa112a49f660260d7bfa717c16d771ec1b8d3e9d90e614f28910db44e4f,expert_wires+checkpoint,1,1,1
model.language_model.layers.45.mlp.experts.42.up_proj,routed,TESSERA_BF16_K1_R1024,r1024,1,1,0.0006382057908922434,6.969034452289184e-07,4231951,4231951,c109e1e1a08dba46e9610271b7a589914c14d44c6963f90e499956f4416029eb,expert_wires+checkpoint,1,1,1
model.language_model.layers.45.mlp.experts.42.up_proj,routed,TESSERA_E4M3_K1_R1024,r1024,1,0,0.0009097315487451851,1.6769249491308196e-07,4215563,4215563,a87d613a5bdfdee347de8f3d4d930ef16fb1dd28109a928c26d6d19e29a7fe0a,expert_wires+checkpoint,1,1,1
model.language_model.layers.45.mlp.experts.43.down_proj,routed,TESSERA_BF16_K1_R1024,r1024,1,1,0.00026358995819464326,6.881987898170605e-07,4235983,4235983,1294d9f6c528da9b88765addcfadf4879771fd14cb0571b454e9b822af194cfb,expert_wires+checkpoint,1,1,1
model.language_model.layers.45.mlp.experts.43.down_proj,routed,TESSERA_E4M3_K1_R1024,r1024,1,0,0.00033150025410577655,2.3701277155868696e-06,4219595,4219595,4b84ea7951040d779d59f73e08cfae96a41ab22a32ad103c52fadfc41836cc6e,expert_wires+checkpoint,1,1,1
model.language_model.layers.45.mlp.experts.43.gate_proj,routed,TESSERA_BF16_K1_R1024,r1024,1,1,0.0010162527905777097,8.061035290010687e-07,4231951,4231951,adcdde21e8bfac269c615bd03f63b3ebda39f62de0f1f16b0e646b03f0a7b87e,expert_wires+checkpoint,1,1,1
model.language_model.layers.45.mlp.experts.43.gate_proj,routed,TESSERA_E4M3_K1_R1024,r1024,1,0,0.0013571620220318437,2.2259638163083373e-06,4215563,4215563,82462a1125b3f42ddf8da25fe385c1258ed110f9ed086a2ca7d887864e371294,expert_wires+checkpoint,1,1,1
model.language_model.layers.45.mlp.experts.43.up_proj,routed,TESSERA_BF16_K1_R1024,r1024,1,1,0.00107475183904171,1.4243730349074127e-06,4231951,4231951,d5a2b20dd985e965d007be012484f1e69a7edb46cffc795aba20a621c507a908,expert_wires+checkpoint,1,1,1
model.language_model.layers.45.mlp.experts.43.up_proj,routed,TESSERA_E4M3_K1_R1024,r1024,1,0,0.0014287949306890368,6.768400032270771e-07,4215563,4215563,0d77e9ed5f00cdd50e73f1233f08b16725707becfc39db748ea6ab7828565549,expert_wires+checkpoint,1,1,1
model.language_model.layers.45.mlp.experts.44.down_proj,routed,TESSERA_BF16_K1_R1024,r1024,1,1,0.000300284125842154,2.635567482613877e-07,4235983,4235983,25efe6eacbf879c76670fe10833ebbd7eae179f8f7733c0452d5ec5a67ed5927,expert_wires+checkpoint,1,1,1
model.language_model.layers.45.mlp.experts.44.down_proj,routed,TESSERA_E4M3_K1_R1024,r1024,1,0,0.00038469285937026143,6.296103185602865e-07,4219595,4219595,7ea0edd24feb93741c5bf362b0e8b717ec67836a7e4b246d503ab3f07fb3b1d9,expert_wires+checkpoint,1,1,1
model.language_model.layers.45.mlp.experts.44.gate_proj,routed,TESSERA_BF16_K1_R1024,r1024,1,1,0.0006816458189859986,1.8230457708859363e-07,4231951,4231951,0de9bf5a30cce86a6f05900cc39575dd9e3a1e5063e8e58620b2639f2463edcd,expert_wires+checkpoint,1,1,1
model.language_model.layers.45.mlp.experts.44.gate_proj,routed,TESSERA_E4M3_K1_R1024,r1024,1,0,0.0009921202436089516,3.428295377248017e-07,4215563,4215563,abb8bd18e4cbee45e5ea18af41a0d86cf851dfcbad3062fcfc7b91c5891c5080,expert_wires+checkpoint,1,1,1
model.language_model.layers.45.mlp.experts.44.up_proj,routed,TESSERA_BF16_K1_R1024,r1024,1,1,0.0007250187918543816,2.8771716208845535e-07,4231951,4231951,9567120fc376b81156958b62b49e5e7aca83b452b98ccd1aacecf88339fbcaf7,expert_wires+checkpoint,1,1,1
model.language_model.layers.45.mlp.experts.44.up_proj,routed,TESSERA_E4M3_K1_R1024,r1024,1,0,0.001044317614287138,4.4260036998164477e-07,4215563,4215563,80ae631b10e2b1a303e68fd8ae019f59e7e3fdee98b874a74beae704df7bd072,expert_wires+checkpoint,1,1,1
model.language_model.layers.45.mlp.experts.45.down_proj,routed,TESSERA_BF16_K1_R1024,r1024,1,1,9.087849321076646e-05,2.4530477776249384e-07,4235983,4235983,88778c8b1397a881244fe53eb852ee8b3aa391337b4f0bfb3c5117ef90c6a72a,expert_wires+checkpoint,1,1,1
model.language_model.layers.45.mlp.experts.45.down_proj,routed,TESSERA_E4M3_K1_R1024,r1024,1,0,0.0001149337476817891,4.5809919453161345e-08,4219595,4219595,38bddd58963659b34ecc454eeece2057b6fa00097be2bed6e8d7351d1c80dfbb,expert_wires+checkpoint,1,1,1
model.language_model.layers.45.mlp.experts.45.gate_proj,routed,TESSERA_BF16_K1_R1024,r1024,1,1,0.000697819166816771,6.055377840896388e-08,4231951,4231951,23f664634fc6bb89797fc9060ffa76b84d19c649ca4f8bd22b0d261cfe4d2acf,expert_wires+checkpoint,1,1,1
model.language_model.layers.45.mlp.experts.45.gate_proj,routed,TESSERA_E4M3_K1_R1024,r1024,1,0,0.0009981946786865592,9.35875635382373e-09,4215563,4215563,160d839e9d89894448875a361f91fb3b05736b684104a18ac5f132e350b8075f,expert_wires+checkpoint,1,1,1
model.language_model.layers.45.mlp.experts.45.up_proj,routed,TESSERA_BF16_K1_R1024,r1024,1,1,0.0008233280968852341,1.5956881873141262e-08,4231951,4231951,66b6431981587c7241408f0b260618fd998f366c9d6a9096d8c98fd9e9341322,expert_wires+checkpoint,1,1,1
model.language_model.layers.45.mlp.experts.45.up_proj,routed,TESSERA_E4M3_K1_R1024,r1024,1,0,0.0011713849380612373,7.298080976170296e-08,4215563,4215563,e4152524ffa0350639f8999f007f2602fcb1e0c2c434009d6c87d1fa0bb648f3,expert_wires+checkpoint,1,1,1
model.language_model.layers.45.mlp.experts.46.down_proj,routed,TESSERA_BF16_K1_R1024,r1024,1,1,0.00023664440959692,2.2153323844536356e-07,4235983,4235983,b63d444732d6a8412804fff97190e35a06cdee29e79779c4a441167f649b5063,expert_wires+checkpoint,1,1,1
model.language_model.layers.45.mlp.experts.46.down_proj,routed,TESSERA_E4M3_K1_R1024,r1024,1,0,0.0003114973660558462,1.154642939880881e-06,4219595,4219595,96aa71a413c3f862b08e33ff8fadf2328ec5d10048aa664a556671f735f9b1a9,expert_wires+checkpoint,1,1,1
model.language_model.layers.45.mlp.experts.46.gate_proj,routed,TESSERA_BF16_K1_R1024,r1024,1,1,0.0006494335830211639,2.330159753800194e-07,4231951,4231951,3ddf70b36534f9d3a0a664fb74d3d207e72f903600eab24b916e1988cb99f31d,expert_wires+checkpoint,1,1,1
model.language_model.layers.45.mlp.experts.46.gate_proj,routed,TESSERA_E4M3_K1_R1024,r1024,1,0,0.001001859433017671,3.1960958833420085e-07,4215563,4215563,9c313e196b330334e7dd006f54370f0617cfa40d9064ce24d32e364511c6ea45,expert_wires+checkpoint,1,1,1
model.language_model.layers.45.mlp.experts.46.up_proj,routed,TESSERA_BF16_K1_R1024,r1024,1,1,0.0006135920993983746,3.446769311190684e-07,4231951,4231951,5799b45978273cea333a6462f9af76155ecc423901ca65708609468f33418246,expert_wires+checkpoint,1,1,1
model.language_model.layers.45.mlp.experts.46.up_proj,routed,TESSERA_E4M3_K1_R1024,r1024,1,0,0.0009309084271080792,6.939826239958097e-07,4215563,4215563,e89db580a2bdd32158cb0aa892ea544a93ea2d598c7a3493d539fd1a09229dcc,expert_wires+checkpoint,1,1,1
model.language_model.layers.45.mlp.experts.47.down_proj,routed,TESSERA_BF16_K1_R1024,r1024,1,1,0.00020254074479453266,5.112771436550702e-07,4235983,4235983,c39104a3dcb6c4657eb11e11ae12c492e2d8d8f591f552da3b4365de96ed220a,expert_wires+checkpoint,1,1,1
model.language_model.layers.45.mlp.experts.47.down_proj,routed,TESSERA_E4M3_K1_R1024,r1024,1,0,0.0002454372588545084,1.200958302071014e-06,4219595,4219595,df1cb612296c1aa8dad9d41983f8d0c97c456fa03f528470995d4ac837467728,expert_wires+checkpoint,1,1,1
model.language_model.layers.45.mlp.experts.47.gate_proj,routed,TESSERA_BF16_K1_R1024,r1024,1,1,0.0008337596082128584,5.496170706924571e-07,4231951,4231951,0339e06d4673107d413843b05333db2cfcc0ecd9452ca487ce3068b4cf61fa7f,expert_wires+checkpoint,1,1,1
model.language_model.layers.45.mlp.experts.47.gate_proj,routed,TESSERA_E4M3_K1_R1024,r1024,1,0,0.0011937011731788516,1.653246481263805e-07,4215563,4215563,adc1e990788bdc7d2d5ca2a351a87454d97ab42b8d6ea6a5246ca1cd48c28e79,expert_wires+checkpoint,1,1,1
model.language_model.layers.45.mlp.experts.47.up_proj,routed,TESSERA_BF16_K1_R1024,r1024,1,1,0.0008952848147600889,2.5113837329106825e-07,4231951,4231951,074385f059d0f5f0ea7ba67877eb2c850e370eb6336d8ef07d3aa0d47a2b3c57,expert_wires+checkpoint,1,1,1
model.language_model.layers.45.mlp.experts.47.up_proj,routed,TESSERA_E4M3_K1_R1024,r1024,1,0,0.0012808321043848991,1.3964750482155902e-07,4215563,4215563,880dc9973620e0f57f29266bccf0d62924b3340a2236a46db96d357e8b22c171,expert_wires+checkpoint,1,1,1
model.language_model.layers.45.mlp.experts.48.down_proj,routed,TESSERA_BF16_K1_R1024,r1024,1,1,0.000285441055893898,4.977346285153672e-06,4235983,4235983,a62ca09fc4adc6e7e8d1647b0dc92d90246168cdcc5b1499177f31a86ed23157,expert_wires+checkpoint,1,1,1
model.language_model.layers.45.mlp.experts.48.down_proj,routed,TESSERA_E4M3_K1_R1024,r1024,1,0,0.0003596254682634026,4.265501498946333e-06,4219595,4219595,560b29564b10de1e1678068c3d9c48a2ac4be2a51ad5bf52bda2a4dc35f6b995,expert_wires+checkpoint,1,1,1
model.language_model.layers.45.mlp.experts.48.gate_proj,routed,TESSERA_BF16_K1_R1024,r1024,1,1,0.0006930219824425876,6.011497767384716e-07,4231951,4231951,76a177109c767f1604acc1c5f9f2332f465f9130aa64f8f9c69ecdfa95b95c63,expert_wires+checkpoint,1,1,1
model.language_model.layers.45.mlp.experts.48.gate_proj,routed,TESSERA_E4M3_K1_R1024,r1024,1,0,0.0009949030354619026,1.0194310073005206e-06,4215563,4215563,75225f9b7820e56aff7406b4dd00b43c9c02d4a23e6a63c41b1d82a89b63ebfc,expert_wires+checkpoint,1,1,1
model.language_model.layers.45.mlp.experts.48.up_proj,routed,TESSERA_BF16_K1_R1024,r1024,1,1,0.000779171590693295,2.7272095165646454e-07,4231951,4231951,b1381f8509726ffc97ba5c25c2d992bbd120751a37a135526d44053b1bc9afea,expert_wires+checkpoint,1,1,1
model.language_model.layers.45.mlp.experts.48.up_proj,routed,TESSERA_E4M3_K1_R1024,r1024,1,0,0.0011195933911949396,7.607383868545319e-07,4215563,4215563,54721c5d41e67b6b24aefa4d9943223fee52a0dee563ce6773806c50bc39e01a,expert_wires+checkpoint,1,1,1
model.language_model.layers.45.mlp.experts.49.down_proj,routed,TESSERA_BF16_K1_R1024,r1024,1,1,0.00028396889683790505,9.332981319699524e-07,4235983,4235983,073675290579f61bcf80a1b94829280997206594bd77dd452c91a373360dc094,expert_wires+checkpoint,1,1,1
model.language_model.layers.45.mlp.experts.49.down_proj,routed,TESSERA_E4M3_K1_R1024,r1024,1,0,0.0003357193199917674,1.3035156874522598e-06,4219595,4219595,3eef49c70c2c47569166b14fdedefb9a60ca7ff962032fe490fe5b3c1cbc7a37,expert_wires+checkpoint,1,1,1
model.language_model.layers.45.mlp.experts.49.gate_proj,routed,TESSERA_BF16_K1_R1024,r1024,1,1,0.0009910230292007327,9.744768079833188e-07,4231951,4231951,d21aec91ba9373bf0b6335389cd8cd85d43190165fbf8bb7639ae5afa03dc2e9,expert_wires+checkpoint,1,1,1
model.language_model.layers.45.mlp.experts.49.gate_proj,routed,TESSERA_E4M3_K1_R1024,r1024,1,0,0.0013578343205153942,6.270356390240269e-07,4215563,4215563,087a1415b29f94d9aca7a25a6832eb7f586aaf55a56ad58810d13c4d720dbebb,expert_wires+checkpoint,1,1,1
model.language_model.layers.45.mlp.experts.49.up_proj,routed,TESSERA_BF16_K1_R1024,r1024,1,1,0.0010782986646518111,4.3722079297277695e-07,4231951,4231951,856b7a14c6db1f01a3aa91bc30a3d2f9564810177584154fb0f5bcf1cc0bf622,expert_wires+checkpoint,1,1,1
model.language_model.layers.45.mlp.experts.49.up_proj,routed,TESSERA_E4M3_K1_R1024,r1024,1,0,0.0014736788580194116,1.227906128637702e-07,4215563,4215563,2b88bbdb11c854817e23e9ada0d35c822ee0fb49c4734e5393e5ff019a1d3cde,expert_wires+checkpoint,1,1,1
model.language_model.layers.45.mlp.experts.5.down_proj,routed,TESSERA_BF16_K1_R1024,r1024,1,1,0.00023854969185777009,5.016733520970639e-07,4235983,4235983,b6bc6899d458b0e3916257eb3d78f23c65a795ae2e180fa3c87a1352c0d84527,expert_wires+checkpoint,1,1,1
model.language_model.layers.45.mlp.experts.5.down_proj,routed,TESSERA_E4M3_K1_R1024,r1024,1,0,0.0002863900444936007,4.0405993253841856e-07,4219595,4219595,7b8f80fa8b99cd699bfac3daa2ba0fd70f6c4ea8048188ff7f8f07de42dcf8f8,expert_wires+checkpoint,1,1,1
model.language_model.layers.45.mlp.experts.5.gate_proj,routed,TESSERA_BF16_K1_R1024,r1024,1,1,0.0009062757599167526,1.985202049769859e-07,4231951,4231951,b02ad2ce4cde25d1df960dc631f8547d4eb7a2b6f682c6a391c439d3b2c590ea,expert_wires+checkpoint,1,1,1
model.language_model.layers.45.mlp.experts.5.gate_proj,routed,TESSERA_E4M3_K1_R1024,r1024,1,0,0.001249186578206718,2.1955520479863736e-07,4215563,4215563,c141d2377209ee09f3ae2dab12bc825a90a087cf12022ee3538d2e4765f6c2a4,expert_wires+checkpoint,1,1,1
model.language_model.layers.45.mlp.experts.5.up_proj,routed,TESSERA_BF16_K1_R1024,r1024,1,1,0.0010610247263684869,3.332401166509739e-07,4231951,4231951,07812e6863ea87616556d13b5e63daed64d8a7b5f760bde809d2d823b460e381,expert_wires+checkpoint,1,1,1
model.language_model.layers.45.mlp.experts.5.up_proj,routed,TESSERA_E4M3_K1_R1024,r1024,1,0,0.0014570695348083973,5.284483970654081e-07,4215563,4215563,2596f2f0b53bbf9519eb2360fbf7dd5fdcbcc67e637d36a15bbd9889f92e3fc7,expert_wires+checkpoint,1,1,1
model.language_model.layers.45.mlp.experts.50.down_proj,routed,TESSERA_BF16_K1_R1024,r1024,1,1,0.0001565210841363296,1.2707815159249718e-07,4235983,4235983,fe428d89d24ca738da65aad1acbbaaeaa8fe99612ca3f5b0df2d95d1f51efffa,expert_wires+checkpoint,1,1,1
model.language_model.layers.45.mlp.experts.50.down_proj,routed,TESSERA_E4M3_K1_R1024,r1024,1,0,0.0002187101636081934,1.3793521726915114e-07,4219595,4219595,ea98e7e47502eb6526e47b931e70a7795ee966a5c2d50307e0374bb8bbf1cd53,expert_wires+checkpoint,1,1,1
model.language_model.layers.45.mlp.experts.50.gate_proj,routed,TESSERA_BF16_K1_R1024,r1024,1,1,0.0004003395442850888,3.4683860245325375e-08,4231951,4231951,d2b1632cd78812cf0de190d55fca0e829ab5a9ae6775fcc0537f5a50b41a21ef,expert_wires+checkpoint,1,1,1
model.language_model.layers.45.mlp.experts.50.gate_proj,routed,TESSERA_E4M3_K1_R1024,r1024,1,0,0.0007038041367195547,7.366911383115855e-08,4215563,4215563,8264960833c6d909aafc76d4bc8375e3ba45feba73f6584426df1a162bda7092,expert_wires+checkpoint,1,1,1
model.language_model.layers.45.mlp.experts.50.up_proj,routed,TESSERA_BF16_K1_R1024,r1024,1,1,0.00045340321958065033,2.3904583149166523e-08,4231951,4231951,3c4a5fad5dccdba414010d33f71fc0757f2a9a12948aed0be639e4c6c6d8591a,expert_wires+checkpoint,1,1,1
model.language_model.layers.45.mlp.experts.50.up_proj,routed,TESSERA_E4M3_K1_R1024,r1024,1,0,0.0007873811991885304,1.7686681637959026e-08,4215563,4215563,f2b70f4939e92c91dab1dda5fa8ee517516e5a8552cf00d3959b2219a8582bc2,expert_wires+checkpoint,1,1,1
model.language_model.layers.45.mlp.experts.51.down_proj,routed,TESSERA_BF16_K1_R1024,r1024,1,1,0.0002689776010811329,1.8345583055249523e-07,4235983,4235983,34ef5235ed006fdae8d4cc0c16b61757540c40b3eb7340d736fda9e29ae4ae31,expert_wires+checkpoint,1,1,1
model.language_model.layers.45.mlp.experts.51.down_proj,routed,TESSERA_E4M3_K1_R1024,r1024,1,0,0.000325557281030342,8.14218352292244e-07,4219595,4219595,fca0500543d3d6fb42e512e50f469faaa3245168d8e458a72b81af6e9fce52b0,expert_wires+checkpoint,1,1,1
model.language_model.layers.45.mlp.experts.51.gate_proj,routed,TESSERA_BF16_K1_R1024,r1024,1,1,0.0009110713144764304,1.0774538558036562e-06,4231951,4231951,5dc106863a0bd736d9f7f98c89d453ecb065f39bea3273a638820e13a3296304,expert_wires+checkpoint,1,1,1
model.language_model.layers.45.mlp.experts.51.gate_proj,routed,TESSERA_E4M3_K1_R1024,r1024,1,0,0.001256839488632977,2.0291074637478568e-07,4215563,4215563,653dccc542cdaf494d08ae5704e8c3aedf85ad3bc134645a2a5b1490e36e698e,expert_wires+checkpoint,1,1,1
model.language_model.layers.45.mlp.experts.51.up_proj,routed,TESSERA_BF16_K1_R1024,r1024,1,1,0.001021654810756445,2.776809195329483e-07,4231951,4231951,723f927a6f120b117222c02ea9a79c7a868ce9274045430f3f5b6370502c8ad0,expert_wires+checkpoint,1,1,1
model.language_model.layers.45.mlp.experts.51.up_proj,routed,TESSERA_E4M3_K1_R1024,r1024,1,0,0.001405521179549396,4.786302706782161e-07,4215563,4215563,8036d7f8920aeab90a557b283becf9dd20b6047a3a5cc8681b76870c8f0e72a5,expert_wires+checkpoint,1,1,1
model.language_model.layers.45.mlp.experts.52.down_proj,routed,TESSERA_BF16_K1_R1024,r1024,1,1,0.0002716919989325106,1.1443971614521971e-07,4235983,4235983,f71840615c29b6698d78fb898829f7f16713ff7357820fa6a94dd145b7062342,expert_wires+checkpoint,1,1,1
model.language_model.layers.45.mlp.experts.52.down_proj,routed,TESSERA_E4M3_K1_R1024,r1024,1,0,0.00037583475932478905,2.3808616874312595e-08,4219595,4219595,4edda47d1b4feac9841ba6b73267eff5076d445aea708fce403d8ef39361b279,expert_wires+checkpoint,1,1,1
model.language_model.layers.45.mlp.experts.52.gate_proj,routed,TESSERA_BF16_K1_R1024,r1024,1,1,0.0005193694960325956,4.09215552216037e-08,4231951,4231951,cb1c33056228821f62c7144277b1291635f77a27346c2882eb0906b80ce612ae,expert_wires+checkpoint,1,1,1
model.language_model.layers.45.mlp.experts.52.gate_proj,routed,TESSERA_E4M3_K1_R1024,r1024,1,0,0.0009193549049086869,1.5189547574852789e-07,4215563,4215563,ee233c56828f75509a1a19f00b4b41529e7cd14d13b5d3f1d4ee5952b1f76ffa,expert_wires+checkpoint,1,1,1
model.language_model.layers.45.mlp.experts.52.up_proj,routed,TESSERA_BF16_K1_R1024,r1024,1,1,0.0005148946074768901,1.9926597561059018e-08,4231951,4231951,bef27fb95ef8049fcaebc8981add5c0f8cb2b42146b6aed6b2e481538ca06cf1,expert_wires+checkpoint,1,1,1
model.language_model.layers.45.mlp.experts.52.up_proj,routed,TESSERA_E4M3_K1_R1024,r1024,1,0,0.0008976683020591736,1.9697986752904857e-07,4215563,4215563,ea2287e60831eab1de7cb7fd2177211e3b1918fcbafad4f644a96a74333e84af,expert_wires+checkpoint,1,1,1
model.language_model.layers.45.mlp.experts.53.down_proj,routed,TESSERA_BF16_K1_R1024,r1024,1,1,0.00025593762984499335,3.4487844249732345e-07,4235983,4235983,ed97a6282ef2918db8e2040eb828ccacbee4c866254a4722f6746a0663767ae4,expert_wires+checkpoint,1,1,1
model.language_model.layers.45.mlp.experts.53.down_proj,routed,TESSERA_E4M3_K1_R1024,r1024,1,0,0.0003385345044080168,5.791136148209383e-07,4219595,4219595,60c674bc8f0e6c4d93d07f4d466c93cbf1ebacf1623ccc1a9a8d10899636ede7,expert_wires+checkpoint,1,1,1
model.language_model.layers.45.mlp.experts.53.gate_proj,routed,TESSERA_BF16_K1_R1024,r1024,1,1,0.0005546865286305547,3.6451009734032117e-07,4231951,4231951,36eb0da7e572eb2ca56fdc29c442e119ab897f24fc96072eaf681a6698730859,expert_wires+checkpoint,1,1,1
model.language_model.layers.45.mlp.experts.53.gate_proj,routed,TESSERA_E4M3_K1_R1024,r1024,1,0,0.0008476880029775202,5.861601960199863e-07,4215563,4215563,c77797a4c5f87ad6be03baa99dcdfed76cf8d3b29cfb1edbf546b85847a58a8a,expert_wires+checkpoint,1,1,1
model.language_model.layers.45.mlp.experts.53.up_proj,routed,TESSERA_BF16_K1_R1024,r1024,1,1,0.0006081253523007035,3.550498818844684e-07,4231951,4231951,4681738f62f5366457244cdbfaaf10022403cd808c4d309a0b33598992f6459b,expert_wires+checkpoint,1,1,1
model.language_model.layers.45.mlp.experts.53.up_proj,routed,TESSERA_E4M3_K1_R1024,r1024,1,0,0.0009209337877109647,8.62778773554376e-08,4215563,4215563,8069b1f26392cb09ec831fed66f678230adcb0d1eb69fc14b6656cb84e15fe80,expert_wires+checkpoint,1,1,1
model.language_model.layers.45.mlp.experts.54.down_proj,routed,TESSERA_BF16_K1_R1024,r1024,1,1,0.00011565235763555393,2.6710245266657814e-07,4235983,4235983,109082f93926ed1d41c7c4585e9370229ff9164576cf770d1b4aa2d5f7dd5eb9,expert_wires+checkpoint,1,1,1
model.language_model.layers.45.mlp.experts.54.down_proj,routed,TESSERA_E4M3_K1_R1024,r1024,1,0,0.00014426637790165842,7.214729320286842e-07,4219595,4219595,19cb7a03973f8113e69264e817efabd017d1d4d61620988e38010c86a85086b5,expert_wires+checkpoint,1,1,1
model.language_model.layers.45.mlp.experts.54.gate_proj,routed,TESSERA_BF16_K1_R1024,r1024,1,1,0.0008259185706265271,1.735646021501502e-07,4231951,4231951,dfb767d33a29749a98d4282ccfbc43236350fb5f00e504ecc49386b00d490c56,expert_wires+checkpoint,1,1,1
model.language_model.layers.45.mlp.experts.54.gate_proj,routed,TESSERA_E4M3_K1_R1024,r1024,1,0,0.00114327238406986,3.2081412263244016e-07,4215563,4215563,89cb92f7beae76ed03efc2bf89099cb0666337953c8e131d1e7ff4c77a724c5c,expert_wires+checkpoint,1,1,1
model.language_model.layers.45.mlp.experts.54.up_proj,routed,TESSERA_BF16_K1_R1024,r1024,1,1,0.0009490785305388272,1.6137683563343177e-07,4231951,4231951,a189111124e144f6e62d06445971d7816196699ea661a54b695578268abda60c,expert_wires+checkpoint,1,1,1
model.language_model.layers.45.mlp.experts.54.up_proj,routed,TESSERA_E4M3_K1_R1024,r1024,1,0,0.0013117052149027586,1.4382514934792814e-07,4215563,4215563,e21c4a3c028d10312787160a9f7e918ad55b2bfbb01dcb430a41bb60829db580,expert_wires+checkpoint,1,1,1
model.language_model.layers.45.mlp.experts.55.down_proj,routed,TESSERA_BF16_K1_R1024,r1024,1,1,0.00026279460871592164,1.2538294171210106e-05,4235983,4235983,fc70fc3b64d6a21fad17581806e394e7aef435b7f20ab2c41fbab6ad21f42fcc,expert_wires+checkpoint,1,1,1
model.language_model.layers.45.mlp.experts.55.down_proj,routed,TESSERA_E4M3_K1_R1024,r1024,1,0,0.00034492771374061704,6.380856534233162e-06,4219595,4219595,b072487ca46f3193a7ec288c809241cdb73aaaf68ae370d3065eaad10d050abd,expert_wires+checkpoint,1,1,1
model.language_model.layers.45.mlp.experts.55.gate_proj,routed,TESSERA_BF16_K1_R1024,r1024,1,1,0.0005885937134735286,5.040757138776814e-07,4231951,4231951,ffabaf183abd3ca9e4fbf632670d590d5da656651556a5119ce2650fc185a78a,expert_wires+checkpoint,1,1,1
model.language_model.layers.45.mlp.experts.55.gate_proj,routed,TESSERA_E4M3_K1_R1024,r1024,1,0,0.0008602308225817978,1.437484108468335e-06,4215563,4215563,afb0a64c5cf5575b97ddefaa19a140d8eb3d1088fd6f21f1dbbbbe11b453a314,expert_wires+checkpoint,1,1,1
model.language_model.layers.45.mlp.experts.55.up_proj,routed,TESSERA_BF16_K1_R1024,r1024,1,1,0.0006471683736890554,2.797010207491518e-06,4231951,4231951,d83d325a17a7d419353d9b66547db7cf4d4f49e446ddc4334eda37fce8fbc383,expert_wires+checkpoint,1,1,1
model.language_model.layers.45.mlp.experts.55.up_proj,routed,TESSERA_E4M3_K1_R1024,r1024,1,0,0.0009368250612169504,1.4828217333701267e-06,4215563,4215563,54f292a6093cbd57277888a1f0310bb6b0d2ce11911e9d861fca6230a057cc62,expert_wires+checkpoint,1,1,1
model.language_model.layers.45.mlp.experts.56.down_proj,routed,TESSERA_BF16_K1_R1024,r1024,1,1,0.0005037469672970474,4.4029216927569177e-07,4235983,4235983,ee36acb6de8ef3eeac48c14d26f97e6acefd8f3fbed8b26311961cb092a2bc45,expert_wires+checkpoint,1,1,1
model.language_model.layers.45.mlp.experts.56.down_proj,routed,TESSERA_E4M3_K1_R1024,r1024,1,0,0.0006078957812860608,1.8801693644213223e-07,4219595,4219595,7718ed09663bddfc5da72d64c535eb77af503f6681e68869aad52d650bc2c374,expert_wires+checkpoint,1,1,1
model.language_model.layers.45.mlp.experts.56.gate_proj,routed,TESSERA_BF16_K1_R1024,r1024,1,1,0.0004504128301050514,7.500237514273729e-08,4231951,4231951,58d64805c411365799ef50e31c34772c067b0b776bd76d17e8cab9473fa7aa7c,expert_wires+checkpoint,1,1,1
model.language_model.layers.45.mlp.experts.56.gate_proj,routed,TESSERA_E4M3_K1_R1024,r1024,1,0,0.0008066509617492557,3.339103479559935e-07,4215563,4215563,54708dc4b9d98c611a91dd177ecb887b9e3d80186b14b1292444308d33bbd1c3,expert_wires+checkpoint,1,1,1
model.language_model.layers.45.mlp.experts.56.up_proj,routed,TESSERA_BF16_K1_R1024,r1024,1,1,0.0005650022067129612,2.0189301895460233e-07,4231951,4231951,96c4415c09a85c8f7ff24beac2e08ccaa3ae4f7646edfd8a1917d88ed68fc87f,expert_wires+checkpoint,1,1,1
model.language_model.layers.45.mlp.experts.56.up_proj,routed,TESSERA_E4M3_K1_R1024,r1024,1,0,0.0009581393096596003,5.207731915278306e-08,4215563,4215563,7a929dc1dd981293d181ac4971cc5d4ac67dc709926d20604cc085c0f951392e,expert_wires+checkpoint,1,1,1
model.language_model.layers.45.mlp.experts.57.down_proj,routed,TESSERA_BF16_K1_R1024,r1024,1,1,0.00013432357809506357,1.226748874181271e-06,4235983,4235983,5189615c4576ba54e91e69e8f89a2776452169dc5f2878e8aed51ea4ac4ae51d,expert_wires+checkpoint,1,1,1
model.language_model.layers.45.mlp.experts.57.down_proj,routed,TESSERA_E4M3_K1_R1024,r1024,1,0,0.00016376894200220704,1.1053984978113131e-06,4219595,4219595,b3189144484d4665b787f11d12f7be5a1652a5ebf6ba8de3e2072b605ccf8298,expert_wires+checkpoint,1,1,1
model.language_model.layers.45.mlp.experts.57.gate_proj,routed,TESSERA_BF16_K1_R1024,r1024,1,1,0.0009604641236364841,7.337676346733977e-07,4231951,4231951,299e7b5d15769f86a73408351dac7ddb34f891ddc94d04ddc031d8d8ff2967a3,expert_wires+checkpoint,1,1,1
model.language_model.layers.45.mlp.experts.57.gate_proj,routed,TESSERA_E4M3_K1_R1024,r1024,1,0,0.0013454309664666653,7.506938825755104e-07,4215563,4215563,d033a3527cbc0f342e1901cfd6d6185f479260f39a09d4b40bf6367c92bbd156,expert_wires+checkpoint,1,1,1
model.language_model.layers.45.mlp.experts.57.up_proj,routed,TESSERA_BF16_K1_R1024,r1024,1,1,0.00103584467433393,5.420410764506795e-07,4231951,4231951,4c0ef4a0026d752a13b40363d7ce521d1e348ebf331cac361eff4a2c865b0bfc,expert_wires+checkpoint,1,1,1
model.language_model.layers.45.mlp.experts.57.up_proj,routed,TESSERA_E4M3_K1_R1024,r1024,1,0,0.0014439198421314359,1.8325139146478934e-07,4215563,4215563,9e7311615cf6818755dd31208bb2ac1674216d8411d803f78896d0d3c0532973,expert_wires+checkpoint,1,1,1
model.language_model.layers.45.mlp.experts.58.down_proj,routed,TESSERA_BF16_K1_R1024,r1024,1,1,0.00012807211896870285,9.72250391832816e-07,4235983,4235983,2746389148a505878d107c824a184e6e62199382aabfcf2c801c615633caac26,expert_wires+checkpoint,1,1,1
model.language_model.layers.45.mlp.experts.58.down_proj,routed,TESSERA_E4M3_K1_R1024,r1024,1,0,0.0001555017806822434,4.25231085034724e-07,4219595,4219595,c38b680f4b5e5f4af9954199611ec94e98a46ea3b1c2ba89d38c02ab53960fe8,expert_wires+checkpoint,1,1,1
model.language_model.layers.45.mlp.experts.58.gate_proj,routed,TESSERA_BF16_K1_R1024,r1024,1,1,0.0007799213053658605,1.3653072650284509e-07,4231951,4231951,93d0cf613fac04a54802821d32e379ee3d0e8d0f6feb219a3a05a537e57bbb55,expert_wires+checkpoint,1,1,1
model.language_model.layers.45.mlp.experts.58.gate_proj,routed,TESSERA_E4M3_K1_R1024,r1024,1,0,0.0011258793529123068,1.1095874485273469e-07,4215563,4215563,1bf4c8a97bfafcc2c03da82e21d546dbd12064e6f9131cf8d6046d7921bde8a1,expert_wires+checkpoint,1,1,1
model.language_model.layers.45.mlp.experts.58.up_proj,routed,TESSERA_BF16_K1_R1024,r1024,1,1,0.0008811610750854015,1.177912481713649e-07,4231951,4231951,6fbb60ca28cb4e3affae4d80eac4ecbe47f0bde99b7479fb4102199e4ed6f498,expert_wires+checkpoint,1,1,1
model.language_model.layers.45.mlp.experts.58.up_proj,routed,TESSERA_E4M3_K1_R1024,r1024,1,0,0.0012668452691286802,3.061447632290253e-07,4215563,4215563,ef4ed8098c35bd55270b7169dba41bcd0861b68b821f6e4b67415b74b7518ebb,expert_wires+checkpoint,1,1,1
model.language_model.layers.45.mlp.experts.59.down_proj,routed,TESSERA_BF16_K1_R1024,r1024,1,1,0.00034341527498327196,7.517457477672291e-08,4235983,4235983,cc8e82ce78810c6cd35f7c54ba13d287b0cfbec9b857d86c73e055fe88fe4ba0,expert_wires+checkpoint,1,1,1
model.language_model.layers.45.mlp.experts.59.down_proj,routed,TESSERA_E4M3_K1_R1024,r1024,1,0,0.00047596986405551434,1.9076935332138014e-07,4219595,4219595,d672c0695a491ea0a9a87594e4d385311ea90b26adf7aab2ee5044e04fa35cc2,expert_wires+checkpoint,1,1,1
model.language_model.layers.45.mlp.experts.59.gate_proj,routed,TESSERA_BF16_K1_R1024,r1024,1,1,0.0004061510262545198,1.6228888730338327e-08,4231951,4231951,f07c4029a0f290d817683d853c21d65fad0b54d789685a1bb86eea87e91a1f1f,expert_wires+checkpoint,1,1,1
model.language_model.layers.45.mlp.experts.59.gate_proj,routed,TESSERA_E4M3_K1_R1024,r1024,1,0,0.0006649202550761402,6.073023430599886e-08,4215563,4215563,21f02a0ccaae8f1cb23b46c05c3af8a0aca8224d186b0e54b88afef154623524,expert_wires+checkpoint,1,1,1
model.language_model.layers.45.mlp.experts.59.up_proj,routed,TESSERA_BF16_K1_R1024,r1024,1,1,0.0004880898632109165,5.4356278819984925e-08,4231951,4231951,40bcb8c937ddade69d7ae7e5e51ce5c542152539a03d41fd7d66f533ff39e81c,expert_wires+checkpoint,1,1,1
model.language_model.layers.45.mlp.experts.59.up_proj,routed,TESSERA_E4M3_K1_R1024,r1024,1,0,0.0007926736725494266,5.04224502521131e-08,4215563,4215563,af2dd650f8c6a35fed0b302c92b9f61c2dadeaf3d224d2fc69edb167e6e2c38b,expert_wires+checkpoint,1,1,1
model.language_model.layers.45.mlp.experts.6.down_proj,routed,TESSERA_BF16_K1_R1024,r1024,1,1,0.0005149684147909284,1.2928122653898576e-06,4235983,4235983,02689634f62524f2c43afae89d2f088584fb3f7883fd142c516541115f55d979,expert_wires+checkpoint,1,1,1
model.language_model.layers.45.mlp.experts.6.down_proj,routed,TESSERA_E4M3_K1_R1024,r1024,1,0,0.0006837833789177239,2.220027671455414e-06,4219595,4219595,f21dac97c7937ed0a85d2389e745f05b53a5684a59203c181e7e11557e87a6ce,expert_wires+checkpoint,1,1,1
model.language_model.layers.45.mlp.experts.6.gate_proj,routed,TESSERA_BF16_K1_R1024,r1024,1,1,0.0006444427417591214,2.8661398684503866e-07,4231951,4231951,8dffcf33359dfe7a71da183735d4ad4766ddfcb504f950fab527c243d02434da,expert_wires+checkpoint,1,1,1
model.language_model.layers.45.mlp.experts.6.gate_proj,routed,TESSERA_E4M3_K1_R1024,r1024,1,0,0.0009590212139301002,6.126324626879776e-07,4215563,4215563,4087f087114b2d320d714b38e623da93044c19c7696665258cd2394d27a8b6ce,expert_wires+checkpoint,1,1,1
model.language_model.layers.45.mlp.experts.6.up_proj,routed,TESSERA_BF16_K1_R1024,r1024,1,1,0.0007056165486574173,6.408042526813449e-07,4231951,4231951,4d5b19f908efe93e6ef436b6b74e88f119950c76c5ada318ad82005062943c3f,expert_wires+checkpoint,1,1,1
model.language_model.layers.45.mlp.experts.6.up_proj,routed,TESSERA_E4M3_K1_R1024,r1024,1,0,0.0010377643629908562,6.331834785333995e-07,4215563,4215563,83310f461f359234decadd48c502e92e000a841d04188203f8a4bfc07a0d7fe6,expert_wires+checkpoint,1,1,1
model.language_model.layers.45.mlp.experts.60.down_proj,routed,TESSERA_BF16_K1_R1024,r1024,1,1,0.0001977407227968797,4.2096495070360485e-07,4235983,4235983,d1b41e2a7dad151ce0a25775517a0e7c129b4c3512d84a39069529e5042756ff,expert_wires+checkpoint,1,1,1
model.language_model.layers.45.mlp.experts.60.down_proj,routed,TESSERA_E4M3_K1_R1024,r1024,1,0,0.00023839295317884535,1.4628609521010445e-07,4219595,4219595,a8789c6a17609626a3d5b5c55a41c8a5d3ba83dc5a1b3296c7d12a29054ff08e,expert_wires+checkpoint,1,1,1
model.language_model.layers.45.mlp.experts.60.gate_proj,routed,TESSERA_BF16_K1_R1024,r1024,1,1,0.0008214156841859221,4.29783796561489e-07,4231951,4231951,c860d1264db09b3c1251d2f9b9d5733994c237909b2b7ac62a648efcf8d4d6ea,expert_wires+checkpoint,1,1,1
model.language_model.layers.45.mlp.experts.60.gate_proj,routed,TESSERA_E4M3_K1_R1024,r1024,1,0,0.001163053559139371,4.193061898492698e-07,4215563,4215563,f8330c145008fcbffaf4558a2a077789b5a670c240d2008dcbf7eb0a78886de3,expert_wires+checkpoint,1,1,1
model.language_model.layers.45.mlp.experts.60.up_proj,routed,TESSERA_BF16_K1_R1024,r1024,1,1,0.0009000354330055416,3.704497823185558e-07,4231951,4231951,e462585216e96206ca543ea8bb0a05dd99f60e4f9422e8fe3be8c88ae97728c8,expert_wires+checkpoint,1,1,1
model.language_model.layers.45.mlp.experts.60.up_proj,routed,TESSERA_E4M3_K1_R1024,r1024,1,0,0.0012708536814898252,5.209522251200969e-07,4215563,4215563,44581ad77922e5f3cbc5e0a0c56901cdf8a3d72561e8704e91bb9ab2b3757bf4,expert_wires+checkpoint,1,1,1
model.language_model.layers.45.mlp.experts.61.down_proj,routed,TESSERA_BF16_K1_R1024,r1024,1,1,0.00013395200949162245,3.936881166015897e-07,4235983,4235983,261bf17aa8ee5a80c112235c02f42b756cdfac055090dd83f022318dbc6686e0,expert_wires+checkpoint,1,1,1
model.language_model.layers.45.mlp.experts.61.down_proj,routed,TESSERA_E4M3_K1_R1024,r1024,1,0,0.000183993048267439,5.184133329363069e-07,4219595,4219595,7bfc8c9406ab214032ff21fa0e650638d1f7aba1a1fe5269585b6a0c1a6afc49,expert_wires+checkpoint,1,1,1
model.language_model.layers.45.mlp.experts.61.gate_proj,routed,TESSERA_BF16_K1_R1024,r1024,1,1,0.0005411418969742954,4.981901701037902e-07,4231951,4231951,4672f57ded8aee020030cf00993a03ad17c5a50d09c2aba64059ed901d40ecfb,expert_wires+checkpoint,1,1,1
model.language_model.layers.45.mlp.experts.61.gate_proj,routed,TESSERA_E4M3_K1_R1024,r1024,1,0,0.0008645006455481052,2.384290197154604e-07,4215563,4215563,23fca6d0d12119db5a7b2e5cfa767d3930376f92624fb5f1ba083ba01bdf4fa0,expert_wires+checkpoint,1,1,1
model.language_model.layers.45.mlp.experts.61.up_proj,routed,TESSERA_BF16_K1_R1024,r1024,1,1,0.0005415406776592135,3.5939695527701786e-07,4231951,4231951,111354b8150b1c4fe4f0d5325685a4d0b2df9cf531d9a1e6e06061a0c64ce9cf,expert_wires+checkpoint,1,1,1
model.language_model.layers.45.mlp.experts.61.up_proj,routed,TESSERA_E4M3_K1_R1024,r1024,1,0,0.0008592025842517614,1.149782725822332e-07,4215563,4215563,4b6e8f5d4cf8c6b801f7d9edb41ca829c5b976434bab09fd33cf23fbf55d85ae,expert_wires+checkpoint,1,1,1
model.language_model.layers.45.mlp.experts.62.down_proj,routed,TESSERA_BF16_K1_R1024,r1024,1,1,0.0001181089537567459,8.220694540510143e-07,4235983,4235983,834705d1c2b5ea72c2c8c7a9c6330fd7cd8d6fd89cd22c9899716a1e3ed851e4,expert_wires+checkpoint,1,1,1
model.language_model.layers.45.mlp.experts.62.down_proj,routed,TESSERA_E4M3_K1_R1024,r1024,1,0,0.00014236572314985096,1.2968646360601333e-06,4219595,4219595,4a9cdc987da751a48e9d253f5e0646d696a3f946d9fb2aa60c8ad8fee9845272,expert_wires+checkpoint,1,1,1
model.language_model.layers.45.mlp.experts.62.gate_proj,routed,TESSERA_BF16_K1_R1024,r1024,1,1,0.0008769957348704338,4.312562434782948e-07,4231951,4231951,3ebfb5f80b15ac58b96391046f783384c90241c8aede259993a4852f6a80f585,expert_wires+checkpoint,1,1,1
model.language_model.layers.45.mlp.experts.62.gate_proj,routed,TESSERA_E4M3_K1_R1024,r1024,1,0,0.0012159172911196947,6.439902276146432e-07,4215563,4215563,09424f404f67903fba345a2a25502142eeb19d7516b1814c87c9aad84051d23e,expert_wires+checkpoint,1,1,1
model.language_model.layers.45.mlp.experts.62.up_proj,routed,TESSERA_BF16_K1_R1024,r1024,1,1,0.0009739668457768857,2.5579079661788366e-07,4231951,4231951,4f4e599b206cd11d94af14f93023fb9522d23efd477f4d42a7a3e6c12f6a1c0d,expert_wires+checkpoint,1,1,1
model.language_model.layers.45.mlp.experts.62.up_proj,routed,TESSERA_E4M3_K1_R1024,r1024,1,0,0.0013438337482511997,1.0744282305994231e-06,4215563,4215563,dc60e5cb8b23cc73c58864488a1fa20ead0c89f33a70ee01444b150a9f980f91,expert_wires+checkpoint,1,1,1
model.language_model.layers.45.mlp.experts.63.down_proj,routed,TESSERA_BF16_K1_R1024,r1024,1,1,0.0003773628268390894,3.1935973129831653e-07,4235983,4235983,e8496dcddfe9114d294e9a67e72b0fd0e14fe0351d34bf394fadb1fe02f7e6d8,expert_wires+checkpoint,1,1,1
model.language_model.layers.45.mlp.experts.63.down_proj,routed,TESSERA_E4M3_K1_R1024,r1024,1,0,0.00047921581426635385,1.6316091421660048e-06,4219595,4219595,309fb335f7e19b241acb7230cd8d7636945853070c30124ebb4bf8c448a76745,expert_wires+checkpoint,1,1,1
model.language_model.layers.45.mlp.experts.63.gate_proj,routed,TESSERA_BF16_K1_R1024,r1024,1,1,0.0007288986817002296,5.741927067764344e-07,4231951,4231951,2ea4c989516c5be22bbae78f78e0456569d8fc7347e5e71f2696ff4e1a0f2e29,expert_wires+checkpoint,1,1,1
model.language_model.layers.45.mlp.experts.63.gate_proj,routed,TESSERA_E4M3_K1_R1024,r1024,1,0,0.001045161741785705,1.7346884001919537e-06,4215563,4215563,418e7606076a1455fa55efb37d0ebdac7121a5fed3cbee9c7e33722dab23abbe,expert_wires+checkpoint,1,1,1
model.language_model.layers.45.mlp.experts.63.up_proj,routed,TESSERA_BF16_K1_R1024,r1024,1,1,0.0007982688257470727,2.3474329412492707e-07,4231951,4231951,d2f1777ffc0614d35d96a1ab9a8e16113d8f1713619b2321670a51d5165164b6,expert_wires+checkpoint,1,1,1
model.language_model.layers.45.mlp.experts.63.up_proj,routed,TESSERA_E4M3_K1_R1024,r1024,1,0,0.001135695376433432,2.1981006666061456e-07,4215563,4215563,19e2253cdb5e34cf934c0784b345a163069f506d36ff0910973bf35a3ee96eed,expert_wires+checkpoint,1,1,1
model.language_model.layers.45.mlp.experts.64.down_proj,routed,TESSERA_BF16_K1_R1024,r1024,1,1,0.00016510009299963713,5.17978571202592e-07,4235983,4235983,039cba013998eb10efd519d82d0d4c86029e4786db491d1be29c804306489058,expert_wires+checkpoint,1,1,1
model.language_model.layers.45.mlp.experts.64.down_proj,routed,TESSERA_E4M3_K1_R1024,r1024,1,0,0.0001994273334275931,2.8637782722577066e-07,4219595,4219595,6c9e3af0e33b53b09e481c1930e39f7773305b6374e56f6cb2fca1ff15168526,expert_wires+checkpoint,1,1,1
model.language_model.layers.45.mlp.experts.64.gate_proj,routed,TESSERA_BF16_K1_R1024,r1024,1,1,0.0008065937436185777,7.812785183722344e-07,4231951,4231951,4d1d5e381b00dbdfb78723d2555e0cc6f95ec4ac6099f248b8d6130a0143fe38,expert_wires+checkpoint,1,1,1
model.language_model.layers.45.mlp.experts.64.gate_proj,routed,TESSERA_E4M3_K1_R1024,r1024,1,0,0.0011411209125071764,1.2898480173119198e-06,4215563,4215563,03c58833be03d19a483e01e186b20146ab4283933aac68aa1dd0a649fd6b16f9,expert_wires+checkpoint,1,1,1
model.language_model.layers.45.mlp.experts.64.up_proj,routed,TESSERA_BF16_K1_R1024,r1024,1,1,0.0008672194671817124,4.801720291083971e-07,4231951,4231951,21d2eb6e4e7df752c7b784b523681d38303adeb62a7cb550119e719d1669b792,expert_wires+checkpoint,1,1,1
model.language_model.layers.45.mlp.experts.64.up_proj,routed,TESSERA_E4M3_K1_R1024,r1024,1,0,0.001224065781570971,3.254973645796889e-07,4215563,4215563,7c47b6a1d50abced649be7996190be7c6e9f9f808c717b25c023bf13b0280306,expert_wires+checkpoint,1,1,1
model.language_model.layers.45.mlp.experts.65.down_proj,routed,TESSERA_BF16_K1_R1024,r1024,1,1,8.948431059252471e-05,1.4838971890562175e-06,4235983,4235983,0508e6d92ec393f01cf8ad6b7d363c9305764a22f47b9c8c97e0512faee63e3e,expert_wires+checkpoint,1,1,1
model.language_model.layers.45.mlp.experts.65.down_proj,routed,TESSERA_E4M3_K1_R1024,r1024,1,0,0.00011049211752833799,1.1971345575046796e-06,4219595,4219595,8ed329b6df132c0fc78f712f5c7f7e819098f86380cdd8fb4e72a55e99460be1,expert_wires+checkpoint,1,1,1
model.language_model.layers.45.mlp.experts.65.gate_proj,routed,TESSERA_BF16_K1_R1024,r1024,1,1,0.0006750923930667341,4.860657727172254e-07,4231951,4231951,3cc9a3cc1c3db42548cb4e5b5022126e2255d2498d197e91f289cc17a98ba2c4,expert_wires+checkpoint,1,1,1
model.language_model.layers.45.mlp.experts.65.gate_proj,routed,TESSERA_E4M3_K1_R1024,r1024,1,0,0.0009696909110061824,1.2471472238942919e-06,4215563,4215563,f308764833637d33ff2527fdb3130eac19d3cd27309988438e32d8ee2c974797,expert_wires+checkpoint,1,1,1
model.language_model.layers.45.mlp.experts.65.up_proj,routed,TESSERA_BF16_K1_R1024,r1024,1,1,0.000704545178450644,5.9188170135194586e-08,4231951,4231951,3518ff051ca79f3cbcf795fe446e198b7a73b0e491668cbece97dbb99dfa00f9,expert_wires+checkpoint,1,1,1
model.language_model.layers.45.mlp.experts.65.up_proj,routed,TESSERA_E4M3_K1_R1024,r1024,1,0,0.0010139629011973739,2.4390398313791195e-07,4215563,4215563,7681a2d7a034f22584d39b63c996792236c6fdc86c7895c6dea84797d0e2a2c4,expert_wires+checkpoint,1,1,1
model.language_model.layers.45.mlp.experts.66.down_proj,routed,TESSERA_BF16_K1_R1024,r1024,1,1,0.00032611892675049603,9.910055114102656e-07,4235983,4235983,ea3ba33a7c4e95500fe7fe5fbae0cfdb22f1846e035cbe240728dd74dc49882f,expert_wires+checkpoint,1,1,1
model.language_model.layers.45.mlp.experts.66.down_proj,routed,TESSERA_E4M3_K1_R1024,r1024,1,0,0.0003894671972375363,5.890705164976507e-07,4219595,4219595,0f0d903972658348ba49c36b975311c50b078bf4075986ad763e8e7340914c51,expert_wires+checkpoint,1,1,1
model.language_model.layers.45.mlp.experts.66.gate_proj,routed,TESSERA_BF16_K1_R1024,r1024,1,1,0.0009736253414303064,2.3104731890155687e-06,4231951,4231951,76ad9556bc2237b0322a0ac2f90adfc1f3a8b08a75faff86b96c9f7184240702,expert_wires+checkpoint,1,1,1
model.language_model.layers.45.mlp.experts.66.gate_proj,routed,TESSERA_E4M3_K1_R1024,r1024,1,0,0.0013426132500171661,3.412047268736519e-07,4215563,4215563,5d8356479ccd76cc7867109abd3aa00219f6d980f4d03997f6e3933c30a700e8,expert_wires+checkpoint,1,1,1
model.language_model.layers.45.mlp.experts.66.up_proj,routed,TESSERA_BF16_K1_R1024,r1024,1,1,0.0010894734878093004,7.372283616297158e-07,4231951,4231951,ba9cce8866bc59389ec9050e2720b3dcddded04e3279fff19b9ad637b85ca8fd,expert_wires+checkpoint,1,1,1
model.language_model.layers.45.mlp.experts.66.up_proj,routed,TESSERA_E4M3_K1_R1024,r1024,1,0,0.0014954495709389448,2.1376791450354864e-06,4215563,4215563,9c7495342240295cb0a49b85ca2dbcfb799d016e9365db70c15c20c1bd980fce,expert_wires+checkpoint,1,1,1
model.language_model.layers.45.mlp.experts.67.down_proj,routed,TESSERA_BF16_K1_R1024,r1024,1,1,0.0006219460628926754,6.681014287934414e-07,4235983,4235983,5c229cbdfbf15a5debb64051bf402f2b66275f5506687ad65ca8f9a5a70fb4c4,expert_wires+checkpoint,1,1,1
model.language_model.layers.45.mlp.experts.67.down_proj,routed,TESSERA_E4M3_K1_R1024,r1024,1,0,0.000755776884034276,2.4018666711450626e-06,4219595,4219595,db3b48f1e0611b689b1fc0c0621e095a6f4234d8d055f0e1ade09deae73156a4,expert_wires+checkpoint,1,1,1
model.language_model.layers.45.mlp.experts.67.gate_proj,routed,TESSERA_BF16_K1_R1024,r1024,1,1,0.0011075211223214865,4.5252092346890144e-08,4231951,4231951,0d38dbf17281a0d2f2febeefd42593f218ce7b1b73a245274de3182e3dcf6c9c,expert_wires+checkpoint,1,1,1
model.language_model.layers.45.mlp.experts.67.gate_proj,routed,TESSERA_E4M3_K1_R1024,r1024,1,0,0.001492199837230146,5.220834525257872e-07,4215563,4215563,ef52c881b028448680abf1a62b9139c787309a2e86516cb5e049694e3d64c144,expert_wires+checkpoint,1,1,1
model.language_model.layers.45.mlp.experts.67.up_proj,routed,TESSERA_BF16_K1_R1024,r1024,1,1,0.0012143617495894432,6.146446972392138e-07,4231951,4231951,0db6a7f676499128a9f83ff7e3d0528524f1937e5fe6b80ca56aedca99a446c5,expert_wires+checkpoint,1,1,1
model.language_model.layers.45.mlp.experts.67.up_proj,routed,TESSERA_E4M3_K1_R1024,r1024,1,0,0.0016243007266893983,1.2722059341375342e-06,4215563,4215563,e5686fd70b39f5f282c5c7bc36a2e3d7d1d16c69b0fd0637a57914ca5aa95421,expert_wires+checkpoint,1,1,1
model.language_model.layers.45.mlp.experts.68.down_proj,routed,TESSERA_BF16_K1_R1024,r1024,1,1,0.00023451357265003026,1.1108983009200955e-06,4235983,4235983,95cd776be6efd03dcecacdcd40a5ae71b08b1fe66ef621869974ad7f513d6c93,expert_wires+checkpoint,1,1,1
model.language_model.layers.45.mlp.experts.68.down_proj,routed,TESSERA_E4M3_K1_R1024,r1024,1,0,0.0002902256674133241,7.216588432989891e-07,4219595,4219595,b9977b53e1110ca9d10545bc2c98bbef8da4d3494ca6a20648ae2331d0fc75b4,expert_wires+checkpoint,1,1,1
model.language_model.layers.45.mlp.experts.68.gate_proj,routed,TESSERA_BF16_K1_R1024,r1024,1,1,0.00073529890505597,5.490098588279041e-08,4231951,4231951,b8f1ac3719ffb922b7900d428d55580a3e92eb5a9ac7e803323e2f559a16e1b1,expert_wires+checkpoint,1,1,1
model.language_model.layers.45.mlp.experts.68.gate_proj,routed,TESSERA_E4M3_K1_R1024,r1024,1,0,0.0010655036894604564,1.5525475482450046e-06,4215563,4215563,6749a4999636bf0cdd0a48c59ed81995998704618b7e1cf923277a1e46189df9,expert_wires+checkpoint,1,1,1
model.language_model.layers.45.mlp.experts.68.up_proj,routed,TESSERA_BF16_K1_R1024,r1024,1,1,0.0007851831032894552,2.5858729560079636e-07,4231951,4231951,27a55ef75e04f9506b84cd2c44e64fa9e187a7148b78ffa1eb407a1b34ce180e,expert_wires+checkpoint,1,1,1
model.language_model.layers.45.mlp.experts.68.up_proj,routed,TESSERA_E4M3_K1_R1024,r1024,1,0,0.0011288756504654884,1.2901075099258023e-06,4215563,4215563,5369b7115d9285c5fa8099e2ddacdf2dcf596a24b655d232d11777e65737e27f,expert_wires+checkpoint,1,1,1
model.language_model.layers.45.mlp.experts.69.down_proj,routed,TESSERA_BF16_K1_R1024,r1024,1,1,0.0003334635985083878,2.4728599750069745e-07,4235983,4235983,573a3098ce0c53cfe2f5ace41eec0b3c4d482f2cc2d22236a02a83369c4e4c52,expert_wires+checkpoint,1,1,1
model.language_model.layers.45.mlp.experts.69.down_proj,routed,TESSERA_E4M3_K1_R1024,r1024,1,0,0.0004205804143566638,3.76450813093203e-07,4219595,4219595,c61831ac2ee9bcf6c99b3e3f2e8ab082d9c6d048f995bafed02ccbafa37486a4,expert_wires+checkpoint,1,1,1
model.language_model.layers.45.mlp.experts.69.gate_proj,routed,TESSERA_BF16_K1_R1024,r1024,1,1,0.0006645195535384119,2.886549198503538e-07,4231951,4231951,7168180f69aa5dcb9ce4e843c7dcae2c657d51a5e587c55ea20a5bed1235d1a2,expert_wires+checkpoint,1,1,1
model.language_model.layers.45.mlp.experts.69.gate_proj,routed,TESSERA_E4M3_K1_R1024,r1024,1,0,0.000954519840888679,5.504527134451899e-07,4215563,4215563,67c78469085c2eb87ce103b7f297f1b8696a89e332ad462d81e0fb1a14abcf12,expert_wires+checkpoint,1,1,1
model.language_model.layers.45.mlp.experts.69.up_proj,routed,TESSERA_BF16_K1_R1024,r1024,1,1,0.0007752926903776824,8.111980030688066e-08,4231951,4231951,01ae5f5624e889e314aec4df2f8c7c00315074cbeb37c02a046f1f5b2909afa5,expert_wires+checkpoint,1,1,1
model.language_model.layers.45.mlp.experts.69.up_proj,routed,TESSERA_E4M3_K1_R1024,r1024,1,0,0.0011029557790607214,3.917338773041141e-08,4215563,4215563,1755b07641e45bf260ee1f94c1ae14c5a6a2461c0d447c705796f6d8a8c5125c,expert_wires+checkpoint,1,1,1
model.language_model.layers.45.mlp.experts.7.down_proj,routed,TESSERA_BF16_K1_R1024,r1024,1,1,0.00020158238476142287,1.174843017953479e-07,4235983,4235983,6062c10b0bdf5fff018c5e9d662e5eff00b28d98c86971d519b7c45a877c0774,expert_wires+checkpoint,1,1,1
model.language_model.layers.45.mlp.experts.7.down_proj,routed,TESSERA_E4M3_K1_R1024,r1024,1,0,0.00027876454987563193,1.1367019834276214e-07,4219595,4219595,aa5a86cf1f1f1e7a87d19887548efcb5ef9030b7374233e0620b56af38393888,expert_wires+checkpoint,1,1,1
model.language_model.layers.45.mlp.experts.7.gate_proj,routed,TESSERA_BF16_K1_R1024,r1024,1,1,0.0003401776193641126,1.0158997502247102e-08,4231951,4231951,dc3392cb32f59ef8755db40f52ef4ef42e638c8750cb2c568c3fe3ad9251c406,expert_wires+checkpoint,1,1,1
model.language_model.layers.45.mlp.experts.7.gate_proj,routed,TESSERA_E4M3_K1_R1024,r1024,1,0,0.0005775572499260306,4.4282686549828845e-08,4215563,4215563,5a1b4476e7990690093791726fcf923c1874d0b886f7388f4ff94a149a8597e9,expert_wires+checkpoint,1,1,1
model.language_model.layers.45.mlp.experts.7.up_proj,routed,TESSERA_BF16_K1_R1024,r1024,1,1,0.0003820988640654832,2.130049853387337e-08,4231951,4231951,d67c9ecdf447a1378e69af8f88c80c6a11e139c8ad125a1c888c205334eed413,expert_wires+checkpoint,1,1,1
model.language_model.layers.45.mlp.experts.7.up_proj,routed,TESSERA_E4M3_K1_R1024,r1024,1,0,0.0006488085491582751,1.341279106992997e-07,4215563,4215563,8fa4db480093e1840e8867ea1fbb294557742b83254d3fdfc150adcc2d444247,expert_wires+checkpoint,1,1,1
model.language_model.layers.45.mlp.experts.70.down_proj,routed,TESSERA_BF16_K1_R1024,r1024,1,1,0.0005759274354204535,2.1344502605709515e-06,4235983,4235983,8813e135b3bb45323c5d27d6626da24a3bc2d7518f550e4e33f702b237627d89,expert_wires+checkpoint,1,1,1
model.language_model.layers.45.mlp.experts.70.down_proj,routed,TESSERA_E4M3_K1_R1024,r1024,1,0,0.0007825969951227307,2.352243714572855e-06,4219595,4219595,324296afbe6706234d8cc29c2afe246cfd348a2510b31f7fa5fed99cce1f39bc,expert_wires+checkpoint,1,1,1
model.language_model.layers.45.mlp.experts.70.gate_proj,routed,TESSERA_BF16_K1_R1024,r1024,1,1,0.0006139047327451408,7.606347803979178e-07,4231951,4231951,5b975404eb054aae83e080802838141124afeb844afd8b4e9dabb6dcc47683f7,expert_wires+checkpoint,1,1,1
model.language_model.layers.45.mlp.experts.70.gate_proj,routed,TESSERA_E4M3_K1_R1024,r1024,1,0,0.0008830736624076962,1.63280360754794e-06,4215563,4215563,70d1437deacee152b5b19178e0be4c7d53e01efcb626841fdb6ce0b0444d2e5c,expert_wires+checkpoint,1,1,1
model.language_model.layers.45.mlp.experts.70.up_proj,routed,TESSERA_BF16_K1_R1024,r1024,1,1,0.0008438900695182383,2.365456609693045e-07,4231951,4231951,6c63a743ce2a1cef85ab4a664103de52fedcca60c7bd0d1f671915d3e6be1068,expert_wires+checkpoint,1,1,1
model.language_model.layers.45.mlp.experts.70.up_proj,routed,TESSERA_E4M3_K1_R1024,r1024,1,0,0.0012162060011178255,5.33269305840019e-07,4215563,4215563,c61ba586e615922e302ff28c3e2b24b49eaa7806c22c56750812c2105fa13f33,expert_wires+checkpoint,1,1,1
model.language_model.layers.45.mlp.experts.71.down_proj,routed,TESSERA_BF16_K1_R1024,r1024,1,1,0.00017539534019306302,4.3474151829512056e-07,4235983,4235983,b6db4a781cfaf8904c68476b86bf7274bb39bb7414728a2f96d0e1759e434fc7,expert_wires+checkpoint,1,1,1
model.language_model.layers.45.mlp.experts.71.down_proj,routed,TESSERA_E4M3_K1_R1024,r1024,1,0,0.00022593965695705265,1.1226090607172714e-06,4219595,4219595,a4ca8fb374c3e78b36af73b3b403c1a32030de28eb77f873e8d7631b9228e342,expert_wires+checkpoint,1,1,1
model.language_model.layers.45.mlp.experts.71.gate_proj,routed,TESSERA_BF16_K1_R1024,r1024,1,1,0.0006431154906749725,2.5759517204267917e-07,4231951,4231951,be08299fcefad9a0cff1fb0d9e7c5db6cb54a90a58a25d0ca11c72d49df8c2cc,expert_wires+checkpoint,1,1,1
model.language_model.layers.45.mlp.experts.71.gate_proj,routed,TESSERA_E4M3_K1_R1024,r1024,1,0,0.0009672805899754167,1.9316440340677823e-07,4215563,4215563,4df9fb622413d83a02bd2252d5c805257c43a812e46bf472ff651cf527640c79,expert_wires+checkpoint,1,1,1
model.language_model.layers.45.mlp.experts.71.up_proj,routed,TESSERA_BF16_K1_R1024,r1024,1,1,0.0006799717666581273,2.4277323220115753e-07,4231951,4231951,8878dcab9dcdef45d5606688df1864141a5e8cfed6b24d225351a98c46796804,expert_wires+checkpoint,1,1,1
model.language_model.layers.45.mlp.experts.71.up_proj,routed,TESSERA_E4M3_K1_R1024,r1024,1,0,0.0010241403942927718,3.493186875098994e-07,4215563,4215563,5590c99c5858477215788f10a8d421b02e4c96a354c77a78924a7c161a09f739,expert_wires+checkpoint,1,1,1
model.language_model.layers.45.mlp.experts.72.down_proj,routed,TESSERA_BF16_K1_R1024,r1024,1,1,0.00021408044267445803,6.802788569493437e-07,4235983,4235983,602fb25a289b1908b695183115d5c272e542109b24abeccb5bd135bba26418e4,expert_wires+checkpoint,1,1,1
model.language_model.layers.45.mlp.experts.72.down_proj,routed,TESSERA_E4M3_K1_R1024,r1024,1,0,0.00026300735771656036,3.1520226507703847e-07,4219595,4219595,1da7b5f7d0e6724aed4fe23535176c8dfd4a2fcaea794f8d10f01c879c1b0f3b,expert_wires+checkpoint,1,1,1
model.language_model.layers.45.mlp.experts.72.gate_proj,routed,TESSERA_BF16_K1_R1024,r1024,1,1,0.0007998476503416896,2.9867370946646403e-07,4231951,4231951,d5132cda4a9e0fa0bec8a08007217f2a8d3a42ec47004f37ca4e29fd168884a7,expert_wires+checkpoint,1,1,1
model.language_model.layers.45.mlp.experts.72.gate_proj,routed,TESSERA_E4M3_K1_R1024,r1024,1,0,0.0011560259154066443,1.5106369601002696e-07,4215563,4215563,bdc528f26fcf903ecbd8e7a69488115388d347015af8b7ee22ff9bc2eb47d5b4,expert_wires+checkpoint,1,1,1
model.language_model.layers.45.mlp.experts.72.up_proj,routed,TESSERA_BF16_K1_R1024,r1024,1,1,0.0008790133288130164,7.963472175753704e-08,4231951,4231951,ca4da65da755d00706a68e7890c8c716fde8d934044abf1ca81b83a39d6396e2,expert_wires+checkpoint,1,1,1
model.language_model.layers.45.mlp.experts.72.up_proj,routed,TESSERA_E4M3_K1_R1024,r1024,1,0,0.0012634561862796545,7.74914518896319e-08,4215563,4215563,f9472c4871eb69df353c814805777172494eb7dfcbbeee97488806c6352e91c9,expert_wires+checkpoint,1,1,1
model.language_model.layers.45.mlp.experts.73.down_proj,routed,TESSERA_BF16_K1_R1024,r1024,1,1,0.0005179162253625691,2.1826140585379066e-06,4235983,4235983,fd2f1bf6b50f9334d382ced2e75bcd54cc8da89e867e8c5bd68d2ec966855ddc,expert_wires+checkpoint,1,1,1
model.language_model.layers.45.mlp.experts.73.down_proj,routed,TESSERA_E4M3_K1_R1024,r1024,1,0,0.0006380017730407417,4.928005546308606e-06,4219595,4219595,be92a8b78932b2678207eda4fc088ca9ddde9a7d0d7085fb5ce8c943a7d696c8,expert_wires+checkpoint,1,1,1
model.language_model.layers.45.mlp.experts.73.gate_proj,routed,TESSERA_BF16_K1_R1024,r1024,1,1,0.0007985998527146876,1.499296644090399e-06,4231951,4231951,971b537f5786b1454e630456298d0ad2301b9cea164c2a4bd304876d99ee902f,expert_wires+checkpoint,1,1,1
model.language_model.layers.45.mlp.experts.73.gate_proj,routed,TESSERA_E4M3_K1_R1024,r1024,1,0,0.0011525485897436738,1.455106855860411e-06,4215563,4215563,f1904ee7ec1a0aaf9dd4b4ba29c772a5873ba9efaeafb2a8c5079f6c376cb7b5,expert_wires+checkpoint,1,1,1
model.language_model.layers.45.mlp.experts.73.up_proj,routed,TESSERA_BF16_K1_R1024,r1024,1,1,0.000889028247911483,8.199806980050706e-07,4231951,4231951,fe5c92189f9c800a81ab54a2b7ec95c9e0d6ee91a710323a82a3eb8fe8f9da0f,expert_wires+checkpoint,1,1,1
model.language_model.layers.45.mlp.experts.73.up_proj,routed,TESSERA_E4M3_K1_R1024,r1024,1,0,0.001283425372093916,8.00456486837466e-07,4215563,4215563,f523df30134e4f257bbf2f4cea1b67ceae8d1aca5df834e6e107683ebe959349,expert_wires+checkpoint,1,1,1
model.language_model.layers.45.mlp.experts.74.down_proj,routed,TESSERA_BF16_K1_R1024,r1024,1,1,0.0001167835362139158,2.132165857377651e-06,4235983,4235983,aab1efda2f173b1fe995793b17c8d017a2156b2f3b74d86e2c5a45a2e33b6e81,expert_wires+checkpoint,1,1,1
model.language_model.layers.45.mlp.experts.74.down_proj,routed,TESSERA_E4M3_K1_R1024,r1024,1,0,0.00014124753943178803,2.8578255970199e-06,4219595,4219595,d7d0b7f35c2aa7eca0b9ba9364f45f58967361aacfc8179906b60eb753d57b7e,expert_wires+checkpoint,1,1,1
model.language_model.layers.45.mlp.experts.74.gate_proj,routed,TESSERA_BF16_K1_R1024,r1024,1,1,0.0007535488111898303,1.415545955192868e-06,4231951,4231951,2684e0ee50b9081fc2854c1b50712096cf0fc4fd7f9a93244cf632edea94be79,expert_wires+checkpoint,1,1,1
model.language_model.layers.45.mlp.experts.74.gate_proj,routed,TESSERA_E4M3_K1_R1024,r1024,1,0,0.001054354477673769,5.169222605939035e-07,4215563,4215563,d90d87088cdf8a878a22995b3a76712c0b61ff60acacc3cc49f25b1e7a3bbcf2,expert_wires+checkpoint,1,1,1
model.language_model.layers.45.mlp.experts.74.up_proj,routed,TESSERA_BF16_K1_R1024,r1024,1,1,0.0007734146784059703,1.1249723831141907e-06,4231951,4231951,f6dfc8f1f1583f5cc01391128b02e603fcdfb364e6f0c04d4a87957bb5102207,expert_wires+checkpoint,1,1,1
model.language_model.layers.45.mlp.experts.74.up_proj,routed,TESSERA_E4M3_K1_R1024,r1024,1,0,0.0010812671389430761,6.11998755389963e-07,4215563,4215563,a2282abbe59d35aa230244a08c50abc96172d777034d00f3ff326b435bc68c6f,expert_wires+checkpoint,1,1,1
model.language_model.layers.45.mlp.experts.75.down_proj,routed,TESSERA_BF16_K1_R1024,r1024,1,1,0.00022725661983713508,8.451475738638465e-07,4235983,4235983,8161485efccb0151f4fdb4a312ea6277d446767375a39e8d3f178497dba480f4,expert_wires+checkpoint,1,1,1
model.language_model.layers.45.mlp.experts.75.down_proj,routed,TESSERA_E4M3_K1_R1024,r1024,1,0,0.0002772168372757733,1.4638997105280542e-06,4219595,4219595,8d4ed959cc034411bf7552934425bb5d713b8f131b9e562ac44043e879eb2368,expert_wires+checkpoint,1,1,1
model.language_model.layers.45.mlp.experts.75.gate_proj,routed,TESSERA_BF16_K1_R1024,r1024,1,1,0.000799480068963021,6.549699995183598e-07,4231951,4231951,207ccce23bea64eb4b60edfb4c959c42ef8d6c82e5629699a8ca6565293ad0dd,expert_wires+checkpoint,1,1,1
model.language_model.layers.45.mlp.experts.75.gate_proj,routed,TESSERA_E4M3_K1_R1024,r1024,1,0,0.0011171386577188969,1.2205960187916344e-06,4215563,4215563,3c5c3b221e1b07a3a8fbbf2e47e2d30a7cde800a2516bdb2861f30cb9b06e9e8,expert_wires+checkpoint,1,1,1
model.language_model.layers.45.mlp.experts.75.up_proj,routed,TESSERA_BF16_K1_R1024,r1024,1,1,0.0009123603813350201,1.4735519423800308e-06,4231951,4231951,d74703e652a7633ed2b7a235c02fc0efe0f75cf7ba3dc19d048863e802c44871,expert_wires+checkpoint,1,1,1
model.language_model.layers.45.mlp.experts.75.up_proj,routed,TESSERA_E4M3_K1_R1024,r1024,1,0,0.0012651894940063357,8.416355061523906e-07,4215563,4215563,eb2fe8a6042bb7600562ced0c270f7ce1cb9798184ada05c671a119c2d679a92,expert_wires+checkpoint,1,1,1
model.language_model.layers.45.mlp.experts.76.down_proj,routed,TESSERA_BF16_K1_R1024,r1024,1,1,0.0004679331323131919,1.0441891845227776e-06,4235983,4235983,57992d47e038d45c8ed486ac1ab33d1632eb20e54bddc418d0b4926b742ff3e7,expert_wires+checkpoint,1,1,1
model.language_model.layers.45.mlp.experts.76.down_proj,routed,TESSERA_E4M3_K1_R1024,r1024,1,0,0.0005591884255409241,2.6084244617567736e-07,4219595,4219595,353a0fc6d307df63c93cd06471f4b67d1a973a8b3bc7ced106aa274ebf595ff1,expert_wires+checkpoint,1,1,1
model.language_model.layers.45.mlp.experts.76.gate_proj,routed,TESSERA_BF16_K1_R1024,r1024,1,1,0.0009863438317552209,2.654851057101701e-07,4231951,4231951,d850e2a455c74ed906c85b66afe9e85fa81c96d4ec87ccd32ccc70d2c414bf67,expert_wires+checkpoint,1,1,1
model.language_model.layers.45.mlp.experts.76.gate_proj,routed,TESSERA_E4M3_K1_R1024,r1024,1,0,0.0013452079147100449,7.28426964844659e-07,4215563,4215563,f3d1d204be925917d27f347117d939c7980c3941babdf3e19c0044f5b28f2316,expert_wires+checkpoint,1,1,1
model.language_model.layers.45.mlp.experts.76.up_proj,routed,TESSERA_BF16_K1_R1024,r1024,1,1,0.0010759697761386633,4.2028206710291184e-07,4231951,4231951,8de9ad122b0932c89387eb7a939f6d97199f32f89a4fe7ffde968752e484859e,expert_wires+checkpoint,1,1,1
model.language_model.layers.45.mlp.experts.76.up_proj,routed,TESSERA_E4M3_K1_R1024,r1024,1,0,0.0014619930880144238,7.903099973332625e-07,4215563,4215563,93c87e8062a0b306f62d20f9dc88680b42df030397cb935c153bf2fe66edd052,expert_wires+checkpoint,1,1,1
model.language_model.layers.45.mlp.experts.77.down_proj,routed,TESSERA_BF16_K1_R1024,r1024,1,1,0.0006750637548975646,2.5664605588505053e-07,4235983,4235983,d6a2bfe59054ccd5a2ca9e157e3e4520ef3c218419af0c60005d049024de2748,expert_wires+checkpoint,1,1,1
model.language_model.layers.45.mlp.experts.77.down_proj,routed,TESSERA_E4M3_K1_R1024,r1024,1,0,0.0009123025229200721,1.6456724415162654e-06,4219595,4219595,ff1c8d8d2dc40c3349d24320f1ee1ae5f9c370ede926b4f509274ffc45e9b848,expert_wires+checkpoint,1,1,1
model.language_model.layers.45.mlp.experts.77.gate_proj,routed,TESSERA_BF16_K1_R1024,r1024,1,1,0.000730010389816016,5.004141849507734e-07,4231951,4231951,f46a954bd9c88f6bccfa19d134927554df21edddbd1e21d1da56289bda5e0fa0,expert_wires+checkpoint,1,1,1
model.language_model.layers.45.mlp.experts.77.gate_proj,routed,TESSERA_E4M3_K1_R1024,r1024,1,0,0.001085589174181223,7.265812442319693e-07,4215563,4215563,8161f26505e76d6669fb01b177c520c676554c92cafc69d82ad9c7c3539dc433,expert_wires+checkpoint,1,1,1
model.language_model.layers.45.mlp.experts.77.up_proj,routed,TESSERA_BF16_K1_R1024,r1024,1,1,0.0007784003391861916,5.905467077133189e-07,4231951,4231951,9ffe9258742fd4734eda4133ab62891cf8604ec5560440b7bc4ba621c87598d3,expert_wires+checkpoint,1,1,1
model.language_model.layers.45.mlp.experts.77.up_proj,routed,TESSERA_E4M3_K1_R1024,r1024,1,0,0.0011484146816655993,3.756937509938902e-07,4215563,4215563,f6a163404179684b1ae4998b74ce75ab4b092fa8e8664cb5f86ad9d1e0c4935e,expert_wires+checkpoint,1,1,1
model.language_model.layers.45.mlp.experts.78.down_proj,routed,TESSERA_BF16_K1_R1024,r1024,1,1,0.0001656236418057233,3.2152023900724134e-07,4235983,4235983,cc72ea83c4d1119c331f20f4485ebd6d25e74fb330fb13a361477178e7ca7812,expert_wires+checkpoint,1,1,1
model.language_model.layers.45.mlp.experts.78.down_proj,routed,TESSERA_E4M3_K1_R1024,r1024,1,0,0.00019746064208447933,9.523907560680988e-07,4219595,4219595,5b4fc421f3bc92507ce92873fcf211579901d37deadf8c3cd137e7b69a179723,expert_wires+checkpoint,1,1,1
model.language_model.layers.45.mlp.experts.78.gate_proj,routed,TESSERA_BF16_K1_R1024,r1024,1,1,0.000877825659699738,2.281354739673809e-07,4231951,4231951,74d56b8f7f57ebb8a597c5f5ad639fc7be1cffeb34a496939a302d3c2d3d3d8e,expert_wires+checkpoint,1,1,1
model.language_model.layers.45.mlp.experts.78.gate_proj,routed,TESSERA_E4M3_K1_R1024,r1024,1,0,0.0012302137911319733,6.619752133234056e-07,4215563,4215563,eea7b8c3cb7dbd26f4fec48ea0262dc7be8e41ce219706d58a121cc5003b39c5,expert_wires+checkpoint,1,1,1
model.language_model.layers.45.mlp.experts.78.up_proj,routed,TESSERA_BF16_K1_R1024,r1024,1,1,0.0009487455245107412,2.876957828349649e-07,4231951,4231951,395b1765f666bd9c8bc4cedcee5d2a4b2feb5258a2203e852eeee36e4ddb5d54,expert_wires+checkpoint,1,1,1
model.language_model.layers.45.mlp.experts.78.up_proj,routed,TESSERA_E4M3_K1_R1024,r1024,1,0,0.0013283304870128632,9.713814951470126e-07,4215563,4215563,90f60217d7eeb1394c1ef73dc8fea505df5df9e2d1796f208cf662c6aa9fef21,expert_wires+checkpoint,1,1,1
model.language_model.layers.45.mlp.experts.79.down_proj,routed,TESSERA_BF16_K1_R1024,r1024,1,1,0.00021207774989306927,5.940084823535963e-07,4235983,4235983,3405c5ef9aa40f4062efc62aa7a42c4ed195344ecc8b106bc6eec14f73b1ff22,expert_wires+checkpoint,1,1,1
model.language_model.layers.45.mlp.experts.79.down_proj,routed,TESSERA_E4M3_K1_R1024,r1024,1,0,0.0002537136315368116,7.268817225824272e-07,4219595,4219595,d7b71ea472ced943036a9254eef06b834f424eb6ba303d582afe3462eaf7e937,expert_wires+checkpoint,1,1,1
model.language_model.layers.45.mlp.experts.79.gate_proj,routed,TESSERA_BF16_K1_R1024,r1024,1,1,0.0009197505423799157,3.6786699001169267e-07,4231951,4231951,d0d34705aeed6df285e4dcf93e3b49d4af611f787331e97f71f19d7d0714d952,expert_wires+checkpoint,1,1,1
model.language_model.layers.45.mlp.experts.79.gate_proj,routed,TESSERA_E4M3_K1_R1024,r1024,1,0,0.0012821927666664124,4.3109505705795363e-07,4215563,4215563,9d12a2b18d22ca4d1e3b4eb8db21e109771a1ed076015d0b57d13e97a240d8a2,expert_wires+checkpoint,1,1,1
model.language_model.layers.45.mlp.experts.79.up_proj,routed,TESSERA_BF16_K1_R1024,r1024,1,1,0.000998142990283668,3.7754860541740154e-07,4231951,4231951,493f328f29de94a40268de24631986e04e43661c563bd4d49bf02c8955853c12,expert_wires+checkpoint,1,1,1
model.language_model.layers.45.mlp.experts.79.up_proj,routed,TESSERA_E4M3_K1_R1024,r1024,1,0,0.0013848391827195883,1.2135007577525263e-06,4215563,4215563,9452f38420df77481ce2e8d9743753aecf64cdfecb14e6e6bddb3f38c8530575,expert_wires+checkpoint,1,1,1
model.language_model.layers.45.mlp.experts.8.down_proj,routed,TESSERA_BF16_K1_R1024,r1024,1,1,0.00024174859572667629,4.7195278943936747e-07,4235983,4235983,f023060411f5548764268a15393a58c851aed8ffb5d21875675ae7c60a621da2,expert_wires+checkpoint,1,1,1
model.language_model.layers.45.mlp.experts.8.down_proj,routed,TESSERA_E4M3_K1_R1024,r1024,1,0,0.00029739056481048465,9.373423760761765e-07,4219595,4219595,27a8028c8c36d50863c34acbd566a84feb25e41b8ab291a0c99f8da3ac4e377a,expert_wires+checkpoint,1,1,1
model.language_model.layers.45.mlp.experts.8.gate_proj,routed,TESSERA_BF16_K1_R1024,r1024,1,1,0.0007798776496201754,6.792757678345336e-07,4231951,4231951,b540d4893b63877d6257b5fc823022b5e6fb5e3e2259676484cd018951fda8d6,expert_wires+checkpoint,1,1,1
model.language_model.layers.45.mlp.experts.8.gate_proj,routed,TESSERA_E4M3_K1_R1024,r1024,1,0,0.0011013071052730083,6.56143283047049e-08,4215563,4215563,6696fa129e0f131f626791922164e9b5e9734b019af47456cca14be33d68e8c7,expert_wires+checkpoint,1,1,1
model.language_model.layers.45.mlp.experts.8.up_proj,routed,TESSERA_BF16_K1_R1024,r1024,1,1,0.0008709958638064563,1.1308490466348017e-07,4231951,4231951,e0adf21f7f388d10de4dcc2854abcfaaccf03e96fa073c9fd3d0a45bf78dddf4,expert_wires+checkpoint,1,1,1
model.language_model.layers.45.mlp.experts.8.up_proj,routed,TESSERA_E4M3_K1_R1024,r1024,1,0,0.0012255364563316107,6.064004285238051e-07,4215563,4215563,ae024a124bc9b58618731d93bb67f6f4a1f92d188f0158e478ea72315f00eb83,expert_wires+checkpoint,1,1,1
model.language_model.layers.45.mlp.experts.80.down_proj,routed,TESSERA_BF16_K1_R1024,r1024,1,1,0.00012003242591163144,3.498718790129723e-07,4235983,4235983,b9545e1afab4045734e29b176b0e2dbd264b5233bc72465705072adeabb612ce,expert_wires+checkpoint,1,1,1
model.language_model.layers.45.mlp.experts.80.down_proj,routed,TESSERA_E4M3_K1_R1024,r1024,1,0,0.00016206888540182263,6.231765675199996e-07,4219595,4219595,ea7421cad0811347578715a5f6bc09c9dcfc9821b4e4eb2a84057ef8e561af0a,expert_wires+checkpoint,1,1,1
model.language_model.layers.45.mlp.experts.80.gate_proj,routed,TESSERA_BF16_K1_R1024,r1024,1,1,0.0005501010455191135,6.060184952658038e-07,4231951,4231951,1873c454a7129b23ecdbb0b00b97b2877ce9cd3840d26519faad524c23bc86e5,expert_wires+checkpoint,1,1,1
model.language_model.layers.45.mlp.experts.80.gate_proj,routed,TESSERA_E4M3_K1_R1024,r1024,1,0,0.0008392813033424318,1.1736846023821911e-06,4215563,4215563,033411cb640524fb1c766e54cf1b226477caeda15c3ecf45bdcca68e8f053e82,expert_wires+checkpoint,1,1,1
model.language_model.layers.45.mlp.experts.80.up_proj,routed,TESSERA_BF16_K1_R1024,r1024,1,1,0.000563904526643455,3.7193871397855336e-07,4231951,4231951,e617767905acbd7fd6dc56107c39a7d3ab3f17eaa4512857610eab4f12e59f9a,expert_wires+checkpoint,1,1,1
model.language_model.layers.45.mlp.experts.80.up_proj,routed,TESSERA_E4M3_K1_R1024,r1024,1,0,0.0008551102946512401,2.4475072900325146e-07,4215563,4215563,723fd15733d46d448f2bb41e1c2934b3aa5e7720eb5918c23859a4f677532a15,expert_wires+checkpoint,1,1,1
model.language_model.layers.45.mlp.experts.81.down_proj,routed,TESSERA_BF16_K1_R1024,r1024,1,1,0.0002018088853219524,8.91775540696347e-07,4235983,4235983,7596aba30bce845b0eca80bab17aca6782a8aa9b0f4acfb8d7aa2af82244096d,expert_wires+checkpoint,1,1,1
model.language_model.layers.45.mlp.experts.81.down_proj,routed,TESSERA_E4M3_K1_R1024,r1024,1,0,0.00024358209338970482,3.1120894402562152e-06,4219595,4219595,3e92ec52a1817565d80073e840088c05c01bb0b3431f86def4c49ffcef300a2a,expert_wires+checkpoint,1,1,1
model.language_model.layers.45.mlp.experts.81.gate_proj,routed,TESSERA_BF16_K1_R1024,r1024,1,1,0.0008540475973859429,4.991169223180666e-07,4231951,4231951,930039804864731424da33655254d51ac2ac62855274cd625dd7307b1c222d12,expert_wires+checkpoint,1,1,1
model.language_model.layers.45.mlp.experts.81.gate_proj,routed,TESSERA_E4M3_K1_R1024,r1024,1,0,0.001199366757646203,6.294080758737615e-07,4215563,4215563,1ba58fc3514f3abd392e974a18ffdc86230e679c370f45c650239c99a599754b,expert_wires+checkpoint,1,1,1
model.language_model.layers.45.mlp.experts.81.up_proj,routed,TESSERA_BF16_K1_R1024,r1024,1,1,0.0011330530978739262,6.624929627242163e-07,4231951,4231951,99ecb7df9a110b3c34f30375539dfdd87a7ac884aff82082ef14186583cc84a5,expert_wires+checkpoint,1,1,1
model.language_model.layers.45.mlp.experts.81.up_proj,routed,TESSERA_E4M3_K1_R1024,r1024,1,0,0.0015247445553541183,2.0128677427124215e-06,4215563,4215563,06c2d99313f14a197a0977cfe5c1a2e89a4fae5ccc9fc9e888afccb76102e965,expert_wires+checkpoint,1,1,1
model.language_model.layers.45.mlp.experts.82.down_proj,routed,TESSERA_BF16_K1_R1024,r1024,1,1,0.00019613478798419237,4.759647139517152e-07,4235983,4235983,08dbcf8f6427c5f613dfb8d854a14ca2bdd7dc3932601b152e6918c3413d5e3c,expert_wires+checkpoint,1,1,1
model.language_model.layers.45.mlp.experts.82.down_proj,routed,TESSERA_E4M3_K1_R1024,r1024,1,0,0.00023802320356480777,4.0640962375399427e-07,4219595,4219595,69fae529590c5843f2de3979c50acfc1a3d87efe13b89c9dc4b2f7822643dedf,expert_wires+checkpoint,1,1,1
model.language_model.layers.45.mlp.experts.82.gate_proj,routed,TESSERA_BF16_K1_R1024,r1024,1,1,0.0007989383884705603,5.994292302943085e-07,4231951,4231951,438d09ac3e003a72012ee906fed7fa90d55b9817753d0c3190c3454c414bdd2b,expert_wires+checkpoint,1,1,1
model.language_model.layers.45.mlp.experts.82.gate_proj,routed,TESSERA_E4M3_K1_R1024,r1024,1,0,0.0011595679679885507,4.92966685622664e-07,4215563,4215563,06f31329651413bbaa86c4113428e97bb667bd2ac67b958f5616952ca676974d,expert_wires+checkpoint,1,1,1
model.language_model.layers.45.mlp.experts.82.up_proj,routed,TESSERA_BF16_K1_R1024,r1024,1,1,0.0008436956559307873,9.743337421469305e-08,4231951,4231951,0bcc510da866eaed0beff761d944aa09836ca63160c773222466c41fe5184cdb,expert_wires+checkpoint,1,1,1
model.language_model.layers.45.mlp.experts.82.up_proj,routed,TESSERA_E4M3_K1_R1024,r1024,1,0,0.0012156292796134949,6.338521091663655e-07,4215563,4215563,ae6e1be1153fa886257692d7d6e4c07dfc0075ba8578fc1229915d5f220d8e7b,expert_wires+checkpoint,1,1,1
model.language_model.layers.45.mlp.experts.83.down_proj,routed,TESSERA_BF16_K1_R1024,r1024,1,1,0.00018655401072464883,3.9609471270780814e-07,4235983,4235983,57096a3cc71b26e71636ce5ea37d99a09a61ecd226df75c59787bff2db6768d0,expert_wires+checkpoint,1,1,1
model.language_model.layers.45.mlp.experts.83.down_proj,routed,TESSERA_E4M3_K1_R1024,r1024,1,0,0.0002242484624730423,6.040674413241359e-07,4219595,4219595,c3b6203f7533567fa0f76c0d594f1a7cc71ad778855b8780baaaad878ac7a0f1,expert_wires+checkpoint,1,1,1
model.language_model.layers.45.mlp.experts.83.gate_proj,routed,TESSERA_BF16_K1_R1024,r1024,1,1,0.0008522212156094611,2.540404055446541e-07,4231951,4231951,e579a4b876775da0b7f0d87f6da622b40771c5b919d7c79552482933a97c58ca,expert_wires+checkpoint,1,1,1
model.language_model.layers.45.mlp.experts.83.gate_proj,routed,TESSERA_E4M3_K1_R1024,r1024,1,0,0.0011892856564372778,3.096255971654325e-07,4215563,4215563,60c24ca857d1b05bcc525dd9dc092519268cf80c01057b07fd95baad0503692f,expert_wires+checkpoint,1,1,1
model.language_model.layers.45.mlp.experts.83.up_proj,routed,TESSERA_BF16_K1_R1024,r1024,1,1,0.000917850062251091,9.12741289026388e-08,4231951,4231951,b7cf066cdcd520a5ba51c033affa3d6b70988aa4e8e18522a7a5219c3139e333,expert_wires+checkpoint,1,1,1
model.language_model.layers.45.mlp.experts.83.up_proj,routed,TESSERA_E4M3_K1_R1024,r1024,1,0,0.0012810638872906566,1.0079755861165198e-06,4215563,4215563,36c93fb0e0d2498d448a9645f1845a798719e216ce1ee9622986828725c4dd16,expert_wires+checkpoint,1,1,1
model.language_model.layers.45.mlp.experts.84.down_proj,routed,TESSERA_BF16_K1_R1024,r1024,1,1,0.00020035033230669796,8.080808521888168e-07,4235983,4235983,3b1ac787d48fbf5c0ce08ac9d59146315fa570fb660da058e691c81a544aa0b3,expert_wires+checkpoint,1,1,1
model.language_model.layers.45.mlp.experts.84.down_proj,routed,TESSERA_E4M3_K1_R1024,r1024,1,0,0.00024021067656576633,3.7151270651011653e-07,4219595,4219595,4e26e1e917f5fe84ee3e47eb0430927f0b7f8e194dffef0d81e2beffb64f7643,expert_wires+checkpoint,1,1,1
model.language_model.layers.45.mlp.experts.84.gate_proj,routed,TESSERA_BF16_K1_R1024,r1024,1,1,0.0009360113763250411,5.671344196027868e-07,4231951,4231951,770eb3e20a99f071fb3f0bc85d330dba5ada4eb540a6af93ae06e215324eb208,expert_wires+checkpoint,1,1,1
model.language_model.layers.45.mlp.experts.84.gate_proj,routed,TESSERA_E4M3_K1_R1024,r1024,1,0,0.0012872107326984406,9.678277830896404e-07,4215563,4215563,7d4f53cfea3e12b97aabd3cdf77bb36219f947c04ace596b7fc6d5f24df19636,expert_wires+checkpoint,1,1,1
model.language_model.layers.45.mlp.experts.84.up_proj,routed,TESSERA_BF16_K1_R1024,r1024,1,1,0.0010457583703100681,7.784803071914992e-08,4231951,4231951,c185faf7be70aa0d50c07ecccb718972b79d463ada207523414baea280549ecb,expert_wires+checkpoint,1,1,1
model.language_model.layers.45.mlp.experts.84.up_proj,routed,TESSERA_E4M3_K1_R1024,r1024,1,0,0.0014308443060144782,6.358946055919385e-07,4215563,4215563,d2f6c770edb17c9c9e9cb01bc61217bd5fd837639763d3726eeb076482e223dd,expert_wires+checkpoint,1,1,1
model.language_model.layers.45.mlp.experts.85.down_proj,routed,TESSERA_BF16_K1_R1024,r1024,1,1,0.0002718167088460177,9.013839457372829e-07,4235983,4235983,7dceb9a6f03f7fef4ed8ddd9d36fc8fd1e56c296742dc7d52243503f16373b9a,expert_wires+checkpoint,1,1,1
model.language_model.layers.45.mlp.experts.85.down_proj,routed,TESSERA_E4M3_K1_R1024,r1024,1,0,0.0003228765563108027,2.176434597655847e-06,4219595,4219595,1bcf74979ebfc7e6e10274531e0d7b688bbd746f1b329bd07dbdb6f937d3b0c5,expert_wires+checkpoint,1,1,1
model.language_model.layers.45.mlp.experts.85.gate_proj,routed,TESSERA_BF16_K1_R1024,r1024,1,1,0.0008576817926950753,8.913419012025714e-07,4231951,4231951,d94201bb7525d6e3b746562317f9e8b7cb822019266ecb479106f533c03462b5,expert_wires+checkpoint,1,1,1
model.language_model.layers.45.mlp.experts.85.gate_proj,routed,TESSERA_E4M3_K1_R1024,r1024,1,0,0.0011914585484191775,2.168396802783163e-07,4215563,4215563,dae0fe7726ea919a8b43a7c4d45d23f9ccb6ee5888c4b96aab365e00508e0645,expert_wires+checkpoint,1,1,1
model.language_model.layers.45.mlp.experts.85.up_proj,routed,TESSERA_BF16_K1_R1024,r1024,1,1,0.0011428892612457275,1.1738040087925817e-06,4231951,4231951,657e5513d7382748060ea80e48f2152d96daa536499a5654cfabf5fbed8b71d2,expert_wires+checkpoint,1,1,1
model.language_model.layers.45.mlp.experts.85.up_proj,routed,TESSERA_E4M3_K1_R1024,r1024,1,0,0.0015272186137735844,1.2967550401119799e-06,4215563,4215563,558750b87c6482050a3d1eb456b89fccf611ef7a614ff1efc956476a94464892,expert_wires+checkpoint,1,1,1
model.language_model.layers.45.mlp.experts.86.down_proj,routed,TESSERA_BF16_K1_R1024,r1024,1,1,0.0004503707750700414,8.61419819250253e-06,4235983,4235983,bcfe6e277a82584374eee08395ef4035207a29e19a49a1b086dd98e573a53c79,expert_wires+checkpoint,1,1,1
model.language_model.layers.45.mlp.experts.86.down_proj,routed,TESSERA_E4M3_K1_R1024,r1024,1,0,0.000582509208470583,4.8164761712418775e-06,4219595,4219595,8fe72a2f9ed158a2015893273c55659beb38f6cb936500af8fae3041e1c015b3,expert_wires+checkpoint,1,1,1
model.language_model.layers.45.mlp.experts.86.gate_proj,routed,TESSERA_BF16_K1_R1024,r1024,1,1,0.0006804392905905843,4.986723371573274e-07,4231951,4231951,f2b70dfde1d6a2f2ce1ac8f4da8b2b8570f68934f969da42cca8639dec8025c6,expert_wires+checkpoint,1,1,1
model.language_model.layers.45.mlp.experts.86.gate_proj,routed,TESSERA_E4M3_K1_R1024,r1024,1,0,0.0009632969740778208,2.4629501416493272e-06,4215563,4215563,1a90e9e65abfae8d46153a35164b49502b730bc0ba3cb12261e461dfff2f9bce,expert_wires+checkpoint,1,1,1
model.language_model.layers.45.mlp.experts.86.up_proj,routed,TESSERA_BF16_K1_R1024,r1024,1,1,0.0009891527006402612,9.151942535782791e-07,4231951,4231951,1001a0a8b6823387db26d2df7d6f7c04765694e054452397e2771f8eb1a7d1ee,expert_wires+checkpoint,1,1,1
model.language_model.layers.45.mlp.experts.86.up_proj,routed,TESSERA_E4M3_K1_R1024,r1024,1,0,0.0013917884789407253,1.416441640758947e-06,4215563,4215563,ce04da889ef0c1a2be97b2859bc711e111aac3f15c32fdc075ef38e20ac3726b,expert_wires+checkpoint,1,1,1
model.language_model.layers.45.mlp.experts.87.down_proj,routed,TESSERA_BF16_K1_R1024,r1024,1,1,0.00014282891061156988,1.7707153483908676e-06,4235983,4235983,7984644cfb9a0ab2b571cf7641c9a65106ac1befd90e7e17d73c183819291001,expert_wires+checkpoint,1,1,1
model.language_model.layers.45.mlp.experts.87.down_proj,routed,TESSERA_E4M3_K1_R1024,r1024,1,0,0.0001861888449639082,2.160410763009005e-06,4219595,4219595,9200116c0156777d11429fc93cb15bd6126d2d80e9f5b4c2b0204fe7fbd7f9a2,expert_wires+checkpoint,1,1,1
model.language_model.layers.45.mlp.experts.87.gate_proj,routed,TESSERA_BF16_K1_R1024,r1024,1,1,0.0006127471569925547,4.654226484276234e-06,4231951,4231951,c872febe3c3e0c92eef7b3d92f4fff1f6c7ffd64e6a9c0b87cd115d9d0aae0de,expert_wires+checkpoint,1,1,1
model.language_model.layers.45.mlp.experts.87.gate_proj,routed,TESSERA_E4M3_K1_R1024,r1024,1,0,0.0009032022207975388,4.698033123853035e-07,4215563,4215563,c02a26e4d31f5da6c89e464c8915d719d0cb400576db73e9efc892de306cb976,expert_wires+checkpoint,1,1,1
model.language_model.layers.45.mlp.experts.87.up_proj,routed,TESSERA_BF16_K1_R1024,r1024,1,1,0.0006219892529770732,4.970902170277287e-07,4231951,4231951,9a22034aaefba0497601f7c092ae8e76cd0447c87bbd2749a024478bf3077349,expert_wires+checkpoint,1,1,1
model.language_model.layers.45.mlp.experts.87.up_proj,routed,TESSERA_E4M3_K1_R1024,r1024,1,0,0.0009065619669854641,1.3275443143857765e-06,4215563,4215563,f3eca002a294aec75f16e7fd896cc2bd2e9f98db501a796a647d252cbaa4d1d8,expert_wires+checkpoint,1,1,1
model.language_model.layers.45.mlp.experts.88.down_proj,routed,TESSERA_BF16_K1_R1024,r1024,1,1,0.00031093551660887897,5.550124175718127e-07,4235983,4235983,7cbf36c4ece716918ef9d90d222f58e69409fb7b030b724e04c38d73af0a63bb,expert_wires+checkpoint,1,1,1
model.language_model.layers.45.mlp.experts.88.down_proj,routed,TESSERA_E4M3_K1_R1024,r1024,1,0,0.00039054948138073087,7.40431718225682e-07,4219595,4219595,1896c643c8f5334bb62e439a33846ce9ca758bcce1b17363020ac569c692a6bf,expert_wires+checkpoint,1,1,1
model.language_model.layers.45.mlp.experts.88.gate_proj,routed,TESSERA_BF16_K1_R1024,r1024,1,1,0.0007623315323144197,1.7613721240404465e-07,4231951,4231951,e9025dc9259891b8b9ce313f215170353858774ff814250677ee05057c4209e3,expert_wires+checkpoint,1,1,1
model.language_model.layers.45.mlp.experts.88.gate_proj,routed,TESSERA_E4M3_K1_R1024,r1024,1,0,0.0010930350981652737,7.213835812277458e-07,4215563,4215563,2751fe29c885eab3a8c00b895aebae9864803098359462795765c03d1966147b,expert_wires+checkpoint,1,1,1
model.language_model.layers.45.mlp.experts.88.up_proj,routed,TESSERA_BF16_K1_R1024,r1024,1,1,0.0008533455547876656,2.486314301615558e-07,4231951,4231951,69127e5f1e4734a347da56c49ca56bb0f456bb24f01f7551a48a0103511cbccd,expert_wires+checkpoint,1,1,1
model.language_model.layers.45.mlp.experts.88.up_proj,routed,TESSERA_E4M3_K1_R1024,r1024,1,0,0.001221122918650508,9.503042027927755e-08,4215563,4215563,e2d4eb49629085949bb3d9a9207417ecf9cdf031b135006cb97a3a775ffda613,expert_wires+checkpoint,1,1,1
model.language_model.layers.45.mlp.experts.89.down_proj,routed,TESSERA_BF16_K1_R1024,r1024,1,1,0.00016450748080387712,2.4572572422999376e-07,4235983,4235983,d81d3b70457fe86f0d92d1c6cdee391664645d565d71400e72a10057879bb1fd,expert_wires+checkpoint,1,1,1
model.language_model.layers.45.mlp.experts.89.down_proj,routed,TESSERA_E4M3_K1_R1024,r1024,1,0,0.00020249892259016633,3.454967540851248e-07,4219595,4219595,0b6c2ad98fb7ccaad1ab31dbabc71e3ec67faea328be4377cee164cd8dbba105,expert_wires+checkpoint,1,1,1
model.language_model.layers.45.mlp.experts.89.gate_proj,routed,TESSERA_BF16_K1_R1024,r1024,1,1,0.000768934260122478,9.872375116585337e-08,4231951,4231951,691c19c08ac01c2f80c47fe983f8b2177f73a753630abf7de7a8f3aafc07b0cc,expert_wires+checkpoint,1,1,1
model.language_model.layers.45.mlp.experts.89.gate_proj,routed,TESSERA_E4M3_K1_R1024,r1024,1,0,0.0011075913207605481,1.845296126532137e-07,4215563,4215563,c9b612fca98982fff5d78d55c9484569764d4e576450a424edff20ae79890eb4,expert_wires+checkpoint,1,1,1
model.language_model.layers.45.mlp.experts.89.up_proj,routed,TESSERA_BF16_K1_R1024,r1024,1,1,0.0008439398370683193,2.9680023758427483e-07,4231951,4231951,3134871c303cc2dae0bdc1297c79fbe0cf3fdb7773b0a47fc1ec384a637343e6,expert_wires+checkpoint,1,1,1
model.language_model.layers.45.mlp.experts.89.up_proj,routed,TESSERA_E4M3_K1_R1024,r1024,1,0,0.001211418304592371,4.965125954698495e-07,4215563,4215563,f94de051a721b2b031e6f62da3fca5bc667d0d5e5e4b3466978b898e626fb884,expert_wires+checkpoint,1,1,1
model.language_model.layers.45.mlp.experts.9.down_proj,routed,TESSERA_BF16_K1_R1024,r1024,1,1,0.00033444096334278584,7.83612662910643e-08,4235983,4235983,961ec318e2ce1a8ad47be6ccb94b30e8c4983cfd6170bf46d2b97689c70f9bc1,expert_wires+checkpoint,1,1,1
model.language_model.layers.45.mlp.experts.9.down_proj,routed,TESSERA_E4M3_K1_R1024,r1024,1,0,0.0004677813849411905,3.013644862407455e-07,4219595,4219595,f062ffe9d12e066e6f449ee2da4cd7a8b53710b97720ae0f95a774982484ae65,expert_wires+checkpoint,1,1,1
model.language_model.layers.45.mlp.experts.9.gate_proj,routed,TESSERA_BF16_K1_R1024,r1024,1,1,0.0005418164655566216,6.911622540763322e-08,4231951,4231951,d73c919360146449321d139eb49d774ade098990bd90b8a3924c1306c228ebdf,expert_wires+checkpoint,1,1,1
model.language_model.layers.45.mlp.experts.9.gate_proj,routed,TESSERA_E4M3_K1_R1024,r1024,1,0,0.0008984534069895744,1.2241248087465447e-07,4215563,4215563,f326d639bb7a111855de1920e58fd855a56d6bdc0be67e883059cdcf1802b0fd,expert_wires+checkpoint,1,1,1
model.language_model.layers.45.mlp.experts.9.up_proj,routed,TESSERA_BF16_K1_R1024,r1024,1,1,0.0005319041665643454,3.223878878452565e-08,4231951,4231951,667ec8c1b77973aae70b63d9c0541c9c7a6e81388366d8bbe4a88a276a5cab7c,expert_wires+checkpoint,1,1,1
model.language_model.layers.45.mlp.experts.9.up_proj,routed,TESSERA_E4M3_K1_R1024,r1024,1,0,0.0008720309706404805,7.722057674105359e-08,4215563,4215563,fc90db463fc0bc50566e53531c8376b93a03449b5e45e9d43a101f5495d45453,expert_wires+checkpoint,1,1,1
model.language_model.layers.45.mlp.experts.90.down_proj,routed,TESSERA_BF16_K1_R1024,r1024,1,1,0.00015027119661681354,3.8117574693466555e-07,4235983,4235983,2b49f2b78947b5c422e8563a44c3e93503ce1572b3eaeff9a474af46ebbdfe42,expert_wires+checkpoint,1,1,1
model.language_model.layers.45.mlp.experts.90.down_proj,routed,TESSERA_E4M3_K1_R1024,r1024,1,0,0.00018228977569378912,9.718012674603522e-07,4219595,4219595,4a72789221dd5a45dcdc0bf57288307e55094b59a425ac08aa284c64903ce04a,expert_wires+checkpoint,1,1,1
model.language_model.layers.45.mlp.experts.90.gate_proj,routed,TESSERA_BF16_K1_R1024,r1024,1,1,0.0008895862265489995,1.2249464983171992e-07,4231951,4231951,dece14906cab45a43fdd5e8b207784929766155efcb54083932362eedb6716c8,expert_wires+checkpoint,1,1,1
model.language_model.layers.45.mlp.experts.90.gate_proj,routed,TESSERA_E4M3_K1_R1024,r1024,1,0,0.0012444683816283941,1.1313721921998295e-06,4215563,4215563,c77b56d09e40af657925add34572cc762e04042e5675e6563c6f2ac47d20f1b6,expert_wires+checkpoint,1,1,1
model.language_model.layers.45.mlp.experts.90.up_proj,routed,TESSERA_BF16_K1_R1024,r1024,1,1,0.0009404337615706027,5.982834744866177e-07,4231951,4231951,d702743f167979b86bb581fd4422369d046f7f16372aba481df2341001b67716,expert_wires+checkpoint,1,1,1
model.language_model.layers.45.mlp.experts.90.up_proj,routed,TESSERA_E4M3_K1_R1024,r1024,1,0,0.001310352934524417,7.276745876754125e-07,4215563,4215563,cdac16e4494a2da4f5c048184bbff5bf44e8cdc17b13771f41d45a16ae6c4a81,expert_wires+checkpoint,1,1,1
model.language_model.layers.45.mlp.experts.91.down_proj,routed,TESSERA_BF16_K1_R1024,r1024,1,1,0.0002049897302640602,4.974964504946888e-07,4235983,4235983,6150efa75ed3376caa4bea7ab33b95cd8771e9aa459dbeba024e3bc0c05db942,expert_wires+checkpoint,1,1,1
model.language_model.layers.45.mlp.experts.91.down_proj,routed,TESSERA_E4M3_K1_R1024,r1024,1,0,0.0002444073907099664,1.1335631147765448e-06,4219595,4219595,e71570e3240b3c6b12992dd48b3bbacdff87d4569ec8324376e96226532dd431,expert_wires+checkpoint,1,1,1
model.language_model.layers.45.mlp.experts.91.gate_proj,routed,TESSERA_BF16_K1_R1024,r1024,1,1,0.0008459709351882339,3.7818719379220795e-07,4231951,4231951,da5c527c285899663f7c1fef4af12e9fc30b5fdf587f27016f21f94349436aa3,expert_wires+checkpoint,1,1,1
model.language_model.layers.45.mlp.experts.91.gate_proj,routed,TESSERA_E4M3_K1_R1024,r1024,1,0,0.001196676050312817,4.4407420636436323e-07,4215563,4215563,7cedbaa38156cbcd89a58ab4d6f290281d237617733f193b6c734569f09c1ae5,expert_wires+checkpoint,1,1,1
model.language_model.layers.45.mlp.experts.91.up_proj,routed,TESSERA_BF16_K1_R1024,r1024,1,1,0.0009097887668758631,3.9538397168146346e-07,4231951,4231951,19e925d798163f06c7e5638b5dbc5872a5c25657f97fd8a626db1b454737ef07,expert_wires+checkpoint,1,1,1
model.language_model.layers.45.mlp.experts.91.up_proj,routed,TESSERA_E4M3_K1_R1024,r1024,1,0,0.001288068015128374,8.997559699350332e-07,4215563,4215563,29331d3600cf1fed05b9dcb434cc5ea785e6a12795a89e8433f9dba22134bc06,expert_wires+checkpoint,1,1,1
model.language_model.layers.45.mlp.experts.92.down_proj,routed,TESSERA_BF16_K1_R1024,r1024,1,1,0.0018358755623921752,1.7905216753363958e-06,4235983,4235983,2adc7079ecf80e26796337a86c4fad85a7307b08bf24cd0ad1c6f58f77d46457,expert_wires+checkpoint,1,1,1
model.language_model.layers.45.mlp.experts.92.down_proj,routed,TESSERA_E4M3_K1_R1024,r1024,1,0,0.002373809926211834,1.5739153840499364e-06,4219595,4219595,6d2f2c10fbe3b443d1663abea41949dbc20efddf4cae512bdfc9870057da1448,expert_wires+checkpoint,1,1,1
model.language_model.layers.45.mlp.experts.92.gate_proj,routed,TESSERA_BF16_K1_R1024,r1024,1,1,0.0012467199703678489,4.419623355143121e-07,4231951,4231951,80ed6abbb6da398b5fa7038c3cc8f0b72d5bb9913f5a1b607c8208666cdb3189,expert_wires+checkpoint,1,1,1
model.language_model.layers.45.mlp.experts.92.gate_proj,routed,TESSERA_E4M3_K1_R1024,r1024,1,0,0.00166922970674932,1.158219801850613e-06,4215563,4215563,44b7f4a302d1234d37f7a61e860c42f88917a676ee601b5df2a7bab3f2395a5c,expert_wires+checkpoint,1,1,1
model.language_model.layers.45.mlp.experts.92.up_proj,routed,TESSERA_BF16_K1_R1024,r1024,1,1,0.0013941801153123379,5.424068018690707e-07,4231951,4231951,d029f24092716eb98192c4e1fbd0b167d2fa03ab4dc9fa45b12fbd50532e0899,expert_wires+checkpoint,1,1,1
model.language_model.layers.45.mlp.experts.92.up_proj,routed,TESSERA_E4M3_K1_R1024,r1024,1,0,0.0018598675960674882,3.691068862965853e-07,4215563,4215563,c0e29f951dc550f50114251061263a41f6b6771f6381dff9d3a79af4391354da,expert_wires+checkpoint,1,1,1
model.language_model.layers.45.mlp.experts.93.down_proj,routed,TESSERA_BF16_K1_R1024,r1024,1,1,0.00017199624562636018,1.237330491662646e-06,4235983,4235983,1d90a0129591f1708ab10847897919d64808aea5f83769848b37e4eb36a1d58e,expert_wires+checkpoint,1,1,1
model.language_model.layers.45.mlp.experts.93.down_proj,routed,TESSERA_E4M3_K1_R1024,r1024,1,0,0.00020716004655696452,1.051349388839576e-06,4219595,4219595,f3f303029949189852508c60359d81ebdfc080f62d6abff149e6c0a1dfec25e9,expert_wires+checkpoint,1,1,1
model.language_model.layers.45.mlp.experts.93.gate_proj,routed,TESSERA_BF16_K1_R1024,r1024,1,1,0.0007123719551600516,1.5206488451421801e-07,4231951,4231951,6993a98a7b4f4ad4d97864b3d72ca46069b0b6dfd3fd0608a84693f0d223f52e,expert_wires+checkpoint,1,1,1
model.language_model.layers.45.mlp.experts.93.gate_proj,routed,TESSERA_E4M3_K1_R1024,r1024,1,0,0.0010234878864139318,1.605260647313701e-07,4215563,4215563,0bcd7393a9955dda39d462e7d5c4e92f81b9f5abfeacf2ac5d2c05ae055651ef,expert_wires+checkpoint,1,1,1
model.language_model.layers.45.mlp.experts.93.up_proj,routed,TESSERA_BF16_K1_R1024,r1024,1,1,0.0008329691481776536,1.7150298857550955e-07,4231951,4231951,5889af31c80c77c4cee0ac361baae7d1405f01dc3be9beb4bff430500d9d31fa,expert_wires+checkpoint,1,1,1
model.language_model.layers.45.mlp.experts.93.up_proj,routed,TESSERA_E4M3_K1_R1024,r1024,1,0,0.0011870086891576648,2.78163303852964e-07,4215563,4215563,ecccc81a33014c7a4fd883dde45d72b8ec4f840e998bcf902351a022c3f10f3c,expert_wires+checkpoint,1,1,1
model.language_model.layers.45.mlp.experts.94.down_proj,routed,TESSERA_BF16_K1_R1024,r1024,1,1,0.00012281531235203147,5.04900863162054e-07,4235983,4235983,162b99c927088b688b19413e6383ebe251f5831f13d5b53f4a64bb4d9c94fc21,expert_wires+checkpoint,1,1,1
model.language_model.layers.45.mlp.experts.94.down_proj,routed,TESSERA_E4M3_K1_R1024,r1024,1,0,0.00017055452917702496,1.039468232941974e-06,4219595,4219595,29666f63d512cb57ce6da7571a53a5386922b3f83e9cdde2ce3972a740afd78f,expert_wires+checkpoint,1,1,1
model.language_model.layers.45.mlp.experts.94.gate_proj,routed,TESSERA_BF16_K1_R1024,r1024,1,1,0.000574038305785507,2.244393258745078e-06,4231951,4231951,2d2d5df949ba6efe0c95dd2ac09f922924c634bbae040e889c1ed1689f17c8bd,expert_wires+checkpoint,1,1,1
model.language_model.layers.45.mlp.experts.94.gate_proj,routed,TESSERA_E4M3_K1_R1024,r1024,1,0,0.0008831598679535091,9.315424468236786e-07,4215563,4215563,52e455da4e8dd2a0dea2e3d044603845b7592c18cc01dd944648874e5f14da55,expert_wires+checkpoint,1,1,1
model.language_model.layers.45.mlp.experts.94.up_proj,routed,TESSERA_BF16_K1_R1024,r1024,1,1,0.0005577970296144485,8.127460363371111e-07,4231951,4231951,4da6f835caf3626cea91af396f4c6e8ba047a45ebde7c31aca94b63ee398bf46,expert_wires+checkpoint,1,1,1
model.language_model.layers.45.mlp.experts.94.up_proj,routed,TESSERA_E4M3_K1_R1024,r1024,1,0,0.0008458050433546305,4.817096607690417e-07,4215563,4215563,dad8f4fba5fae302e14d01ac4b14a2581d657265d9ec50f035b627d691f1e2c5,expert_wires+checkpoint,1,1,1
model.language_model.layers.45.mlp.experts.95.down_proj,routed,TESSERA_BF16_K1_R1024,r1024,1,1,0.0001622229756321758,1.1394256074699393e-06,4235983,4235983,577048370842518ab8256294643e5f93f1edd1d1d2e63c4adfce7e3fd5789e8b,expert_wires+checkpoint,1,1,1
model.language_model.layers.45.mlp.experts.95.down_proj,routed,TESSERA_E4M3_K1_R1024,r1024,1,0,0.00019627262372523546,1.3942856336277073e-06,4219595,4219595,a9065729fb78b4f4071788fedcaa8e4499d11e437e26b62121f16f75202c4d40,expert_wires+checkpoint,1,1,1
model.language_model.layers.45.mlp.experts.95.gate_proj,routed,TESSERA_BF16_K1_R1024,r1024,1,1,0.0009638473857194185,2.7505495635523397e-07,4231951,4231951,ab9b95db6f6efa327b58d5ce12a9afda8fb3e29beac911886bdbec4dbfe26dad,expert_wires+checkpoint,1,1,1
model.language_model.layers.45.mlp.experts.95.gate_proj,routed,TESSERA_E4M3_K1_R1024,r1024,1,0,0.0013329798821359873,5.9779099891511e-08,4215563,4215563,e36cdb6ebf67f2869535ed0c908b3e7212a3e4630945ba4dc02221ae8a32e6d1,expert_wires+checkpoint,1,1,1
model.language_model.layers.45.mlp.experts.95.up_proj,routed,TESSERA_BF16_K1_R1024,r1024,1,1,0.0010395579738542438,5.134586459149896e-08,4231951,4231951,35bb2b1c22051165c5145296d70196deab3dc47df839a22eeff04c974249a2f8,expert_wires+checkpoint,1,1,1
model.language_model.layers.45.mlp.experts.95.up_proj,routed,TESSERA_E4M3_K1_R1024,r1024,1,0,0.0014285315992310643,2.093923584134969e-07,4215563,4215563,5333a4af344155d0daa1cff4d2dccd69a5c0e35a6cd1fa949b7ab696d4ecc5f1,expert_wires+checkpoint,1,1,1
model.language_model.layers.45.mlp.experts.96.down_proj,routed,TESSERA_BF16_K1_R1024,r1024,1,1,0.0001978100190171972,9.149551925610289e-08,4235983,4235983,0cde194101f8722474222904cffbeb36ecf49ff10457a88c9022ce93ef671446,expert_wires+checkpoint,1,1,1
model.language_model.layers.45.mlp.experts.96.down_proj,routed,TESSERA_E4M3_K1_R1024,r1024,1,0,0.00028838764410465956,2.1823801010100223e-07,4219595,4219595,48589169da914719d9cc170b0222d24db68a5da0f57cd704d2e4eaaa59a4ce93,expert_wires+checkpoint,1,1,1
model.language_model.layers.45.mlp.experts.96.gate_proj,routed,TESSERA_BF16_K1_R1024,r1024,1,1,0.00029322406044229865,2.9406373380909785e-08,4231951,4231951,00e541c13975681f67de5615aa05cd40d2c90d701521f67796fc9c4169860d53,expert_wires+checkpoint,1,1,1
model.language_model.layers.45.mlp.experts.96.gate_proj,routed,TESSERA_E4M3_K1_R1024,r1024,1,0,0.0005900107207708061,2.4516244152172504e-08,4215563,4215563,36e1559d66d519757bab686ea522c579c4e1efd8b55dc5e3ea71862cdceae465,expert_wires+checkpoint,1,1,1
model.language_model.layers.45.mlp.experts.96.up_proj,routed,TESSERA_BF16_K1_R1024,r1024,1,1,0.00032920995727181435,5.0121619305958834e-08,4231951,4231951,5c149ec8b6d735738df645459158ad1a76346f361435ce676e2d0690977a3d38,expert_wires+checkpoint,1,1,1
model.language_model.layers.45.mlp.experts.96.up_proj,routed,TESSERA_E4M3_K1_R1024,r1024,1,0,0.0006470508524216712,4.321498314589749e-08,4215563,4215563,35fd9e80450a29b84d9601352befb0ac705eca5ad00f285fad87e959dbbebde3,expert_wires+checkpoint,1,1,1
model.language_model.layers.45.mlp.experts.97.down_proj,routed,TESSERA_BF16_K1_R1024,r1024,1,1,0.0001287445775233209,7.604351399804343e-07,4235983,4235983,653a15c054bade567705bc8f555853dcbbfc010dc825c304a5b5ea95f372c9ee,expert_wires+checkpoint,1,1,1
model.language_model.layers.45.mlp.experts.97.down_proj,routed,TESSERA_E4M3_K1_R1024,r1024,1,0,0.00017164531163871288,6.372385080756468e-07,4219595,4219595,2ac65d51628edb87416b15781579ec846eb191259146ee517db974a8966db04f,expert_wires+checkpoint,1,1,1
model.language_model.layers.45.mlp.experts.97.gate_proj,routed,TESSERA_BF16_K1_R1024,r1024,1,1,0.0005740819033235312,4.476574561036546e-07,4231951,4231951,f095fa3156a5d3d100a3ad0e89a1e9c02039b830545fb9c9c302d7fa88f57e74,expert_wires+checkpoint,1,1,1
model.language_model.layers.45.mlp.experts.97.gate_proj,routed,TESSERA_E4M3_K1_R1024,r1024,1,0,0.0009025777690112591,4.962673829771336e-07,4215563,4215563,67f195224e3c35c3e8fb348066a17f3dd9e364cdf579547a434c6823cd42a870,expert_wires+checkpoint,1,1,1
model.language_model.layers.45.mlp.experts.97.up_proj,routed,TESSERA_BF16_K1_R1024,r1024,1,1,0.0005951616913080215,7.804369416005428e-07,4231951,4231951,5b91ed927379eb94863bbb56ab0aa00d25c0d6bbfea45d34f6d2b2d3e0c2d097,expert_wires+checkpoint,1,1,1
model.language_model.layers.45.mlp.experts.97.up_proj,routed,TESSERA_E4M3_K1_R1024,r1024,1,0,0.0009143598726950586,5.283292938494469e-07,4215563,4215563,2d85c40ed588dfa908173c10cae56d815ceef8c90852eb361122f5490789ede2,expert_wires+checkpoint,1,1,1
model.language_model.layers.45.mlp.experts.98.down_proj,routed,TESSERA_BF16_K1_R1024,r1024,1,1,0.000270902703050524,1.320002887576588e-06,4235983,4235983,b7990e69b117a33f365672fa66751e3029312581a0fd4469c297b1b622ea8bde,expert_wires+checkpoint,1,1,1
model.language_model.layers.45.mlp.experts.98.down_proj,routed,TESSERA_E4M3_K1_R1024,r1024,1,0,0.0003708013391587883,6.259145731762719e-07,4219595,4219595,622829e19e848c3e8582ed126118b90ae5b3c8b3bc8198d1d6d7f6c2f77ea8fa,expert_wires+checkpoint,1,1,1
model.language_model.layers.45.mlp.experts.98.gate_proj,routed,TESSERA_BF16_K1_R1024,r1024,1,1,0.0005683843046426773,7.445762073514367e-07,4231951,4231951,5d7420813c1a75610a1c59c2bcfad6441258be8cf6cb6f54811a0b3ebae69819,expert_wires+checkpoint,1,1,1
model.language_model.layers.45.mlp.experts.98.gate_proj,routed,TESSERA_E4M3_K1_R1024,r1024,1,0,0.000907670590095222,3.1606711937099527e-07,4215563,4215563,06a002cd24aa5256b7078a73f803c8d30e4e72ccde53632a30523767e7ec0282,expert_wires+checkpoint,1,1,1
model.language_model.layers.45.mlp.experts.98.up_proj,routed,TESSERA_BF16_K1_R1024,r1024,1,1,0.0006642071530222893,6.507992501625649e-07,4231951,4231951,0703c519419f2f6718ce012ea555ffe9a66c26bd72120e8feee47c88c5c4a212,expert_wires+checkpoint,1,1,1
model.language_model.layers.45.mlp.experts.98.up_proj,routed,TESSERA_E4M3_K1_R1024,r1024,1,0,0.0010500573553144932,1.0240946457779737e-06,4215563,4215563,4daed29cad776bae8e5d74fd1b9fe5b20b794b3d58ab0260e5b151ce56626dd1,expert_wires+checkpoint,1,1,1
model.language_model.layers.45.mlp.experts.99.down_proj,routed,TESSERA_BF16_K1_R1024,r1024,1,1,0.00013819668674841523,4.343601022766155e-07,4235983,4235983,e007be746db7bc3f4b01be6c0e34487c0a2331ec607954d444155075f7b5c57b,expert_wires+checkpoint,1,1,1
model.language_model.layers.45.mlp.experts.99.down_proj,routed,TESSERA_E4M3_K1_R1024,r1024,1,0,0.00017559361003804952,3.186983495886207e-07,4219595,4219595,6a43b35d561a6cc2aab6b3bff0d3a8b70642df36c69df43a543ad47c3910429f,expert_wires+checkpoint,1,1,1
model.language_model.layers.45.mlp.experts.99.gate_proj,routed,TESSERA_BF16_K1_R1024,r1024,1,1,0.0006803453434258699,1.0563464376997485e-07,4231951,4231951,f479556c7f245f749513f7d642cdcb6d68c38212e2a70be4457c9a181026da49,expert_wires+checkpoint,1,1,1
model.language_model.layers.45.mlp.experts.99.gate_proj,routed,TESSERA_E4M3_K1_R1024,r1024,1,0,0.0010105626424774528,1.2379981287640045e-06,4215563,4215563,52ab94d0e488283f0f4fba72bdce04247823096c0fa210c0585b7783c66f5cf0,expert_wires+checkpoint,1,1,1
model.language_model.layers.45.mlp.experts.99.up_proj,routed,TESSERA_BF16_K1_R1024,r1024,1,1,0.0007130197482183576,1.4343613565544603e-07,4231951,4231951,352e504fcf1d438ab2fb6847314e9fc1808f89444a7db62546c6f6a7e7a9c6cd,expert_wires+checkpoint,1,1,1
model.language_model.layers.45.mlp.experts.99.up_proj,routed,TESSERA_E4M3_K1_R1024,r1024,1,0,0.001054012798704207,7.856913951217471e-07,4215563,4215563,b48da02a20c58e1f86ba172df28cb51a8c0906bb4f9300d555f1a6123b1a04a4,expert_wires+checkpoint,1,1,1
model.language_model.layers.45.mlp.shared_experts.down_proj,shared,TESSERA_BF16_K1_R1024,r1024,1,1,0.0008841517264954746,0.0008580645047901962,4235983,4235983,5ed431de98541bc2aaf579f02b841a69f94ada200fe2a6088511fadba0176d06,checkpoint,1,1,1
model.language_model.layers.45.mlp.shared_experts.down_proj,shared,TESSERA_E4M3_K1_R1024,r1024,1,1,0.0011167663615196943,0.000484183766182532,4219595,4219595,3ba84c0b48c142c37814ec13b5dd7801b340303679f336650ee2cfdc9ed46ae3,checkpoint,1,1,1
model.language_model.layers.45.mlp.shared_experts.gate_proj,shared,TESSERA_BF16_K1_R1024,r1024,1,1,0.0006916048005223274,0.00017588519493351638,4231951,4231951,af68fc3c3d3a55bed57afe73d73b155ce811ccf599841bacbef064605935eb7d,checkpoint,1,1,1
model.language_model.layers.45.mlp.shared_experts.gate_proj,shared,TESSERA_E4M3_K1_R1024,r1024,1,1,0.0008771518478170037,0.0003179014965652094,4215563,4215563,f45a1999ab4ed1251b24140c67b5a851836e0201bf53b7bd1f5760a988fdf67d,checkpoint,1,1,1
model.language_model.layers.45.mlp.shared_experts.up_proj,shared,TESSERA_BF16_K1_R1024,r1024,1,1,0.0015638708136975765,8.981384594162567e-05,4231951,4231951,58b2cec3e8c31ad82d2a0e7ec6b26ee0e50fd9d53794dce3ddadbe7bd4042874,checkpoint,1,1,1
model.language_model.layers.45.mlp.shared_experts.up_proj,shared,TESSERA_E4M3_K1_R1024,r1024,1,1,0.0019221645779907703,0.000709630836365115,4215563,4215563,85e00790cc78298e2200a771b46a653e698d0e9344d43a6aa556fc2b2f8e9a4c,checkpoint,1,1,1
model.language_model.layers.45.mlp.experts.0.down_proj,routed,TESSERA_BF16_K1_R896,r896,0,0,0.0006436450639739633,4.4876999366748117e-07,3711694,3711694,f558e65169bb2a8f2e510d558661833bec67a8cf47af8d044b5daf465f72ce85,expert_wires+checkpoint,1,1,1
model.language_model.layers.45.mlp.experts.0.down_proj,routed,TESSERA_E4M3_K1_R896,r896,1,1,0.0007077188929542899,1.038706767857372e-06,3695306,3695306,6fa7211cd7e33412e5a34f84b11d645942dab51dd9a580ae8c13eb273c5ad4f1,expert_wires+checkpoint,1,1,1
model.language_model.layers.45.mlp.experts.0.gate_proj,routed,TESSERA_BF16_K1_R896,r896,0,0,0.0017529416363686323,3.6389467355215925e-07,3707645,3707645,5687c984d503f63457ac1a4f7e0e6efde211e629e13fddef93f64f39a76bac8b,expert_wires+checkpoint,1,1,1
model.language_model.layers.45.mlp.experts.0.gate_proj,routed,TESSERA_E4M3_K1_R896,r896,1,1,0.0021191351115703583,1.72848648082417e-06,3691257,3691257,5c56ecd780039f579918d5ef58063c52a324e52693e702099217f44d9f380cd7,expert_wires+checkpoint,1,1,1
model.language_model.layers.45.mlp.experts.0.up_proj,routed,TESSERA_BF16_K1_R896,r896,0,0,0.0018667657859623432,2.809661643718784e-07,3707645,3707645,17afe9854d3927d15aca7d40e6ebb972e21294b42b8e8c44e9c9637ab6eb1418,expert_wires+checkpoint,1,1,1
model.language_model.layers.45.mlp.experts.0.up_proj,routed,TESSERA_E4M3_K1_R896,r896,1,1,0.002258834894746542,2.539268960127558e-07,3691257,3691257,e935e901a2c6be43187c1cc0f2efc3c1efe97f0fa5a28833c19859c1350059e9,expert_wires+checkpoint,1,1,1
model.language_model.layers.45.mlp.experts.1.down_proj,routed,TESSERA_BF16_K1_R896,r896,0,0,0.0005665184580720961,2.8739383082083788e-06,3711694,3711694,e6b4f6ce7b2b0f58d1e88c01ea835d7854bcbfb410f69d6b151f52ad5ca5cbd1,expert_wires+checkpoint,1,1,1
model.language_model.layers.45.mlp.experts.1.down_proj,routed,TESSERA_E4M3_K1_R896,r896,1,1,0.0006092609837651253,1.2538089533583798e-06,3695306,3695306,3520ca1339f047195a976cd9eefbd150ed25ffb2540e0b1f7152882508753dea,expert_wires+checkpoint,1,1,1
model.language_model.layers.45.mlp.experts.1.gate_proj,routed,TESSERA_BF16_K1_R896,r896,0,0,0.002297197002917528,1.0951881578511409e-06,3707645,3707645,ad4dc8b7e947178d4ade85c48f6b2e519b1179009156b3dff25df51c12fe200a,expert_wires+checkpoint,1,1,1
model.language_model.layers.45.mlp.experts.1.gate_proj,routed,TESSERA_E4M3_K1_R896,r896,1,1,0.002670138143002987,1.1571750085868027e-06,3691257,3691257,cc16b2600f48cbc5734a055950b65bcda993b85689c0a5588ad0542ecc5902fc,expert_wires+checkpoint,1,1,1
model.language_model.layers.45.mlp.experts.1.up_proj,routed,TESSERA_BF16_K1_R896,r896,0,0,0.002414595801383257,2.013640661610989e-06,3707645,3707645,934fc89f547cfce4b1348d14919bfdb0dbba3e51f3dc95a7c2e68b7fd9395542,expert_wires+checkpoint,1,1,1
model.language_model.layers.45.mlp.experts.1.up_proj,routed,TESSERA_E4M3_K1_R896,r896,1,1,0.0027988641522824764,1.6182569435849093e-06,3691257,3691257,ef8ff4afd7576518179fa6152d7ecc2d1a746303088651ca4df797f0cdeb5746,expert_wires+checkpoint,1,1,1
model.language_model.layers.45.mlp.experts.10.down_proj,routed,TESSERA_BF16_K1_R896,r896,0,0,0.00042531819781288505,1.9444906116590006e-06,3711694,3711694,d4dee9cb5c3e828d953f05ce6630d7ea79b48bf28591b52dbf9eb376c7bfac4c,expert_wires+checkpoint,1,1,1
model.language_model.layers.45.mlp.experts.10.down_proj,routed,TESSERA_E4M3_K1_R896,r896,1,1,0.0004727459163405001,3.2040467270092733e-06,3695306,3695306,f66529d75c84afc53199b0feb32692bbed0b4fdbd5f7461c01d8b24839dd2096,expert_wires+checkpoint,1,1,1
model.language_model.layers.45.mlp.experts.10.gate_proj,routed,TESSERA_BF16_K1_R896,r896,0,0,0.0017549446783959866,2.3648859563079857e-06,3707645,3707645,067a92a2b506a239e14ef88b61dd4963278984830a0eddfee329a261b26c68ec,expert_wires+checkpoint,1,1,1
model.language_model.layers.45.mlp.experts.10.gate_proj,routed,TESSERA_E4M3_K1_R896,r896,1,1,0.002061716979369521,9.462877085501003e-07,3691257,3691257,aa9e30982e39c33957fbddd02419a0cdd9b8e1824c3893618b6d0801ddb06654,expert_wires+checkpoint,1,1,1
model.language_model.layers.45.mlp.experts.10.up_proj,routed,TESSERA_BF16_K1_R896,r896,0,0,0.0019385010236874223,3.2575780539597483e-06,3707645,3707645,15e0158f4f7e9b890a83aff7bd7d57cd78ed8d54b0a284bc8f35167d979febdc,expert_wires+checkpoint,1,1,1
model.language_model.layers.45.mlp.experts.10.up_proj,routed,TESSERA_E4M3_K1_R896,r896,1,1,0.0022575189359486103,2.219016633980463e-06,3691257,3691257,a7773da41b21078cd432e29c32dab907c015e0ccecea68da2478ee8de78123f4,expert_wires+checkpoint,1,1,1
model.language_model.layers.45.mlp.experts.100.down_proj,routed,TESSERA_BF16_K1_R896,r896,0,0,0.0005898107192479074,1.6450512344961687e-06,3711694,3711694,cc2faa4e61ca4e52f15b74d81236ae2ca0170c322a3dfff1d15b8eb7a64319f3,expert_wires+checkpoint,1,1,1
model.language_model.layers.45.mlp.experts.100.down_proj,routed,TESSERA_E4M3_K1_R896,r896,1,1,0.0006437835982069373,9.048400061896982e-07,3695306,3695306,d21a116e0cf69981daba617c21c6430d1a437f082ceb7ff25832ea4ece1e0a7f,expert_wires+checkpoint,1,1,1
model.language_model.layers.45.mlp.experts.100.gate_proj,routed,TESSERA_BF16_K1_R896,r896,0,0,0.002363206585869193,1.6097080841469917e-06,3707645,3707645,2a78cc5f13386ada83c526ca92c1aa565af88f1616cab962f303ee0df179472a,expert_wires+checkpoint,1,1,1
model.language_model.layers.45.mlp.experts.100.gate_proj,routed,TESSERA_E4M3_K1_R896,r896,1,1,0.002723338780924678,2.0134640607382086e-06,3691257,3691257,cafc91a810e44ba28419aa6d937625b18f142e433ef5ea25ac6ccbf2280c7da7,expert_wires+checkpoint,1,1,1
model.language_model.layers.45.mlp.experts.100.up_proj,routed,TESSERA_BF16_K1_R896,r896,0,0,0.002562091453000903,1.01797837732645e-06,3707645,3707645,2d75d4d2673722aadcd6d77e1bf646b648c43134798c6bd23ef06e4737e630ff,expert_wires+checkpoint,1,1,1
model.language_model.layers.45.mlp.experts.100.up_proj,routed,TESSERA_E4M3_K1_R896,r896,1,1,0.0029490867163985968,3.811699160439831e-06,3691257,3691257,db4b514751065e430c214e49f90472373c2675a89795d24c1e37d7456512a165,expert_wires+checkpoint,1,1,1
model.language_model.layers.45.mlp.experts.101.down_proj,routed,TESSERA_BF16_K1_R896,r896,0,0,0.00029220679425634444,1.123885890436325e-06,3711694,3711694,7cd44518758ef249834e33e79d0742231a56c9d88d068b36e8abaf999c4f5d72,expert_wires+checkpoint,1,1,1
model.language_model.layers.45.mlp.experts.101.down_proj,routed,TESSERA_E4M3_K1_R896,r896,1,1,0.00032089761225506663,4.3229369220952275e-08,3695306,3695306,512e92fad4118ef0f3f921ba7e1bfcf0a865a247c8c62e6af225299315c2233c,expert_wires+checkpoint,1,1,1
model.language_model.layers.45.mlp.experts.101.gate_proj,routed,TESSERA_BF16_K1_R896,r896,0,0,0.0021183353383094072,2.7875220433266333e-07,3707645,3707645,698af59a271c67a5f407d99a6b2223cfdba0486aaf8291c35fcdc2e145e41281,expert_wires+checkpoint,1,1,1
model.language_model.layers.45.mlp.experts.101.gate_proj,routed,TESSERA_E4M3_K1_R896,r896,1,1,0.0025011850520968437,8.82374801287012e-07,3691257,3691257,087038835ef125bd6652a5f4017eda1d4a5457b008cacb8cb2cabee1719f10cc,expert_wires+checkpoint,1,1,1
model.language_model.layers.45.mlp.experts.101.up_proj,routed,TESSERA_BF16_K1_R896,r896,0,0,0.002185969613492489,3.2891609592993003e-07,3707645,3707645,bf6bd758987f52837e04ef39d7c4ef39aa0317a1be72f502588002449c3adf56,expert_wires+checkpoint,1,1,1
model.language_model.layers.45.mlp.experts.101.up_proj,routed,TESSERA_E4M3_K1_R896,r896,1,1,0.0025748158805072308,1.3012106715552034e-07,3691257,3691257,e59c236d5f8fab68aeb3180671e0cde11cef470c52a7bde8da20cdf46a2e1477,expert_wires+checkpoint,1,1,1
model.language_model.layers.45.mlp.experts.102.down_proj,routed,TESSERA_BF16_K1_R896,r896,0,0,0.0007109740981832147,7.376561861787665e-06,3711694,3711694,556241844ca33769f96eaa72546d36769ed7afa5f168a1145f180946fb31d000,expert_wires+checkpoint,1,1,1
model.language_model.layers.45.mlp.experts.102.down_proj,routed,TESSERA_E4M3_K1_R896,r896,1,1,0.0008052473422139883,7.265686816523822e-06,3695306,3695306,44b35fbafc874385569e477e66355d643fff1b9934746cd4b567a0af60319555,expert_wires+checkpoint,1,1,1
model.language_model.layers.45.mlp.experts.102.gate_proj,routed,TESSERA_BF16_K1_R896,r896,0,0,0.0013959724456071854,4.628224661004952e-06,3707645,3707645,463c83114e1c364464a2398efd604098c79286f4440f16594cbbcca6e5603774,expert_wires+checkpoint,1,1,1
model.language_model.layers.45.mlp.experts.102.gate_proj,routed,TESSERA_E4M3_K1_R896,r896,1,1,0.0016575749032199383,2.3696783020544433e-06,3691257,3691257,3a15658f6d10551e5deddbf82d9efc5a40b2c0b6b6bdf9535b934f2b1ec59354,expert_wires+checkpoint,1,1,1
model.language_model.layers.45.mlp.experts.102.up_proj,routed,TESSERA_BF16_K1_R896,r896,0,0,0.0015493643004447222,6.844896321573892e-06,3707645,3707645,a7dd3823ec912398079f3b6b2971dae1c3cc4eda4fb4078e2bb332f81388b26d,expert_wires+checkpoint,1,1,1
model.language_model.layers.45.mlp.experts.102.up_proj,routed,TESSERA_E4M3_K1_R896,r896,1,1,0.001830435823649168,2.6868445193897775e-06,3691257,3691257,550d0554043c2d9270725d9b8fdc7c892e30507e3b54d4445b822cf57b7d40d4,expert_wires+checkpoint,1,1,1
model.language_model.layers.45.mlp.experts.103.down_proj,routed,TESSERA_BF16_K1_R896,r896,0,0,0.0003255978226661682,4.893691367631622e-07,3711694,3711694,a7edf4d33034c86be8334ce599357dcf6d71338263e00727e3a9875ab6f940e0,expert_wires+checkpoint,1,1,1
model.language_model.layers.45.mlp.experts.103.down_proj,routed,TESSERA_E4M3_K1_R896,r896,1,1,0.00036342767998576164,7.084433008251018e-07,3695306,3695306,4fb156268fac50a6839f48c181e00191b4bfed69a8f46341568de40f8881bec6,expert_wires+checkpoint,1,1,1
model.language_model.layers.45.mlp.experts.103.gate_proj,routed,TESSERA_BF16_K1_R896,r896,0,0,0.0018649064004421234,1.184958191415411e-07,3707645,3707645,f59772af94782a04f65da4879d20b52e559b8b3355bd0ebb8aaad3351bed11a5,expert_wires+checkpoint,1,1,1
model.language_model.layers.45.mlp.experts.103.gate_proj,routed,TESSERA_E4M3_K1_R896,r896,1,1,0.0022621462121605873,4.658837082082733e-07,3691257,3691257,d772827ee738d79a89ddb94946a147618e9d35ad64d8ac9f6c80d5e5f58d3ca6,expert_wires+checkpoint,1,1,1
model.language_model.layers.45.mlp.experts.103.up_proj,routed,TESSERA_BF16_K1_R896,r896,0,0,0.0020031374879181385,2.8276895435995375e-07,3707645,3707645,33068755a93020003bb1584b42d1a8d3cf65c2eb895e0cf696e95df57b80692d,expert_wires+checkpoint,1,1,1
model.language_model.layers.45.mlp.experts.103.up_proj,routed,TESSERA_E4M3_K1_R896,r896,1,1,0.002416878705844283,2.0705680276730822e-07,3691257,3691257,42e45eb97abd59c477985e9f66894d245ab6279e33842158226e246742865885,expert_wires+checkpoint,1,1,1
model.language_model.layers.45.mlp.experts.104.down_proj,routed,TESSERA_BF16_K1_R896,r896,0,0,0.0010074006859213114,1.7830913155436006e-06,3711694,3711694,d0febca46e519f85b6054cc0931747354b97b9d9be1dcdafe931535f091311da,expert_wires+checkpoint,1,1,1
model.language_model.layers.45.mlp.experts.104.down_proj,routed,TESSERA_E4M3_K1_R896,r896,1,1,0.0011151812504976988,1.996733802721625e-06,3695306,3695306,e77aec9262015e2eec4d17a2151e119d6608f3f5097eb4610a9ee9895872d51a,expert_wires+checkpoint,1,1,1
model.language_model.layers.45.mlp.experts.104.gate_proj,routed,TESSERA_BF16_K1_R896,r896,0,0,0.0017043844563886523,8.336553215808862e-07,3707645,3707645,b544eb764f0fcec509d6c80af6d2a975b5a10afbef5d83231dd0dd0b70506c91,expert_wires+checkpoint,1,1,1
model.language_model.layers.45.mlp.experts.104.gate_proj,routed,TESSERA_E4M3_K1_R896,r896,1,1,0.002003743313252926,1.526388236067697e-06,3691257,3691257,68afc689d63fc186cd53615b002633dc75d103a3f61047b201b9be19eb30185a,expert_wires+checkpoint,1,1,1
model.language_model.layers.45.mlp.experts.104.up_proj,routed,TESSERA_BF16_K1_R896,r896,0,0,0.002061852952465415,3.9943101731233165e-07,3707645,3707645,0ca5ec289ac568e9e56146e2a7174df1eb4ac70f12691c377044fdb8bc49642c,expert_wires+checkpoint,1,1,1
model.language_model.layers.45.mlp.experts.104.up_proj,routed,TESSERA_E4M3_K1_R896,r896,1,1,0.002420049160718918,5.22741387596799e-07,3691257,3691257,7b06fcb060692ccb835e4a57982aef9fd85013aeaa9cd2693871a627318baea7,expert_wires+checkpoint,1,1,1
model.language_model.layers.45.mlp.experts.105.down_proj,routed,TESSERA_BF16_K1_R896,r896,0,0,0.00037814254756085575,6.936268365909529e-07,3711694,3711694,3a7aaa37f44d00b086c67ed77b400ed0d8b9ac03b6e1006cbf0fd087425a31d4,expert_wires+checkpoint,1,1,1
model.language_model.layers.45.mlp.experts.105.down_proj,routed,TESSERA_E4M3_K1_R896,r896,1,1,0.0004180853138677776,4.948497566044192e-07,3695306,3695306,7309a62cc6018bd6293b4739d54c4da09be620240fc768c8511a3e76f53e35d4,expert_wires+checkpoint,1,1,1
model.language_model.layers.45.mlp.experts.105.gate_proj,routed,TESSERA_BF16_K1_R896,r896,0,0,0.0012617488391697407,1.0167795705958233e-06,3707645,3707645,7e493e68f608a7595bf3cede0bf5fc3c09d7ead0bd78402cc34e5bb4fab5d195,expert_wires+checkpoint,1,1,1
model.language_model.layers.45.mlp.experts.105.gate_proj,routed,TESSERA_E4M3_K1_R896,r896,1,1,0.0015151454135775566,3.02664810842108e-07,3691257,3691257,abed78a1518a6580c2c0ed79292b76e2bdd0618b971f9f360d68b9c97df1f8d5,expert_wires+checkpoint,1,1,1
model.language_model.layers.45.mlp.experts.105.up_proj,routed,TESSERA_BF16_K1_R896,r896,0,0,0.0014629485085606575,3.8041646676582663e-07,3707645,3707645,dc7c9ff18a438b3aff149ab2f1549b73aaa3a2744e49e3f2dc69a6ba04909b43,expert_wires+checkpoint,1,1,1
model.language_model.layers.45.mlp.experts.105.up_proj,routed,TESSERA_E4M3_K1_R896,r896,1,1,0.0017490724567323923,7.948178264744356e-08,3691257,3691257,0fcdc9d40f68b9e58ab3d31640bcc93b81c1fec55cdd08a23fd09e5ad542ee43,expert_wires+checkpoint,1,1,1
model.language_model.layers.45.mlp.experts.106.down_proj,routed,TESSERA_BF16_K1_R896,r896,0,0,0.00026823164080269635,1.121646213818777e-06,3711694,3711694,0aa84b63ab80e124a2a64dd2ee6b3da7ecf379dbdbb4e7f481fead9463296a90,expert_wires+checkpoint,1,1,1
model.language_model.layers.45.mlp.experts.106.down_proj,routed,TESSERA_E4M3_K1_R896,r896,1,1,0.000296773505397141,3.193202647908243e-06,3695306,3695306,174ac3108287d55d00ea4a0222b11d2479ef914f2e9f1baa61832b9672eb891a,expert_wires+checkpoint,1,1,1
model.language_model.layers.45.mlp.experts.106.gate_proj,routed,TESSERA_BF16_K1_R896,r896,0,0,0.002209299011155963,5.478263425177279e-07,3707645,3707645,7e38e2064dc7b6b5f72b2bc33b99ab43943296953e08959951c0333d46446ed7,expert_wires+checkpoint,1,1,1
model.language_model.layers.45.mlp.experts.106.gate_proj,routed,TESSERA_E4M3_K1_R896,r896,1,1,0.002584818983450532,2.588566492673495e-07,3691257,3691257,47ba1a89188b930a90479fa2119f3db557d04bd63ab0714b5394f3b4538d4cb9,expert_wires+checkpoint,1,1,1
model.language_model.layers.45.mlp.experts.106.up_proj,routed,TESSERA_BF16_K1_R896,r896,0,0,0.0023761724587529898,3.1595012387873277e-06,3707645,3707645,70fff2f5c60c164b3168879fc0e070ece1a67ab5a05a1cd536c6f3de340027ed,expert_wires+checkpoint,1,1,1
model.language_model.layers.45.mlp.experts.106.up_proj,routed,TESSERA_E4M3_K1_R896,r896,1,1,0.002793394960463047,6.385987669073e-07,3691257,3691257,ff7c2352c808b2b4ce2a5f428892f1c6de0818f0a4aad7df6d9e5949891c2a28,expert_wires+checkpoint,1,1,1
model.language_model.layers.45.mlp.experts.107.down_proj,routed,TESSERA_BF16_K1_R896,r896,0,0,0.00045886007137596607,2.0670598571580983e-07,3711694,3711694,b955b9c38d0fb2bbb7bddb282a1bf5016be289ee8ee1407e78ea2f96e4817947,expert_wires+checkpoint,1,1,1
model.language_model.layers.45.mlp.experts.107.down_proj,routed,TESSERA_E4M3_K1_R896,r896,1,1,0.0004995533963665366,1.1225605587601084e-06,3695306,3695306,16dab9b051eaa4d43e5f5e556672f16cd40c4c55e3fbe36c227b214db4d48cf2,expert_wires+checkpoint,1,1,1
model.language_model.layers.45.mlp.experts.107.gate_proj,routed,TESSERA_BF16_K1_R896,r896,0,0,0.002071642316877842,1.5141305217658585e-06,3707645,3707645,a35fabdfd67c0d14f0c428746b34b22f580f396a3b9fc061ddb2d4d5ea103336,expert_wires+checkpoint,1,1,1
model.language_model.layers.45.mlp.experts.107.gate_proj,routed,TESSERA_E4M3_K1_R896,r896,1,1,0.00241655670106411,8.827855021098206e-08,3691257,3691257,5310474c699446fbd714e7f5b2ce56cb92bf1a75e519c2a5fb9844cde7b2b2be,expert_wires+checkpoint,1,1,1
model.language_model.layers.45.mlp.experts.107.up_proj,routed,TESSERA_BF16_K1_R896,r896,0,0,0.002257600659504533,2.5861524677252537e-07,3707645,3707645,f223295bf37c7ba3e4e41bac941b771366972d983db1b468958cf19067ac0269,expert_wires+checkpoint,1,1,1
model.language_model.layers.45.mlp.experts.107.up_proj,routed,TESSERA_E4M3_K1_R896,r896,1,1,0.002639543963596225,4.1307717953768617e-07,3691257,3691257,26ffa15a46a28f40af2c4c1660c5f090cea07b95007df0c77e5747748a312ef2,expert_wires+checkpoint,1,1,1
model.language_model.layers.45.mlp.experts.108.down_proj,routed,TESSERA_BF16_K1_R896,r896,0,0,0.000858940533362329,5.346513397622254e-07,3711694,3711694,05d1279489ef4eabc7a9052bc8531a426d24a3e75d2fe5655bdd363407baa46f,expert_wires+checkpoint,1,1,1
model.language_model.layers.45.mlp.experts.108.down_proj,routed,TESSERA_E4M3_K1_R896,r896,1,1,0.000940693833399564,1.7839247543716886e-06,3695306,3695306,ced945fbf7ff0898c8a2efd2f79124452fc664454ec53c945a35c6015262a357,expert_wires+checkpoint,1,1,1
model.language_model.layers.45.mlp.experts.108.gate_proj,routed,TESSERA_BF16_K1_R896,r896,0,0,0.0021495497785508633,4.0103615639275597e-07,3707645,3707645,da12f96eb7e1482c0adbd3e3b0a0ef61f77e169f46cf769d0d0d84c632195533,expert_wires+checkpoint,1,1,1
model.language_model.layers.45.mlp.experts.108.gate_proj,routed,TESSERA_E4M3_K1_R896,r896,1,1,0.002496098168194294,3.880397774898859e-07,3691257,3691257,e25289458e0ba69e4a23c2e9da410988512a4bf991ce2ef527fd4176e48e0aab,expert_wires+checkpoint,1,1,1
model.language_model.layers.45.mlp.experts.108.up_proj,routed,TESSERA_BF16_K1_R896,r896,0,0,0.0024678984191268682,9.528155828997408e-08,3707645,3707645,bc47a13de02efd7b81275b0dfe76576cb51a600d84c0df4cbc2b08c349f11f3a,expert_wires+checkpoint,1,1,1
model.language_model.layers.45.mlp.experts.108.up_proj,routed,TESSERA_E4M3_K1_R896,r896,1,1,0.0028493169229477644,9.393562838841681e-08,3691257,3691257,094ac013bda83a7cd1afa7c975a8133ba7aa41a92173d032d4d49f577d53470e,expert_wires+checkpoint,1,1,1
model.language_model.layers.45.mlp.experts.109.down_proj,routed,TESSERA_BF16_K1_R896,r896,0,0,0.000711531494744122,1.0442416321146285e-06,3711694,3711694,152949f1578007da72edc06921850d7e921049ce3bcb99d85132cb17fdd6939c,expert_wires+checkpoint,1,1,1
model.language_model.layers.45.mlp.experts.109.down_proj,routed,TESSERA_E4M3_K1_R896,r896,1,1,0.0007874357979744673,2.1356727564696404e-06,3695306,3695306,df5e609cfb902753f544eabf130d10672b313a52ab8cc34d452683f771499c8a,expert_wires+checkpoint,1,1,1
model.language_model.layers.45.mlp.experts.109.gate_proj,routed,TESSERA_BF16_K1_R896,r896,0,0,0.0018310371087864041,6.019067303140482e-07,3707645,3707645,ea34185d76e68abc8f2d78cf5ecb1653afaed55a58dad06a8e2c3cd8dce32bbf,expert_wires+checkpoint,1,1,1
model.language_model.layers.45.mlp.experts.109.gate_proj,routed,TESSERA_E4M3_K1_R896,r896,1,1,0.0021573372650891542,1.1134548193208744e-06,3691257,3691257,9204567d58ae1c24d2ae1d1cd137f86330c584e42ae5cc95ed28c608a980761f,expert_wires+checkpoint,1,1,1
model.language_model.layers.45.mlp.experts.109.up_proj,routed,TESSERA_BF16_K1_R896,r896,0,0,0.0019438152667135,2.5279276511198857e-06,3707645,3707645,79554d8d66acdbadfda4d8b7cdc74114c475909f2ade97989578a5ed707b63a6,expert_wires+checkpoint,1,1,1
model.language_model.layers.45.mlp.experts.109.up_proj,routed,TESSERA_E4M3_K1_R896,r896,1,1,0.002282340545207262,9.151971448911872e-07,3691257,3691257,d6575f7fd24e8cde120bda89d96f6d2107167c8ccdfc4a3ec4ab2cebc5f09440,expert_wires+checkpoint,1,1,1
model.language_model.layers.45.mlp.experts.11.down_proj,routed,TESSERA_BF16_K1_R896,r896,0,0,0.0003694780170917511,3.311634429982646e-06,3711694,3711694,097b373ca30533ca7bdb46707956fc55956ae60d8fab27ac293c973373bd163b,expert_wires+checkpoint,1,1,1
model.language_model.layers.45.mlp.experts.11.down_proj,routed,TESSERA_E4M3_K1_R896,r896,1,1,0.00041308149229735136,3.968294119267374e-06,3695306,3695306,c68e8c90366daf3022989de28e628244e77ff33e3dc69b2175287eaf0203b49f,expert_wires+checkpoint,1,1,1
model.language_model.layers.45.mlp.experts.11.gate_proj,routed,TESSERA_BF16_K1_R896,r896,0,0,0.0014692794065922499,1.6053692811857456e-07,3707645,3707645,ecca5ba078d0813a64c10f4e4645930c74df39e7cb078bbf49c9ed0aa80ab9b7,expert_wires+checkpoint,1,1,1
model.language_model.layers.45.mlp.experts.11.gate_proj,routed,TESSERA_E4M3_K1_R896,r896,1,1,0.001757327700033784,4.1511480427697043e-07,3691257,3691257,eab234bd8ab86de7377ed9c1c1974a1369db61adf848944ecc76aa6341b03c6e,expert_wires+checkpoint,1,1,1
model.language_model.layers.45.mlp.experts.11.up_proj,routed,TESSERA_BF16_K1_R896,r896,0,0,0.001582202734425664,9.532308649509213e-07,3707645,3707645,766453080567dfcde08293baafde424656ee6a1b32958b457d22ed1d0f6c8734,expert_wires+checkpoint,1,1,1
model.language_model.layers.45.mlp.experts.11.up_proj,routed,TESSERA_E4M3_K1_R896,r896,1,1,0.0018855070229619741,4.557885934772938e-07,3691257,3691257,4eee6a3535533698e15eedb2d637b19baaf91e9e31ca8eaa01c32fce820636ab,expert_wires+checkpoint,1,1,1
model.language_model.layers.45.mlp.experts.110.down_proj,routed,TESSERA_BF16_K1_R896,r896,0,0,0.0009310034802183509,8.224725593853223e-08,3711694,3711694,e9f97b80c8098c8dc0fde33f015760ef1113b1efed8d19c1692798f7b65b552e,expert_wires+checkpoint,1,1,1
model.language_model.layers.45.mlp.experts.110.down_proj,routed,TESSERA_E4M3_K1_R896,r896,1,1,0.0010238878894597292,1.3573743554591725e-06,3695306,3695306,58c4d022d20f1827f8153fd75e909b8bc973dd2fe4b9ccd623cdfd87b15aeb8d,expert_wires+checkpoint,1,1,1
model.language_model.layers.45.mlp.experts.110.gate_proj,routed,TESSERA_BF16_K1_R896,r896,0,0,0.0018929801881313324,5.371387154426211e-07,3707645,3707645,3f613f7e77b6ad7c7f8edafe1bc9efbeb02d3a36c1c372f27bfef03393cd3fb4,expert_wires+checkpoint,1,1,1
model.language_model.layers.45.mlp.experts.110.gate_proj,routed,TESSERA_E4M3_K1_R896,r896,1,1,0.0022452455013990402,1.1498470171159076e-07,3691257,3691257,8a8698763756e90a646d1b681f312bee98d314b7630108431c1a1e3e4f826431,expert_wires+checkpoint,1,1,1
model.language_model.layers.45.mlp.experts.110.up_proj,routed,TESSERA_BF16_K1_R896,r896,0,0,0.002023496897891164,5.934945276755415e-07,3707645,3707645,59840799081e07dc8819d7c9bd1ba7194fe58b8e1a7dba4b597240ef682e4087,expert_wires+checkpoint,1,1,1
model.language_model.layers.45.mlp.experts.110.up_proj,routed,TESSERA_E4M3_K1_R896,r896,1,1,0.0023995223455131054,5.845275984465454e-07,3691257,3691257,648e71ec0ae0b80b5a2a5f5dd81aa026714694c16b28c23da45a62cc64740f61,expert_wires+checkpoint,1,1,1
model.language_model.layers.45.mlp.experts.111.down_proj,routed,TESSERA_BF16_K1_R896,r896,0,0,0.00031980485073290765,7.373993280647066e-07,3711694,3711694,f97656bf96473fbc82b4c9fd4620b4d239ce19db078627bbe876bd58030a18db,expert_wires+checkpoint,1,1,1
model.language_model.layers.45.mlp.experts.111.down_proj,routed,TESSERA_E4M3_K1_R896,r896,1,1,0.0003604731464292854,4.861479774189698e-07,3695306,3695306,8a8796c1c4d6dc2a50b8f3f34735144f7ec0228a7c849a93a051d2771743dd4b,expert_wires+checkpoint,1,1,1
model.language_model.layers.45.mlp.experts.111.gate_proj,routed,TESSERA_BF16_K1_R896,r896,0,0,0.0019489391706883907,4.756978774868307e-08,3707645,3707645,2b13749697fd97edc631db53adfe519230e9e141c818d1b0d08ac4629178b07d,expert_wires+checkpoint,1,1,1
model.language_model.layers.45.mlp.experts.111.gate_proj,routed,TESSERA_E4M3_K1_R896,r896,1,1,0.0022793239913880825,4.845892629503228e-08,3691257,3691257,c70efa4fe2e04be89391dc95e19e404bbd72d74ce55d5c944e4a391892b860b0,expert_wires+checkpoint,1,1,1
model.language_model.layers.45.mlp.experts.111.up_proj,routed,TESSERA_BF16_K1_R896,r896,0,0,0.002170426305383444,2.6247049932777534e-07,3707645,3707645,4a1778c629d5b5d0e98691990fab59e130a593d52ecc7f714c1b5e5e96918abe,expert_wires+checkpoint,1,1,1
model.language_model.layers.45.mlp.experts.111.up_proj,routed,TESSERA_E4M3_K1_R896,r896,1,1,0.0025318991392850876,1.4711470616131499e-07,3691257,3691257,09dacd8f6b9b4f6c080ea9974780cec77af359ed7c15e7c938d1202cef53c014,expert_wires+checkpoint,1,1,1
model.language_model.layers.45.mlp.experts.112.down_proj,routed,TESSERA_BF16_K1_R896,r896,0,0,0.0006714421324431896,9.056489314686608e-07,3711694,3711694,bbb920899ca5e6e862137884323b78843ec7190472a4c7923cf3dfd99bcc063b,expert_wires+checkpoint,1,1,1
model.language_model.layers.45.mlp.experts.112.down_proj,routed,TESSERA_E4M3_K1_R896,r896,1,1,0.0007257817196659744,3.4920297077918185e-07,3695306,3695306,8e03783ce52f8bcae449646988a4266a999912a27c4c25712ba0bb6ff6e91340,expert_wires+checkpoint,1,1,1
model.language_model.layers.45.mlp.experts.112.gate_proj,routed,TESSERA_BF16_K1_R896,r896,0,0,0.0023214840330183506,8.837969919389641e-07,3707645,3707645,67d8c58e1f37c1a735a6b0607440a92c74f5e30558b4078a17dc93dd43e41ae5,expert_wires+checkpoint,1,1,1
model.language_model.layers.45.mlp.experts.112.gate_proj,routed,TESSERA_E4M3_K1_R896,r896,1,1,0.0026948745362460613,1.4674713933261185e-06,3691257,3691257,53a44df05b2988b983a7b35aaa74aa3f9e84f0b43a02b54b26f0280afb384990,expert_wires+checkpoint,1,1,1
model.language_model.layers.45.mlp.experts.112.up_proj,routed,TESSERA_BF16_K1_R896,r896,0,0,0.0025163982063531876,4.1398376600626503e-07,3707645,3707645,87ac59630baa44ca454ce38198805fdcc4569394580306dd42a91a005813eefe,expert_wires+checkpoint,1,1,1
model.language_model.layers.45.mlp.experts.112.up_proj,routed,TESSERA_E4M3_K1_R896,r896,1,1,0.0029337271116673946,1.2931655392804234e-06,3691257,3691257,512b74577c1d6885766fe3150927ad63bce86b4f9d2b5cb656c111e90aa218e7,expert_wires+checkpoint,1,1,1
model.language_model.layers.45.mlp.experts.113.down_proj,routed,TESSERA_BF16_K1_R896,r896,0,0,0.0008120895945467055,2.953321259634289e-06,3711694,3711694,a4f4a0c147a97d9b8f14c0f04c312e37e4c1eef3e20a3c6398122ee22b0256e2,expert_wires+checkpoint,1,1,1
model.language_model.layers.45.mlp.experts.113.down_proj,routed,TESSERA_E4M3_K1_R896,r896,1,1,0.0008717647870071232,2.671029168969836e-06,3695306,3695306,08ed84e123976b2fb814a98ed6296e8d9b41752c22e30f76eec83ff545642299,expert_wires+checkpoint,1,1,1
model.language_model.layers.45.mlp.experts.113.gate_proj,routed,TESSERA_BF16_K1_R896,r896,0,0,0.002625452121719718,3.1872709826169982e-06,3707645,3707645,8489d55f3d3def214e037b471ee49200394f8d319790ba45439f73ecf7f30680,expert_wires+checkpoint,1,1,1
model.language_model.layers.45.mlp.experts.113.gate_proj,routed,TESSERA_E4M3_K1_R896,r896,1,1,0.002977575408294797,2.324038717675821e-06,3691257,3691257,059277bceaba09fc5a7b12c9a02d03c1949255e288e9beff830414baa9846cd0,expert_wires+checkpoint,1,1,1
model.language_model.layers.45.mlp.experts.113.up_proj,routed,TESSERA_BF16_K1_R896,r896,0,0,0.0028652113396674395,3.2654704619894105e-06,3707645,3707645,88d1f096e1d8911d2b0944a154f3130985daf5194cc288b31a1bc8b2cdac503f,expert_wires+checkpoint,1,1,1
model.language_model.layers.45.mlp.experts.113.up_proj,routed,TESSERA_E4M3_K1_R896,r896,1,1,0.0032689382787793875,9.805862044909123e-07,3691257,3691257,1f3374050d067466d783caa46f73343f54fa7d4e636e19ac2d185fecb6095ed0,expert_wires+checkpoint,1,1,1
model.language_model.layers.45.mlp.experts.114.down_proj,routed,TESSERA_BF16_K1_R896,r896,0,0,0.000387010833946988,4.388300888077043e-06,3711694,3711694,6acd75e2efbd21506c7a6142c7ada1ef573fdeef09e7bab53856d3e67e59a623,expert_wires+checkpoint,1,1,1
model.language_model.layers.45.mlp.experts.114.down_proj,routed,TESSERA_E4M3_K1_R896,r896,1,1,0.00042822715477086604,6.591235758889895e-06,3695306,3695306,2a4691de5e6754a96c166e4dac0c853b6763ef72c6f2263a530f8be47ee07d09,expert_wires+checkpoint,1,1,1
model.language_model.layers.45.mlp.experts.114.gate_proj,routed,TESSERA_BF16_K1_R896,r896,0,0,0.001802133279852569,1.0059162738311939e-06,3707645,3707645,bcc4cb595cb9f2cf10bfe2a32963125e7f843393ab31ae7a5f439fa0ea94e2d5,expert_wires+checkpoint,1,1,1
model.language_model.layers.45.mlp.experts.114.gate_proj,routed,TESSERA_E4M3_K1_R896,r896,1,1,0.002136700553819537,1.1239846732444304e-06,3691257,3691257,1035d3e55d423ea0680a1706cf988d0674c79f5f9751fcaa9efde978932a746f,expert_wires+checkpoint,1,1,1
model.language_model.layers.45.mlp.experts.114.up_proj,routed,TESSERA_BF16_K1_R896,r896,0,0,0.0018000206910073757,1.6219507938290703e-06,3707645,3707645,364f93e11fe06016722795ddfd8e7f8a1b792e6f4cca077dfc002e34392e7ae8,expert_wires+checkpoint,1,1,1
model.language_model.layers.45.mlp.experts.114.up_proj,routed,TESSERA_E4M3_K1_R896,r896,1,1,0.0021344763226807117,6.283758271614051e-07,3691257,3691257,dcab068b8e99b63986a6b2efa690f3aa733e12ca84664bc69ceb7963b42a324a,expert_wires+checkpoint,1,1,1
model.language_model.layers.45.mlp.experts.115.down_proj,routed,TESSERA_BF16_K1_R896,r896,0,0,0.0007006121450103819,4.517546886348686e-07,3711694,3711694,1ecaa6eefc7912c28b8fdcd7ae2dca29adeaa21b8217d6e50f71fbb8e4cb5df2,expert_wires+checkpoint,1,1,1
model.language_model.layers.45.mlp.experts.115.down_proj,routed,TESSERA_E4M3_K1_R896,r896,1,1,0.0007753826794214547,1.0303608430901571e-07,3695306,3695306,04a9c2bfce24d8fd0986d7fba68477986d66de7b72ab9a9646d060a9c0a286b4,expert_wires+checkpoint,1,1,1
model.language_model.layers.45.mlp.experts.115.gate_proj,routed,TESSERA_BF16_K1_R896,r896,0,0,0.0016372628742828965,2.705139802578619e-07,3707645,3707645,eaa9513df7473df274a4fbcaa4152748a3ad05a1ee34344a2894404fa17c17e7,expert_wires+checkpoint,1,1,1
model.language_model.layers.45.mlp.experts.115.gate_proj,routed,TESSERA_E4M3_K1_R896,r896,1,1,0.0019792879465967417,7.844119283712167e-07,3691257,3691257,8183dfde66cf7988e0fc1c35e69add14b46ec37fd5f42bd8498ad0bd678633a7,expert_wires+checkpoint,1,1,1
model.language_model.layers.45.mlp.experts.115.up_proj,routed,TESSERA_BF16_K1_R896,r896,0,0,0.0017898082733154297,6.773702661914464e-07,3707645,3707645,5c0a4db36e4678721917418bc61a9c891da97d65464746daf211394a1fe58cb6,expert_wires+checkpoint,1,1,1
model.language_model.layers.45.mlp.experts.115.up_proj,routed,TESSERA_E4M3_K1_R896,r896,1,1,0.0021659918129444122,4.784183374924551e-07,3691257,3691257,9c77bbef5d379078933901d9d924a7a9499f29b814fe2c51949bea90b7a0cea9,expert_wires+checkpoint,1,1,1
model.language_model.layers.45.mlp.experts.116.down_proj,routed,TESSERA_BF16_K1_R896,r896,0,0,0.0006846231408417225,5.646092931547514e-07,3711694,3711694,409b6bcb6e8ae1c0a6ce6680d58ce0b3c61c388f954d234f534d0ebb41c7ff21,expert_wires+checkpoint,1,1,1
model.language_model.layers.45.mlp.experts.116.down_proj,routed,TESSERA_E4M3_K1_R896,r896,1,1,0.0007721040165051818,5.882968104500689e-07,3695306,3695306,f3bdc1f2e323b7c8f7d12e06800e9260fd46d55a69c12e6e3859103d3f1a7eef,expert_wires+checkpoint,1,1,1
model.language_model.layers.45.mlp.experts.116.gate_proj,routed,TESSERA_BF16_K1_R896,r896,0,0,0.0011118513066321611,5.107516863507747e-07,3707645,3707645,921b1973920d717acd89a0ebda37e11b50ecd87cfc8c48cc5ea1c7cb0d7d4764,expert_wires+checkpoint,1,1,1
model.language_model.layers.45.mlp.experts.116.gate_proj,routed,TESSERA_E4M3_K1_R896,r896,1,1,0.0013640160905197263,1.2683628296514468e-07,3691257,3691257,1c80d0f2da17fb9ceb917ceaf78d233c7efbac1f5b872dce60287a594ba7820d,expert_wires+checkpoint,1,1,1
model.language_model.layers.45.mlp.experts.116.up_proj,routed,TESSERA_BF16_K1_R896,r896,0,0,0.0013624511193484068,5.380653032032803e-07,3707645,3707645,8c05b3a2fcd9fbbafa300db081f87d32f49b3c90ebf46b3515ca5ffdd8a6fe9c,expert_wires+checkpoint,1,1,1
model.language_model.layers.45.mlp.experts.116.up_proj,routed,TESSERA_E4M3_K1_R896,r896,1,1,0.0016639882232993841,2.561861979917109e-07,3691257,3691257,ea5eb7a53cb78143737c36ab249f36d95bdd666714194ac93b607c11145e90fc,expert_wires+checkpoint,1,1,1
model.language_model.layers.45.mlp.experts.117.down_proj,routed,TESSERA_BF16_K1_R896,r896,0,0,0.0005739607149735093,2.7417877901308926e-07,3711694,3711694,94f2bde31570c7044afb48f849f52a223042f727a126c8599bb08c0ef2dd3634,expert_wires+checkpoint,1,1,1
model.language_model.layers.45.mlp.experts.117.down_proj,routed,TESSERA_E4M3_K1_R896,r896,1,1,0.0006261597736738622,8.028283674121579e-07,3695306,3695306,a1576527ffa8f83cb25d9e9e6bdfb628fbf5903cd5b242a3316d45a7cfe991f2,expert_wires+checkpoint,1,1,1
model.language_model.layers.45.mlp.experts.117.gate_proj,routed,TESSERA_BF16_K1_R896,r896,0,0,0.0021524245385080576,6.732809976903483e-07,3707645,3707645,54f93a8a1831548be2cd6fb380588a82dc7c47c3ca25cd77cba247bc1277ffb4,expert_wires+checkpoint,1,1,1
model.language_model.layers.45.mlp.experts.117.gate_proj,routed,TESSERA_E4M3_K1_R896,r896,1,1,0.002546330913901329,2.3483476655537412e-07,3691257,3691257,a4c1202498dc5ad38fe23ab202274cabcf73b07461837d6fbae5c20ee54f3485,expert_wires+checkpoint,1,1,1
model.language_model.layers.45.mlp.experts.117.up_proj,routed,TESSERA_BF16_K1_R896,r896,0,0,0.0023836931213736534,1.7780538647123288e-07,3707645,3707645,2959e98c5f917c029675c56e5f182051c2dd708596d166263232a264174c1db4,expert_wires+checkpoint,1,1,1
model.language_model.layers.45.mlp.experts.117.up_proj,routed,TESSERA_E4M3_K1_R896,r896,1,1,0.00278882822021842,1.860663989510011e-07,3691257,3691257,5a6dbb592afca205f271751f2f66c360b2a6dbbce23c5b48251e27869068e569,expert_wires+checkpoint,1,1,1
model.language_model.layers.45.mlp.experts.118.down_proj,routed,TESSERA_BF16_K1_R896,r896,0,0,0.00024184354697354138,7.969660944875702e-07,3711694,3711694,2832fabedf25b059885511b7de569e01c58bee1dce780677955b921859ab989e,expert_wires+checkpoint,1,1,1
model.language_model.layers.45.mlp.experts.118.down_proj,routed,TESSERA_E4M3_K1_R896,r896,1,1,0.0002662466140463948,2.800579193653977e-06,3695306,3695306,f2506047e94a71ec8728b505e2dd8e73df5f101882055185882af5f0df1b6a13,expert_wires+checkpoint,1,1,1
model.language_model.layers.45.mlp.experts.118.gate_proj,routed,TESSERA_BF16_K1_R896,r896,0,0,0.001956743886694312,1.0436971813256922e-07,3707645,3707645,af68bfbc4dc6185933ae6432788f3a2b8afb285de088e012f31d35d365f859c7,expert_wires+checkpoint,1,1,1
model.language_model.layers.45.mlp.experts.118.gate_proj,routed,TESSERA_E4M3_K1_R896,r896,1,1,0.0022531424183398485,1.0686043946978032e-06,3691257,3691257,3399f25832a81a33d50005420bf4d096775fc5f4592b224f388eb38dcc1a0f53,expert_wires+checkpoint,1,1,1
model.language_model.layers.45.mlp.experts.118.up_proj,routed,TESSERA_BF16_K1_R896,r896,0,0,0.002287614159286022,3.8156290307994983e-07,3707645,3707645,0bf1c6fc8b498669ba1af298e0fb1d988baf0b0223fece50e557443e2fb13612,expert_wires+checkpoint,1,1,1
model.language_model.layers.45.mlp.experts.118.up_proj,routed,TESSERA_E4M3_K1_R896,r896,1,1,0.002622299361974001,4.798435801578472e-07,3691257,3691257,56c7f7162acd28e04691e11099e730bc061e04be36c290413b0d0a2dbb6cc156,expert_wires+checkpoint,1,1,1
model.language_model.layers.45.mlp.experts.119.down_proj,routed,TESSERA_BF16_K1_R896,r896,0,0,0.0011825317051261663,9.280427145240533e-07,3711694,3711694,3f9cc3ebfa514f143b19f4941f51d05a23cb90429750a24562ad316da214c73e,expert_wires+checkpoint,1,1,1
model.language_model.layers.45.mlp.experts.119.down_proj,routed,TESSERA_E4M3_K1_R896,r896,1,1,0.0013137004571035504,1.2339065621591128e-06,3695306,3695306,ffb0ba80f5aa5c46c1a82b23e876e9ef3957d8f9031d9a97de45b117d923b9fc,expert_wires+checkpoint,1,1,1
model.language_model.layers.45.mlp.experts.119.gate_proj,routed,TESSERA_BF16_K1_R896,r896,0,0,0.0022016719449311495,1.5557525819541947e-07,3707645,3707645,c49c5e34d8c6542ba2c96031086f00387d1a0223b49a37c498cc4a104ce18ba1,expert_wires+checkpoint,1,1,1
model.language_model.layers.45.mlp.experts.119.gate_proj,routed,TESSERA_E4M3_K1_R896,r896,1,1,0.00257077906280756,1.751276674546178e-07,3691257,3691257,be4f5944580f1d55d8754870204db9390617bdbef862c508022a25fcc9a48589,expert_wires+checkpoint,1,1,1
model.language_model.layers.45.mlp.experts.119.up_proj,routed,TESSERA_BF16_K1_R896,r896,0,0,0.0029007871635258198,5.888016907216307e-07,3707645,3707645,a582eaab4a4b9d2218ae79c23cee9fc721cc48c84cf9dba883554106d348f04c,expert_wires+checkpoint,1,1,1
model.language_model.layers.45.mlp.experts.119.up_proj,routed,TESSERA_E4M3_K1_R896,r896,1,1,0.003375681582838297,4.526319660364013e-07,3691257,3691257,89a46201e636dce0bc91a3c2d1c1ee10553ce745d1ced081a17eae815d4d78ed,expert_wires+checkpoint,1,1,1
model.language_model.layers.45.mlp.experts.12.down_proj,routed,TESSERA_BF16_K1_R896,r896,0,0,0.00031941337510943413,4.070537849073045e-06,3711694,3711694,861c733a2d967bab5cbc05084bf8bdb7536aeaacda435e70d73947c3ebe7ed34,expert_wires+checkpoint,1,1,1
model.language_model.layers.45.mlp.experts.12.down_proj,routed,TESSERA_E4M3_K1_R896,r896,1,1,0.0003526757063809782,6.246934356115653e-07,3695306,3695306,c0b0cc071798f8257157e59f8a3ab1ffef550cc49de2f2a34af7f107ab1450bd,expert_wires+checkpoint,1,1,1
model.language_model.layers.45.mlp.experts.12.gate_proj,routed,TESSERA_BF16_K1_R896,r896,0,0,0.002047216985374689,1.1678282268921232e-06,3707645,3707645,57178252101dfeea7bb7652d89d21bc6c84411df51848b3093509cd185e07469,expert_wires+checkpoint,1,1,1
model.language_model.layers.45.mlp.experts.12.gate_proj,routed,TESSERA_E4M3_K1_R896,r896,1,1,0.002369887661188841,8.947564380505926e-07,3691257,3691257,54d29726f9fc2c3b0c54910c3f2a4484079fa085aaba6a73dfbf45fc94c333ec,expert_wires+checkpoint,1,1,1
model.language_model.layers.45.mlp.experts.12.up_proj,routed,TESSERA_BF16_K1_R896,r896,0,0,0.002175836358219385,3.2199720030032656e-06,3707645,3707645,93d01c1e98e5c45a5edf6472c9f0be32d44e66f79ab1054f762d01fcba299362,expert_wires+checkpoint,1,1,1
model.language_model.layers.45.mlp.experts.12.up_proj,routed,TESSERA_E4M3_K1_R896,r896,1,1,0.0025060027837753296,2.6219370688251114e-06,3691257,3691257,3df0499cee546eeabc9aa5b56d3cb6a6b9955f6c11770a88303ad7a103d2233f,expert_wires+checkpoint,1,1,1
model.language_model.layers.45.mlp.experts.120.down_proj,routed,TESSERA_BF16_K1_R896,r896,0,0,0.0002994737878907472,3.417740849137935e-07,3711694,3711694,dbcaea46c4cca2b37b76aca1ce1437c07125e64921b5580f49517f983d7474c7,expert_wires+checkpoint,1,1,1
model.language_model.layers.45.mlp.experts.120.down_proj,routed,TESSERA_E4M3_K1_R896,r896,1,1,0.0003262408426962793,1.737354302924095e-06,3695306,3695306,9f12c2167dfdd5ce5cdef258958a8b700537f1805e6c2aa5b5e589aec12d170e,expert_wires+checkpoint,1,1,1
model.language_model.layers.45.mlp.experts.120.gate_proj,routed,TESSERA_BF16_K1_R896,r896,0,0,0.00208543729968369,2.2317481086809372e-07,3707645,3707645,7299df3a7b5a39f27908b53e789a0146be475d1e5d565d524f6c249ab5a545bd,expert_wires+checkpoint,1,1,1
model.language_model.layers.45.mlp.experts.120.gate_proj,routed,TESSERA_E4M3_K1_R896,r896,1,1,0.002389323664829135,1.94921339247687e-06,3691257,3691257,56c153f3309a1880524f7fbe33ee7697ea74033a044476d42ed2d00386d887a1,expert_wires+checkpoint,1,1,1
model.language_model.layers.45.mlp.experts.120.up_proj,routed,TESSERA_BF16_K1_R896,r896,0,0,0.002311057411134243,1.0111752515542457e-06,3707645,3707645,af5d541d1faa8e196a5ee7f0e5f2c298c5d592d01cbdc53e9cdfb90054b05733,expert_wires+checkpoint,1,1,1
model.language_model.layers.45.mlp.experts.120.up_proj,routed,TESSERA_E4M3_K1_R896,r896,1,1,0.0026536141522228718,4.6318212509777145e-07,3691257,3691257,5424625478ac662db6e2675472152dd1c9dbb3277feb55b7ea4deb6ffec43d46,expert_wires+checkpoint,1,1,1
model.language_model.layers.45.mlp.experts.121.down_proj,routed,TESSERA_BF16_K1_R896,r896,0,0,0.0016630594618618488,4.74484322654502e-06,3711694,3711694,039d712e9d11bc65458377ad95a348b985d4c4fc10f24eaf5f98013e71dfe3cb,expert_wires+checkpoint,1,1,1
model.language_model.layers.45.mlp.experts.121.down_proj,routed,TESSERA_E4M3_K1_R896,r896,1,1,0.001822704914957285,4.540569956579368e-06,3695306,3695306,54cc187c3927c38e0a7be09d427f3694ac02a87430ef730e5d1d07658456c053,expert_wires+checkpoint,1,1,1
model.language_model.layers.45.mlp.experts.121.gate_proj,routed,TESSERA_BF16_K1_R896,r896,0,0,0.0022025546059012413,1.6606638965774087e-06,3707645,3707645,a60c19b06876e71923c524bf04f77a1c91f9941d4b9f1f8c602f2b4b73aba166,expert_wires+checkpoint,1,1,1
model.language_model.layers.45.mlp.experts.121.gate_proj,routed,TESSERA_E4M3_K1_R896,r896,1,1,0.0025384824257344007,1.5964651156638806e-06,3691257,3691257,78d6b23e952f03bad6a407a6700204bc66c374446cf1f76b218e05240f2506e5,expert_wires+checkpoint,1,1,1
model.language_model.layers.45.mlp.experts.121.up_proj,routed,TESSERA_BF16_K1_R896,r896,0,0,0.002430578228086233,2.2669332974262247e-06,3707645,3707645,03bc8fc9b3e33746e061f56e02a27513549bcb79d24e96043a5c3f720979a7e9,expert_wires+checkpoint,1,1,1
model.language_model.layers.45.mlp.experts.121.up_proj,routed,TESSERA_E4M3_K1_R896,r896,1,1,0.0027936920523643494,2.2242960407100174e-06,3691257,3691257,9690d5614d55aac7bc8b7840cb798a81257aef1d8c3b5393e053db0f97476a71,expert_wires+checkpoint,1,1,1
model.language_model.layers.45.mlp.experts.122.down_proj,routed,TESSERA_BF16_K1_R896,r896,0,0,0.0019783282186836004,2.6144395400038614e-06,3711694,3711694,ecc0fb29d1ae6d163b95ef6f60368e049d021f14b6614d2dbca5e71032dfdd57,expert_wires+checkpoint,1,1,1
model.language_model.layers.45.mlp.experts.122.down_proj,routed,TESSERA_E4M3_K1_R896,r896,1,1,0.002271618228405714,1.4352313325407867e-06,3695306,3695306,10e658552dfc33877c79683bd82ee7eb806261637f101b6ea3bd9540e61298c7,expert_wires+checkpoint,1,1,1
model.language_model.layers.45.mlp.experts.122.gate_proj,routed,TESSERA_BF16_K1_R896,r896,0,0,0.0017165301833301783,7.655787454328621e-07,3707645,3707645,84cdefda0d9ee04f8857a8bcc87d2d4057c96e53e916f9f3677242ea26a57dc3,expert_wires+checkpoint,1,1,1
model.language_model.layers.45.mlp.experts.122.gate_proj,routed,TESSERA_E4M3_K1_R896,r896,1,1,0.0020228454377502203,3.5831049642080654e-06,3691257,3691257,6874103888b62b7b20f277678cf0324a97ab1b0446a3a626950d2af66292520d,expert_wires+checkpoint,1,1,1
model.language_model.layers.45.mlp.experts.122.up_proj,routed,TESSERA_BF16_K1_R896,r896,0,0,0.0018867792095988989,2.074314771829054e-06,3707645,3707645,eda74cdbc5f324247a2b55c4ed98deb5302ad4cc54d8b00e11dfe2db9681aa6c,expert_wires+checkpoint,1,1,1
model.language_model.layers.45.mlp.experts.122.up_proj,routed,TESSERA_E4M3_K1_R896,r896,1,1,0.0022220846731215715,6.450871293404603e-07,3691257,3691257,949008b99332c086a676cad7ca069449632744740fd1a142b91e1de2485cd605,expert_wires+checkpoint,1,1,1
model.language_model.layers.45.mlp.experts.123.down_proj,routed,TESSERA_BF16_K1_R896,r896,0,0,0.00040242515387944877,1.5028618330454014e-06,3711694,3711694,abb12f4bef35f65f42725d6306fde6ff62b889ec24037bb65dc75e10ea445f3f,expert_wires+checkpoint,1,1,1
model.language_model.layers.45.mlp.experts.123.down_proj,routed,TESSERA_E4M3_K1_R896,r896,1,1,0.00042729623964987695,5.655299976222175e-07,3695306,3695306,81bd0dca3204b5cb511b319b676f461170645349e22a40691bbc509b01fc26d3,expert_wires+checkpoint,1,1,1
model.language_model.layers.45.mlp.experts.123.gate_proj,routed,TESSERA_BF16_K1_R896,r896,0,0,0.0023562833666801453,7.974982161179937e-07,3707645,3707645,f088a1a6820d8dd440fe91a06ea08daf7c5e890101de21a7cccaeacdbdbfd617,expert_wires+checkpoint,1,1,1
model.language_model.layers.45.mlp.experts.123.gate_proj,routed,TESSERA_E4M3_K1_R896,r896,1,1,0.00273344200104475,4.0623247360250584e-07,3691257,3691257,cc57a7ba3b0a47579fc942a4143fb55ecd460d60852559e515ad613e36654b0a,expert_wires+checkpoint,1,1,1
model.language_model.layers.45.mlp.experts.123.up_proj,routed,TESSERA_BF16_K1_R896,r896,0,0,0.002573966048657894,1.8036070491506825e-06,3707645,3707645,f640955c34a89e133abf3b92fed3700f27c7857730fe54fe54e01b0fff3b9f97,expert_wires+checkpoint,1,1,1
model.language_model.layers.45.mlp.experts.123.up_proj,routed,TESSERA_E4M3_K1_R896,r896,1,1,0.0029834979213774204,2.803878352812769e-07,3691257,3691257,d49fccb000754b873153cb06e268a9ac8d476c5325bc33ab324e171d59410b5f,expert_wires+checkpoint,1,1,1
model.language_model.layers.45.mlp.experts.124.down_proj,routed,TESSERA_BF16_K1_R896,r896,0,0,0.0004550542507786304,2.0481393609812457e-06,3711694,3711694,6e84ee6be1183b2e6c85c83609f9d4a79ca3dc13343cece1cfa2901d81f56020,expert_wires+checkpoint,1,1,1
model.language_model.layers.45.mlp.experts.124.down_proj,routed,TESSERA_E4M3_K1_R896,r896,1,1,0.0005019033560529351,8.712008915892182e-07,3695306,3695306,1bbc1a2dc91fb3d0ee2067795c3d89f48326e880c5bcba7fec3c883c396fab2c,expert_wires+checkpoint,1,1,1
model.language_model.layers.45.mlp.experts.124.gate_proj,routed,TESSERA_BF16_K1_R896,r896,0,0,0.0018320406088605523,1.249948533283963e-07,3707645,3707645,fc6f4ccb6a74895c8c164f4392ba228293fd78949bd59814ca5364693e15742a,expert_wires+checkpoint,1,1,1
model.language_model.layers.45.mlp.experts.124.gate_proj,routed,TESSERA_E4M3_K1_R896,r896,1,1,0.0021401040721684694,8.068185188191473e-07,3691257,3691257,f9c9fe712ab1ef3e78348dc47fe9b7c714adb9be52adbd9405b32895dbfb1519,expert_wires+checkpoint,1,1,1
model.language_model.layers.45.mlp.experts.124.up_proj,routed,TESSERA_BF16_K1_R896,r896,0,0,0.00205396581441164,1.838310902746561e-07,3707645,3707645,3b6467324f6bde7656b87d7c043581b2e9b1c1eec65a921b4f17aa88ca6f84ff,expert_wires+checkpoint,1,1,1
model.language_model.layers.45.mlp.experts.124.up_proj,routed,TESSERA_E4M3_K1_R896,r896,1,1,0.002397516742348671,1.1845952985830373e-06,3691257,3691257,d906a85c14772502e09236388d34b037ed343193345b9137a31c828d2be42272,expert_wires+checkpoint,1,1,1
model.language_model.layers.45.mlp.experts.125.down_proj,routed,TESSERA_BF16_K1_R896,r896,0,0,0.0005332923610694706,7.813526642582647e-06,3711694,3711694,18892e4cfc9900a2f7918d6a2c1a9ab298cda014edfef266d8b11b97d1b253a8,expert_wires+checkpoint,1,1,1
model.language_model.layers.45.mlp.experts.125.down_proj,routed,TESSERA_E4M3_K1_R896,r896,1,1,0.0005955466185696423,8.978477581875752e-06,3695306,3695306,1433ae3ffc9b3833ec5c2799c6b0ee0d7c89d2d5f5c10f2a0f2a79a6e63b5ffc,expert_wires+checkpoint,1,1,1
model.language_model.layers.45.mlp.experts.125.gate_proj,routed,TESSERA_BF16_K1_R896,r896,0,0,0.0020939705427736044,2.9787095561728145e-06,3707645,3707645,e059fcd7b2f0210ba136fb5a92d54908abd3cf91238fd705dedd9e65d5ceeaee,expert_wires+checkpoint,1,1,1
model.language_model.layers.45.mlp.experts.125.gate_proj,routed,TESSERA_E4M3_K1_R896,r896,1,1,0.0024184552021324635,6.136809691367345e-06,3691257,3691257,cccefc49ff1bc3b16b704c964142a34e95baa89a3a6b16544a514ce109a8a4c1,expert_wires+checkpoint,1,1,1
model.language_model.layers.45.mlp.experts.125.up_proj,routed,TESSERA_BF16_K1_R896,r896,0,0,0.0023027141578495502,3.077354488094951e-06,3707645,3707645,0d6cf051f35b84aaeda531ea73d5b0bb1ab451572c4df42b681d299f7402adf7,expert_wires+checkpoint,1,1,1
model.language_model.layers.45.mlp.experts.125.up_proj,routed,TESSERA_E4M3_K1_R896,r896,1,1,0.0026532630436122417,2.6260893272759266e-06,3691257,3691257,33780f8c4cb4247653b80febf2d845190dff1f4433ef52e8e90aed984beaaa7a,expert_wires+checkpoint,1,1,1
model.language_model.layers.45.mlp.experts.126.down_proj,routed,TESSERA_BF16_K1_R896,r896,0,0,0.0003424197784624994,2.1743889263608345e-06,3711694,3711694,3db94a3112b67f0b30d3ab957018c4105cc99e9367825902e4438966cc52ef17,expert_wires+checkpoint,1,1,1
model.language_model.layers.45.mlp.experts.126.down_proj,routed,TESSERA_E4M3_K1_R896,r896,1,1,0.000377173739252612,4.0046089129612344e-07,3695306,3695306,6b58a53b0c5d7c40b91ef9cbbca3018364f4072987a9ab93e7b802e78559e2cd,expert_wires+checkpoint,1,1,1
model.language_model.layers.45.mlp.experts.126.gate_proj,routed,TESSERA_BF16_K1_R896,r896,0,0,0.0016130697913467884,1.0421294040212623e-06,3707645,3707645,d7262c46f9bcd30bc039e079e9de5481b51c09832604e37ab7126e75386e12b6,expert_wires+checkpoint,1,1,1
model.language_model.layers.45.mlp.experts.126.gate_proj,routed,TESSERA_E4M3_K1_R896,r896,1,1,0.0019304744200780988,1.1831092759486894e-06,3691257,3691257,fc5506e2ad2b021d12f1e2068c4deb5ed234eefb1cfa7cc940e56c6096cab520,expert_wires+checkpoint,1,1,1
model.language_model.layers.45.mlp.experts.126.up_proj,routed,TESSERA_BF16_K1_R896,r896,0,0,0.0016793054528534412,1.0476214090938652e-06,3707645,3707645,73fb5b6cf203116d7a5c11672e88fe0eb4c8aedda1a192fee09d402ae4324d2d,expert_wires+checkpoint,1,1,1
model.language_model.layers.45.mlp.experts.126.up_proj,routed,TESSERA_E4M3_K1_R896,r896,1,1,0.001998616848140955,3.586491314469652e-07,3691257,3691257,4250012af38c75bb054ab57e68bb451b33a6026fb55fe8f952670e7bcd92d9f1,expert_wires+checkpoint,1,1,1
model.language_model.layers.45.mlp.experts.127.down_proj,routed,TESSERA_BF16_K1_R896,r896,0,0,0.0005922751734033227,2.0412206496249916e-06,3711694,3711694,d2fe51c4e7571d134e9cb776e4ae6d6acc5cfec08095b815ffbebbe4097601b4,expert_wires+checkpoint,1,1,1
model.language_model.layers.45.mlp.experts.127.down_proj,routed,TESSERA_E4M3_K1_R896,r896,1,1,0.0007046700920909643,1.6539107598077701e-06,3695306,3695306,1a130d7663eea9c85dad6786f6f871d28d9b1a4da1032cabefe504fb11f91c66,expert_wires+checkpoint,1,1,1
model.language_model.layers.45.mlp.experts.127.gate_proj,routed,TESSERA_BF16_K1_R896,r896,0,0,0.001016840455122292,1.3038670907407381e-06,3707645,3707645,78a6fb366147824e2497eb500f2b5d7755dd6e430b55a26b007b6240e39eeabc,expert_wires+checkpoint,1,1,1
model.language_model.layers.45.mlp.experts.127.gate_proj,routed,TESSERA_E4M3_K1_R896,r896,1,1,0.0012897877022624016,1.71555432932136e-06,3691257,3691257,617fee901b3ee82921e3c6d03f0f10251615fbd80cba405db0e044b4a42bf10d,expert_wires+checkpoint,1,1,1
model.language_model.layers.45.mlp.experts.127.up_proj,routed,TESSERA_BF16_K1_R896,r896,0,0,0.001196056604385376,1.7754211728440888e-06,3707645,3707645,7108da74400cb6bd7c6f83f096e2732e1cd385879487476ce2f44ef0be11cf79,expert_wires+checkpoint,1,1,1
model.language_model.layers.45.mlp.experts.127.up_proj,routed,TESSERA_E4M3_K1_R896,r896,1,1,0.0015097938012331724,1.5830331316562923e-06,3691257,3691257,b0b19395c71f92b6ba9b7177bea676757b18da1ce51e1cccec02305bd0f27144,expert_wires+checkpoint,1,1,1
model.language_model.layers.45.mlp.experts.128.down_proj,routed,TESSERA_BF16_K1_R896,r896,0,0,0.0005092127830721438,4.61188399489851e-07,3711694,3711694,cb34600969b7ae20f8bb0542c98312a2966b62e9518835b51316ab8a1f147bd7,expert_wires+checkpoint,1,1,1
model.language_model.layers.45.mlp.experts.128.down_proj,routed,TESSERA_E4M3_K1_R896,r896,1,1,0.0005776025936938822,4.6955486931816024e-07,3695306,3695306,adf00b724f5453389a6e17e2c76374af314d9cb9112bf3bc180e4bc7319f8637,expert_wires+checkpoint,1,1,1
model.language_model.layers.45.mlp.experts.128.gate_proj,routed,TESSERA_BF16_K1_R896,r896,0,0,0.001355517189949751,1.5801530977368928e-07,3707645,3707645,a100c73a1d7a2fcc571cad112e1f0a71324522e510b076624eb0c20b170265cd,expert_wires+checkpoint,1,1,1
model.language_model.layers.45.mlp.experts.128.gate_proj,routed,TESSERA_E4M3_K1_R896,r896,1,1,0.0016321786679327488,2.0167844239432439e-07,3691257,3691257,1cf6dcf0db8f6c0091320a8534f92767ad8c97aaba28fcdb20da051bb929c216,expert_wires+checkpoint,1,1,1
model.language_model.layers.45.mlp.experts.128.up_proj,routed,TESSERA_BF16_K1_R896,r896,0,0,0.0015954404370859265,3.729895835734073e-08,3707645,3707645,e28a1ed8d9f9b845c98d105bfb6101e58904a882270bb1d0850124cc4c44315a,expert_wires+checkpoint,1,1,1
model.language_model.layers.45.mlp.experts.128.up_proj,routed,TESSERA_E4M3_K1_R896,r896,1,1,0.0019158972427248955,1.1442341142398809e-07,3691257,3691257,9df832fe8dadad43a23ad75b0abb10b92e0f2bd71dae7249777cad6bbad837b1,expert_wires+checkpoint,1,1,1
model.language_model.layers.45.mlp.experts.129.down_proj,routed,TESSERA_BF16_K1_R896,r896,0,0,0.0009317384101450443,4.68337936805155e-07,3711694,3711694,1aa63350d167b9490a9ee1795139c10f6b50198a9fcb11044ab6e3d169869caa,expert_wires+checkpoint,1,1,1
model.language_model.layers.45.mlp.experts.129.down_proj,routed,TESSERA_E4M3_K1_R896,r896,1,1,0.0010240955743938684,6.420097672184214e-06,3695306,3695306,b8b33ce55aafcebae2604716380f5a70e50127d5de8d5d40629a256b691a7fa7,expert_wires+checkpoint,1,1,1
model.language_model.layers.45.mlp.experts.129.gate_proj,routed,TESSERA_BF16_K1_R896,r896,0,0,0.0019003370543941855,4.125532011511632e-06,3707645,3707645,a6bb3077ad5bbedaca48bbc91aa807f547c9269c57914dc89a209b927e1d1709,expert_wires+checkpoint,1,1,1
model.language_model.layers.45.mlp.experts.129.gate_proj,routed,TESSERA_E4M3_K1_R896,r896,1,1,0.002246455755084753,6.3146849213945e-06,3691257,3691257,5dd6f485697b10c575438649dba8148fc441ae13ae4dc363e6b54dfea12a9830,expert_wires+checkpoint,1,1,1
model.language_model.layers.45.mlp.experts.129.up_proj,routed,TESSERA_BF16_K1_R896,r896,0,0,0.0021611107513308525,9.456734319507195e-07,3707645,3707645,abc4790270f757a1428e0400f6ebe9a691bbc57502fa32e5213874c72ded28ca,expert_wires+checkpoint,1,1,1
model.language_model.layers.45.mlp.experts.129.up_proj,routed,TESSERA_E4M3_K1_R896,r896,1,1,0.002540839836001396,1.1504708091737855e-06,3691257,3691257,e8fbba3e6e27c63483d271241089711064ac29351a935ab929538a4fd2272ae1,expert_wires+checkpoint,1,1,1
model.language_model.layers.45.mlp.experts.13.down_proj,routed,TESSERA_BF16_K1_R896,r896,0,0,0.0003438747371546924,1.0679484095997664e-07,3711694,3711694,9e11396d74be624620f482dcca5668d0447d8de9c504ca4459c17d7a5034e85e,expert_wires+checkpoint,1,1,1
model.language_model.layers.45.mlp.experts.13.down_proj,routed,TESSERA_E4M3_K1_R896,r896,1,1,0.00039673151331953704,1.778637562676504e-07,3695306,3695306,f90c0f9b3d869a29e7ecdf0150a1759929e280f506c8f4d59b581f70d7f25c50,expert_wires+checkpoint,1,1,1
model.language_model.layers.45.mlp.experts.13.gate_proj,routed,TESSERA_BF16_K1_R896,r896,0,0,0.0009432589868083596,5.078897559058125e-07,3707645,3707645,4f1f562e5dc60744b1842b39f3c093d200c3f88bd34df8af3bb353b906a01305,expert_wires+checkpoint,1,1,1
model.language_model.layers.45.mlp.experts.13.gate_proj,routed,TESSERA_E4M3_K1_R896,r896,1,1,0.001230189111083746,3.7979290993466076e-08,3691257,3691257,ef6e35a3e647d18b59ef14b95e3fa1431c570dc4d4f985f9059d63784b137172,expert_wires+checkpoint,1,1,1
model.language_model.layers.45.mlp.experts.13.up_proj,routed,TESSERA_BF16_K1_R896,r896,0,0,0.0009809050243347883,7.937257866101645e-08,3707645,3707645,ee2e1de0d8970e05fd03e4f433d58b352f87b35fcf432328c41d6baa59437bfa,expert_wires+checkpoint,1,1,1
model.language_model.layers.45.mlp.experts.13.up_proj,routed,TESSERA_E4M3_K1_R896,r896,1,1,0.0012633593287318945,3.0249289217061405e-07,3691257,3691257,4a68950d1d78e44439af6e8ed0df7c4d49b5753e86b8fec00c5319a24e55c3b4,expert_wires+checkpoint,1,1,1
model.language_model.layers.45.mlp.experts.130.down_proj,routed,TESSERA_BF16_K1_R896,r896,0,0,0.0006122753256931901,1.1024262487371047e-06,3711694,3711694,45c34ac0dc1425cfe8bd7362d08dc6ba784b26409f7be76a00b39ed328585d87,expert_wires+checkpoint,1,1,1
model.language_model.layers.45.mlp.experts.130.down_proj,routed,TESSERA_E4M3_K1_R896,r896,1,1,0.0006535628344863653,1.8489094895425983e-06,3695306,3695306,8198039f106b6a8213536612a6edfa5b419c083ff676cc55ab9f9148eb731acc,expert_wires+checkpoint,1,1,1
model.language_model.layers.45.mlp.experts.130.gate_proj,routed,TESSERA_BF16_K1_R896,r896,0,0,0.0024977773427963257,2.5079965430748284e-06,3707645,3707645,6838996b21a403494a8384046235e2577e8432e0eb4825b5ac61cfad7968e934,expert_wires+checkpoint,1,1,1
model.language_model.layers.45.mlp.experts.130.gate_proj,routed,TESSERA_E4M3_K1_R896,r896,1,1,0.00286656990647316,1.976340309162313e-06,3691257,3691257,3d1ae067f072976d427ca595241f796155097e361c6d1254de96648933d6a056,expert_wires+checkpoint,1,1,1
model.language_model.layers.45.mlp.experts.130.up_proj,routed,TESSERA_BF16_K1_R896,r896,0,0,0.00272837420925498,4.329303394426668e-06,3707645,3707645,0015325eccfc78c2bba810532234d6ae9ff0164380375c2cb2e54b26e1832197,expert_wires+checkpoint,1,1,1
model.language_model.layers.45.mlp.experts.130.up_proj,routed,TESSERA_E4M3_K1_R896,r896,1,1,0.003138374537229538,1.8535541046559266e-07,3691257,3691257,eb6d55662fc84bc306e24741b7cadd2d446ade018d5117dd1dc75fc0432cf2f9,expert_wires+checkpoint,1,1,1
model.language_model.layers.45.mlp.experts.131.down_proj,routed,TESSERA_BF16_K1_R896,r896,0,0,0.00037879610317759216,2.8637383076511586e-06,3711694,3711694,f83649acc7f237aa87d7348a6ea5276d2ffa1f96c16c72d7889556b738282923,expert_wires+checkpoint,1,1,1
model.language_model.layers.45.mlp.experts.131.down_proj,routed,TESSERA_E4M3_K1_R896,r896,1,1,0.0004134999471716583,4.63807517135778e-06,3695306,3695306,b823c42831584161016165f8cc849a667c262e1f7e2a58941d8aeee50aa5d962,expert_wires+checkpoint,1,1,1
model.language_model.layers.45.mlp.experts.131.gate_proj,routed,TESSERA_BF16_K1_R896,r896,0,0,0.001904074102640152,1.70272116369498e-06,3707645,3707645,78f21c6ca6cc7c0efc4925d8e18cf1395a3292901b8effed514e6fe177367662,expert_wires+checkpoint,1,1,1
model.language_model.layers.45.mlp.experts.131.gate_proj,routed,TESSERA_E4M3_K1_R896,r896,1,1,0.002242184244096279,4.770376616518252e-06,3691257,3691257,ca12b20cfb1ae29a179630dd451f356da6d05f486edda95dc26eb474125edb55,expert_wires+checkpoint,1,1,1
model.language_model.layers.45.mlp.experts.131.up_proj,routed,TESSERA_BF16_K1_R896,r896,0,0,0.0021956833079457283,1.5940924743383542e-06,3707645,3707645,41eeba4182e9dd44c8b61b08ab073caca287f1ec3b36fd079d2ab3d520a48b2d,expert_wires+checkpoint,1,1,1
model.language_model.layers.45.mlp.experts.131.up_proj,routed,TESSERA_E4M3_K1_R896,r896,1,1,0.0025767693296074867,4.208607881829687e-07,3691257,3691257,f8b3d3f12c504361a686799978dc63ca4b8f79087b24220e87a7a077454d7133,expert_wires+checkpoint,1,1,1
model.language_model.layers.45.mlp.experts.132.down_proj,routed,TESSERA_BF16_K1_R896,r896,0,0,0.0007596745272167027,5.44663826579935e-07,3711694,3711694,38d1802043f7ade438ace2a2e6e6c668e0473af01959122a34a6209f781b499f,expert_wires+checkpoint,1,1,1
model.language_model.layers.45.mlp.experts.132.down_proj,routed,TESSERA_E4M3_K1_R896,r896,1,1,0.0008398053469136357,2.4038106505801376e-06,3695306,3695306,74cc59209a017861e23048c3607248eda5d1819f65893fd24c26165310014947,expert_wires+checkpoint,1,1,1
model.language_model.layers.45.mlp.experts.132.gate_proj,routed,TESSERA_BF16_K1_R896,r896,0,0,0.0015296462224796414,1.0887976225222565e-06,3707645,3707645,febe0da882a166c92f8ffa6cef0d58388581c33d36afbce0eb992b564a21dc9e,expert_wires+checkpoint,1,1,1
model.language_model.layers.45.mlp.experts.132.gate_proj,routed,TESSERA_E4M3_K1_R896,r896,1,1,0.0018189535476267338,9.764285672919285e-07,3691257,3691257,ebcf38c65ffc8ef6461e10db27a30b8bcfb54b9bf640a3752e827f04be004df8,expert_wires+checkpoint,1,1,1
model.language_model.layers.45.mlp.experts.132.up_proj,routed,TESSERA_BF16_K1_R896,r896,0,0,0.002058333484455943,3.903128863147899e-07,3707645,3707645,ef7ba1487fbfae339fe27a1adc669a420f4d9bf6c47fe0489741de40c92e3c71,expert_wires+checkpoint,1,1,1
model.language_model.layers.45.mlp.experts.132.up_proj,routed,TESSERA_E4M3_K1_R896,r896,1,1,0.0024484223686158657,1.1339786916106038e-06,3691257,3691257,d4e4a208c305c691af5c445add682dc72189bb4cfc98c2f03960dedc61e050c7,expert_wires+checkpoint,1,1,1
model.language_model.layers.45.mlp.experts.133.down_proj,routed,TESSERA_BF16_K1_R896,r896,0,0,0.0005886314902454615,1.352976293048983e-06,3711694,3711694,0a77de384a52e5faf8353bb72ee8bc759f04518dfea228a40400053ba384e8af,expert_wires+checkpoint,1,1,1
model.language_model.layers.45.mlp.experts.133.down_proj,routed,TESSERA_E4M3_K1_R896,r896,1,1,0.0006796839879825711,5.675492203853031e-07,3695306,3695306,a73e731963191ddaf49faa961ff2d326b122a4aeae5d7feca473c5cad61aebe5,expert_wires+checkpoint,1,1,1
model.language_model.layers.45.mlp.experts.133.gate_proj,routed,TESSERA_BF16_K1_R896,r896,0,0,0.0010246257297694683,1.4538889565956504e-07,3707645,3707645,5e79400fb8ea89e83b611371c229989c531138c1617bb314df1738d6fa83e40b,expert_wires+checkpoint,1,1,1
model.language_model.layers.45.mlp.experts.133.gate_proj,routed,TESSERA_E4M3_K1_R896,r896,1,1,0.0013197690714150667,5.257301492466586e-07,3691257,3691257,76af52eeaaa77b7151c539e850b22f97d7a07ecc93e4c12671cafe7ffe817717,expert_wires+checkpoint,1,1,1
model.language_model.layers.45.mlp.experts.133.up_proj,routed,TESSERA_BF16_K1_R896,r896,0,0,0.001232030801475048,4.093702177732493e-07,3707645,3707645,8f8c0e62171be27d8b00a16b18a0fa4eced2052045f9dedd589e69b08bf40027,expert_wires+checkpoint,1,1,1
model.language_model.layers.45.mlp.experts.133.up_proj,routed,TESSERA_E4M3_K1_R896,r896,1,1,0.0015594394644722342,3.6880060902688997e-07,3691257,3691257,88bae9949910c6705099ad143a78e50397a813542ef86c64ed30a3cbc8a6dc8f,expert_wires+checkpoint,1,1,1
model.language_model.layers.45.mlp.experts.134.down_proj,routed,TESSERA_BF16_K1_R896,r896,0,0,0.00020596642571035773,1.3805832363538706e-07,3711694,3711694,720513b808fbb533c491089760113dde1cd81a84e7f262cde84fe11ecc6aae17,expert_wires+checkpoint,1,1,1
model.language_model.layers.45.mlp.experts.134.down_proj,routed,TESSERA_E4M3_K1_R896,r896,1,1,0.0002290194679517299,7.96517265099375e-07,3695306,3695306,c7c31a9fa88a4ce04375ccc76782e0686c4f1e5d4a572e976540351bf131362c,expert_wires+checkpoint,1,1,1
model.language_model.layers.45.mlp.experts.134.gate_proj,routed,TESSERA_BF16_K1_R896,r896,0,0,0.0016409005038440228,3.5913857173658274e-07,3707645,3707645,bf1c200951a1d1e603e1af218300e3147d7e1e19a148b1362f06731152355f3a,expert_wires+checkpoint,1,1,1
model.language_model.layers.45.mlp.experts.134.gate_proj,routed,TESSERA_E4M3_K1_R896,r896,1,1,0.001963652903214097,1.1084124729638964e-07,3691257,3691257,3451703f1fe617b445201560e5d2d993d97ffca2374171ae20b5742590e74162,expert_wires+checkpoint,1,1,1
model.language_model.layers.45.mlp.experts.134.up_proj,routed,TESSERA_BF16_K1_R896,r896,0,0,0.001775867771357298,1.6392261617327003e-07,3707645,3707645,3543ae25a5c907e097859f8c98be4b71dac511d548ab9679d6d4050b0e0c4082,expert_wires+checkpoint,1,1,1
model.language_model.layers.45.mlp.experts.134.up_proj,routed,TESSERA_E4M3_K1_R896,r896,1,1,0.002105403458699584,7.084343061593743e-08,3691257,3691257,7d66054d32b20fb6dd12b37c26dafd542ee8e0f4706ee957b789e9cbd737df62,expert_wires+checkpoint,1,1,1
model.language_model.layers.45.mlp.experts.135.down_proj,routed,TESSERA_BF16_K1_R896,r896,0,0,0.0006269495352171361,3.04882557766903e-06,3711694,3711694,cc03c89ec393df7555c965d356767dde64e8b8b8e00c5e2a77127cbc1ba247f5,expert_wires+checkpoint,1,1,1
model.language_model.layers.45.mlp.experts.135.down_proj,routed,TESSERA_E4M3_K1_R896,r896,1,1,0.0006738822557963431,1.9006338582244147e-06,3695306,3695306,b7e0733069ebd7ac98404c2f04741ffca909d067f851b62bd46dce4045dbd197,expert_wires+checkpoint,1,1,1
model.language_model.layers.45.mlp.experts.135.gate_proj,routed,TESSERA_BF16_K1_R896,r896,0,0,0.002319076331332326,3.8879308767339094e-06,3707645,3707645,398513039abccc167fb30eb7ae3b1a289d822602eb1821ff2c5a2a6b050f5118,expert_wires+checkpoint,1,1,1
model.language_model.layers.45.mlp.experts.135.gate_proj,routed,TESSERA_E4M3_K1_R896,r896,1,1,0.002641296712681651,3.8953604284718855e-06,3691257,3691257,baa3443260d79a24cb2f8e20a199f590c5e5db611bd33f202f6f830d0c1ebe86,expert_wires+checkpoint,1,1,1
model.language_model.layers.45.mlp.experts.135.up_proj,routed,TESSERA_BF16_K1_R896,r896,0,0,0.0026124264113605022,2.6452058776255276e-06,3707645,3707645,5c8f018c5bc33bf078e3a76cd34bc5a6c8042615e7649447718ae33a495c0e72,expert_wires+checkpoint,1,1,1
model.language_model.layers.45.mlp.experts.135.up_proj,routed,TESSERA_E4M3_K1_R896,r896,1,1,0.002976679243147373,5.586071242368084e-07,3691257,3691257,c7fcdbd955d8c119d6300f953317cea187c72851f685412de4ca6f8c48011091,expert_wires+checkpoint,1,1,1
model.language_model.layers.45.mlp.experts.136.down_proj,routed,TESSERA_BF16_K1_R896,r896,0,0,0.001126255840063095,1.1103147654520808e-06,3711694,3711694,03c9996bde1771b9911abf286ef90684fd24cf8000d5e5ecbc58c91a228cdd4e,expert_wires+checkpoint,1,1,1
model.language_model.layers.45.mlp.experts.136.down_proj,routed,TESSERA_E4M3_K1_R896,r896,1,1,0.0012894957326352596,4.790229489868138e-06,3695306,3695306,5c0d7678da5ba75ef1cb70a2cdc2e0c6fe02afda020e7b976e12487728817e2b,expert_wires+checkpoint,1,1,1
model.language_model.layers.45.mlp.experts.136.gate_proj,routed,TESSERA_BF16_K1_R896,r896,0,0,0.001833294634707272,2.3444505681699373e-06,3707645,3707645,c0d5966c6555bfc14844e8779afcca615f78a3d786fc6737284b97047cdd1339,expert_wires+checkpoint,1,1,1
model.language_model.layers.45.mlp.experts.136.gate_proj,routed,TESSERA_E4M3_K1_R896,r896,1,1,0.002245576586574316,3.862571307534231e-06,3691257,3691257,f687f9646b538b31b7af104d2a4970a23e72a013b5b6a77709cd9955f3114835,expert_wires+checkpoint,1,1,1
model.language_model.layers.45.mlp.experts.136.up_proj,routed,TESSERA_BF16_K1_R896,r896,0,0,0.0017096549272537231,1.7909463857214126e-06,3707645,3707645,1eac180f74d8a5907f954b97ac512cfdf17637a7f1772eeef526e08793f37899,expert_wires+checkpoint,1,1,1
model.language_model.layers.45.mlp.experts.136.up_proj,routed,TESSERA_E4M3_K1_R896,r896,1,1,0.002083295024931431,2.6882255742637836e-06,3691257,3691257,0f013b9c243de9ec0313d7188e39954a5c737eea874e0b4604e7fedc4a24c5d4,expert_wires+checkpoint,1,1,1
model.language_model.layers.45.mlp.experts.137.down_proj,routed,TESSERA_BF16_K1_R896,r896,0,0,0.0008046183502301574,5.744489812618236e-06,3711694,3711694,2a59a25d6e91ceac2d8fa144e243f947cf8eece8eefc6df0859b19566853d43d,expert_wires+checkpoint,1,1,1
model.language_model.layers.45.mlp.experts.137.down_proj,routed,TESSERA_E4M3_K1_R896,r896,1,1,0.0008898493251763284,5.092808675649703e-06,3695306,3695306,d1a923dc0b0ea3ec3b68f751dce1ec87c0af075477fc5682150cbb640f4b9934,expert_wires+checkpoint,1,1,1
model.language_model.layers.45.mlp.experts.137.gate_proj,routed,TESSERA_BF16_K1_R896,r896,0,0,0.001803021878004074,1.2167303285376614e-06,3707645,3707645,b3aa15cad1267942423bbcd0eee482c6b9451e091357f41fd0d56c73675c2362,expert_wires+checkpoint,1,1,1
model.language_model.layers.45.mlp.experts.137.gate_proj,routed,TESSERA_E4M3_K1_R896,r896,1,1,0.0021114153787493706,7.482919789730632e-06,3691257,3691257,87c5d246a5dec7859d90b6d5766fadc2c9cafce857514b56a96b0a3d7feb5236,expert_wires+checkpoint,1,1,1
model.language_model.layers.45.mlp.experts.137.up_proj,routed,TESSERA_BF16_K1_R896,r896,0,0,0.002038375474512577,4.328021844592437e-07,3707645,3707645,806b604825042dc3f799273003b8b3bb14185107f44a6fb854bbdb6d0f289fb6,expert_wires+checkpoint,1,1,1
model.language_model.layers.45.mlp.experts.137.up_proj,routed,TESSERA_E4M3_K1_R896,r896,1,1,0.0023829133715480566,1.4539214351563812e-06,3691257,3691257,4eb1f685cf8a764d162b04084ff1f822794af1aad979377c9c6a41f70001be10,expert_wires+checkpoint,1,1,1
model.language_model.layers.45.mlp.experts.138.down_proj,routed,TESSERA_BF16_K1_R896,r896,0,0,0.0005869391025044024,4.433756261962911e-06,3711694,3711694,cc0b8cb87cb9cc0c89004679ed891ac566e306e7fe129c0e175d92a3f9ea79ad,expert_wires+checkpoint,1,1,1
model.language_model.layers.45.mlp.experts.138.down_proj,routed,TESSERA_E4M3_K1_R896,r896,1,1,0.0006599046173505485,2.2842670027340547e-06,3695306,3695306,990b805748eb713093939a529fcc43f89d53657926bd3ff43eb8fa2d7ea2d888,expert_wires+checkpoint,1,1,1
model.language_model.layers.45.mlp.experts.138.gate_proj,routed,TESSERA_BF16_K1_R896,r896,0,0,0.0013671135529875755,5.367590509159035e-07,3707645,3707645,665b3da578b6c96eb9712f2e645b9144a3c665e7b07b33adf739d57fc38e43e2,expert_wires+checkpoint,1,1,1
model.language_model.layers.45.mlp.experts.138.gate_proj,routed,TESSERA_E4M3_K1_R896,r896,1,1,0.001623999560251832,2.2386654823570216e-06,3691257,3691257,c6f6cea35a89fd47447b2ac280bb309c707504b37e1ae249a12c92c8320e8674,expert_wires+checkpoint,1,1,1
model.language_model.layers.45.mlp.experts.138.up_proj,routed,TESSERA_BF16_K1_R896,r896,0,0,0.0015390601474791765,1.3597468097378434e-06,3707645,3707645,ea647e1895f674d8106a9a7e36fab8baef1bfc4b22149295872f88e7caab5870,expert_wires+checkpoint,1,1,1
model.language_model.layers.45.mlp.experts.138.up_proj,routed,TESSERA_E4M3_K1_R896,r896,1,1,0.0018301765667274594,2.5619391875849876e-06,3691257,3691257,fe601fc4369f971f964c6bd6f16112cb9ceefd3918fda082ba0f148609b00a35,expert_wires+checkpoint,1,1,1
model.language_model.layers.45.mlp.experts.139.down_proj,routed,TESSERA_BF16_K1_R896,r896,0,0,0.00029757898300886154,1.8789621708866876e-06,3711694,3711694,f9e43975e5e98be114d57fc6c3f1043622dcd9f56ce7357abde5037c7e92826d,expert_wires+checkpoint,1,1,1
model.language_model.layers.45.mlp.experts.139.down_proj,routed,TESSERA_E4M3_K1_R896,r896,1,1,0.00032753616687841713,1.349071193717512e-06,3695306,3695306,2d7c4ab034866e9927e4792be5945eb19e9766cc2fab0174b172e1b11d8c6a1a,expert_wires+checkpoint,1,1,1
model.language_model.layers.45.mlp.experts.139.gate_proj,routed,TESSERA_BF16_K1_R896,r896,0,0,0.0022218686062842607,4.318347857702818e-07,3707645,3707645,d8042fa013fcfb249d775758809c59aa0998b0c89304db59d50c4f77f61770ce,expert_wires+checkpoint,1,1,1
model.language_model.layers.45.mlp.experts.139.gate_proj,routed,TESSERA_E4M3_K1_R896,r896,1,1,0.0025927466340363026,1.2810067580730486e-06,3691257,3691257,533d92ecd3c0a24efbc3dea71321c64e06cc944dba944fec6c29e54a19e742f7,expert_wires+checkpoint,1,1,1
model.language_model.layers.45.mlp.experts.139.up_proj,routed,TESSERA_BF16_K1_R896,r896,0,0,0.0023387051187455654,6.121471008814286e-07,3707645,3707645,d2e51f6de2b5b36306f36158db66cc8789a6395f423811482425b8d6ef950e61,expert_wires+checkpoint,1,1,1
model.language_model.layers.45.mlp.experts.139.up_proj,routed,TESSERA_E4M3_K1_R896,r896,1,1,0.0027117435820400715,3.71391667057539e-07,3691257,3691257,509ce4cd0d10755599a5979c398b607a5af2630c6b373e68aba88e696aa60afc,expert_wires+checkpoint,1,1,1
model.language_model.layers.45.mlp.experts.14.down_proj,routed,TESSERA_BF16_K1_R896,r896,0,0,0.0010840583126991987,1.2844644157756149e-06,3711694,3711694,be8e37e8149ef504314aeaa8dcfb54c830f1f726ec3c4530d8c9a3d7545572c1,expert_wires+checkpoint,1,1,1
model.language_model.layers.45.mlp.experts.14.down_proj,routed,TESSERA_E4M3_K1_R896,r896,1,1,0.0012223860248923302,6.906705691719332e-07,3695306,3695306,7d5da993b310a1b0ab20085b1ff74fc37acf1d280b3cddfadfc0cfb0dc25359f,expert_wires+checkpoint,1,1,1
model.language_model.layers.45.mlp.experts.14.gate_proj,routed,TESSERA_BF16_K1_R896,r896,0,0,0.0017523271963000298,1.6299286926250287e-06,3707645,3707645,86ef6c65f404a789a86b86bbaacc4bc36e35b10b2da1e39d9a513c6da07bf9ea,expert_wires+checkpoint,1,1,1
model.language_model.layers.45.mlp.experts.14.gate_proj,routed,TESSERA_E4M3_K1_R896,r896,1,1,0.0020863828249275684,1.783485506044627e-06,3691257,3691257,964782bb938b49a1d01e6a245600bf72f8af29db2a7b265e872c267c22d329b7,expert_wires+checkpoint,1,1,1
model.language_model.layers.45.mlp.experts.14.up_proj,routed,TESSERA_BF16_K1_R896,r896,0,0,0.001875365269370377,9.284031677681509e-07,3707645,3707645,aa404066f16f5e333b22eae29fe540b79274c71af6b20e60569b882bb4f7bf59,expert_wires+checkpoint,1,1,1
model.language_model.layers.45.mlp.experts.14.up_proj,routed,TESSERA_E4M3_K1_R896,r896,1,1,0.002212042920291424,6.702916500056096e-07,3691257,3691257,bad3515aa970929696fdfb85c498e8fd9eef2fe5b26ebf5a5e9023491975ccf4,expert_wires+checkpoint,1,1,1
model.language_model.layers.45.mlp.experts.140.down_proj,routed,TESSERA_BF16_K1_R896,r896,0,0,0.0007535889162681997,2.4146135038327724e-06,3711694,3711694,0a391e3eb73a21fe478f1b012dfd439fe12c999d3e3d9b70528abb1afd008aa7,expert_wires+checkpoint,1,1,1
model.language_model.layers.45.mlp.experts.140.down_proj,routed,TESSERA_E4M3_K1_R896,r896,1,1,0.0008488948806189001,3.265270176740865e-06,3695306,3695306,a0c4848b15298e34d3e0b19f0d8e295d5a40a2f612ce16db03ce1092b3d57967,expert_wires+checkpoint,1,1,1
model.language_model.layers.45.mlp.experts.140.gate_proj,routed,TESSERA_BF16_K1_R896,r896,0,0,0.0011704026255756617,6.630492739180852e-08,3707645,3707645,c14f296b5868a9e78178a5b7a7dceb1df0cec5603f72abd310ef4bfab16c05cc,expert_wires+checkpoint,1,1,1
model.language_model.layers.45.mlp.experts.140.gate_proj,routed,TESSERA_E4M3_K1_R896,r896,1,1,0.0014100868720561266,8.207928285794907e-08,3691257,3691257,94519f7008ca28d8cfdcb066e6bedd0ce1f65e3a479939252a71cf8671bf95fc,expert_wires+checkpoint,1,1,1
model.language_model.layers.45.mlp.experts.140.up_proj,routed,TESSERA_BF16_K1_R896,r896,0,0,0.0013187543954700232,1.5281934530898684e-06,3707645,3707645,0501250c351333c1486557cfad607a7551bed8877ef33cb1111d6fa5c3937979,expert_wires+checkpoint,1,1,1
model.language_model.layers.45.mlp.experts.140.up_proj,routed,TESSERA_E4M3_K1_R896,r896,1,1,0.0015812695492058992,3.862005843852429e-07,3691257,3691257,eec012c9e4ca443a057bf0b3738df78e39ddda82b336d42e493442a6a1198d77,expert_wires+checkpoint,1,1,1
model.language_model.layers.45.mlp.experts.141.down_proj,routed,TESSERA_BF16_K1_R896,r896,0,0,0.0005857646465301514,1.7682263598621265e-06,3711694,3711694,9bdac34c03ea7cf34c1f832127406c93fee58ca1da53d73bdf049d93158d0817,expert_wires+checkpoint,1,1,1
model.language_model.layers.45.mlp.experts.141.down_proj,routed,TESSERA_E4M3_K1_R896,r896,1,1,0.0006345433066599071,4.819874916625243e-06,3695306,3695306,a2212a96f430aa953d4f963bd1b781171e9d9697b03cd353dadd0538486f763b,expert_wires+checkpoint,1,1,1
model.language_model.layers.45.mlp.experts.141.gate_proj,routed,TESSERA_BF16_K1_R896,r896,0,0,0.0020843103993684053,2.479928441431622e-06,3707645,3707645,aff75e9bb42772291d31c957a00132e80342e7089d5292e7dbe66eb01509f4c0,expert_wires+checkpoint,1,1,1
model.language_model.layers.45.mlp.experts.141.gate_proj,routed,TESSERA_E4M3_K1_R896,r896,1,1,0.002432340756058693,2.836876683266756e-07,3691257,3691257,009a7f546760552eaf1785f35b00f8d943ede044267a705967141d622c649253,expert_wires+checkpoint,1,1,1
model.language_model.layers.45.mlp.experts.141.up_proj,routed,TESSERA_BF16_K1_R896,r896,0,0,0.0023050771560519934,5.967909778733869e-07,3707645,3707645,34442eee46960f5073ee078fc40473f758e7c52a68f9d2de995c5084240ffbaa,expert_wires+checkpoint,1,1,1
model.language_model.layers.45.mlp.experts.141.up_proj,routed,TESSERA_E4M3_K1_R896,r896,1,1,0.0026864693500101566,1.4221305200014914e-07,3691257,3691257,50cc1229fd5a372e22e458872ee809d798b1b2092985739d512c9edbdf8b9e08,expert_wires+checkpoint,1,1,1
model.language_model.layers.45.mlp.experts.142.down_proj,routed,TESSERA_BF16_K1_R896,r896,0,0,0.0002375117619521916,1.4814364413932692e-06,3711694,3711694,969d13672fd5f3a74858e0755112311e81623cbe92ffaca30c38b935212babea,expert_wires+checkpoint,1,1,1
model.language_model.layers.45.mlp.experts.142.down_proj,routed,TESSERA_E4M3_K1_R896,r896,1,1,0.00025952531723305583,7.979281901194909e-07,3695306,3695306,9c6fd1195567a1cc5c4517bedde0d5e0e58bae2d173210cf49d6597d79c775f2,expert_wires+checkpoint,1,1,1
model.language_model.layers.45.mlp.experts.142.gate_proj,routed,TESSERA_BF16_K1_R896,r896,0,0,0.0018727947026491165,7.697802220650096e-07,3707645,3707645,86d42e0767ef160fa788b8efe4f9f00b604c97900d07c3a2329e71fb7a659a33,expert_wires+checkpoint,1,1,1
model.language_model.layers.45.mlp.experts.142.gate_proj,routed,TESSERA_E4M3_K1_R896,r896,1,1,0.0021464747842401266,8.199320450999538e-08,3691257,3691257,5f5126fb026f2d60de018203cf73ec9b6219d4b6f0c44b0a6984072f117997f1,expert_wires+checkpoint,1,1,1
model.language_model.layers.45.mlp.experts.142.up_proj,routed,TESSERA_BF16_K1_R896,r896,0,0,0.0021400758996605873,8.775498599948988e-08,3707645,3707645,2db68513e271b89aa0e9eb0277cfa839b1d5c85d9a0505192adcb2c796513722,expert_wires+checkpoint,1,1,1
model.language_model.layers.45.mlp.experts.142.up_proj,routed,TESSERA_E4M3_K1_R896,r896,1,1,0.002459844807162881,8.157622959104003e-07,3691257,3691257,237f7293059717d16aa08a562535df15b28f66db8445a0d3d4c68d0d6419100a,expert_wires+checkpoint,1,1,1
model.language_model.layers.45.mlp.experts.143.down_proj,routed,TESSERA_BF16_K1_R896,r896,0,0,0.0006800400442443788,7.249080946808641e-07,3711694,3711694,3949851777f404e1610d562a050b1b4312b4097ae127224c2508f65ac33ada4d,expert_wires+checkpoint,1,1,1
model.language_model.layers.45.mlp.experts.143.down_proj,routed,TESSERA_E4M3_K1_R896,r896,1,1,0.000740618968848139,1.5290417715849647e-06,3695306,3695306,28abb4041af19f84a4d3493d12886bcf59a6d72509aee5fbd4bb23880878755c,expert_wires+checkpoint,1,1,1
model.language_model.layers.45.mlp.experts.143.gate_proj,routed,TESSERA_BF16_K1_R896,r896,0,0,0.0021464854944497347,1.6830607294206215e-06,3707645,3707645,88ba6cec9017ca91953e6b73d5d166f7b3d8c1bc078e8788721ca46019a09f19,expert_wires+checkpoint,1,1,1
model.language_model.layers.45.mlp.experts.143.gate_proj,routed,TESSERA_E4M3_K1_R896,r896,1,1,0.0024750777520239353,8.241709475601906e-07,3691257,3691257,d477c5b88b099e850c638162c381a4ebac148535568ce1abb9038832fa97d45f,expert_wires+checkpoint,1,1,1
model.language_model.layers.45.mlp.experts.143.up_proj,routed,TESSERA_BF16_K1_R896,r896,0,0,0.0024526864290237427,1.4731618189181802e-06,3707645,3707645,d766e6bcaeffabdff7b33c13ed7d0a8bc850c74439672cbc1f36db41caa5c6a4,expert_wires+checkpoint,1,1,1
model.language_model.layers.45.mlp.experts.143.up_proj,routed,TESSERA_E4M3_K1_R896,r896,1,1,0.0028298767283558846,1.0919507945087702e-07,3691257,3691257,f47f4fb9d276f70a0eefd78495ef8543dcbf9e97da1ee0ec10dec7e795e2bcc9,expert_wires+checkpoint,1,1,1
model.language_model.layers.45.mlp.experts.144.down_proj,routed,TESSERA_BF16_K1_R896,r896,0,0,0.0005829047877341509,9.73652930115674e-07,3711694,3711694,f541f8cc8360d805bf99cd87b57774777a58bd636a036ef9aa1fa0ffe3a3d3fa,expert_wires+checkpoint,1,1,1
model.language_model.layers.45.mlp.experts.144.down_proj,routed,TESSERA_E4M3_K1_R896,r896,1,1,0.0006497593130916357,3.580028539011912e-07,3695306,3695306,4f0e3880f2cfc397ea88487d91c60c9c7f41f9440bf6de4c29dddf70f08554b4,expert_wires+checkpoint,1,1,1
model.language_model.layers.45.mlp.experts.144.gate_proj,routed,TESSERA_BF16_K1_R896,r896,0,0,0.001726898131892085,4.2464405243110785e-07,3707645,3707645,72cc83dfd1c078f23b20c1e69ed0e46097179f236e62ad2a4e585e3ecfdc51e1,expert_wires+checkpoint,1,1,1
model.language_model.layers.45.mlp.experts.144.gate_proj,routed,TESSERA_E4M3_K1_R896,r896,1,1,0.0020459252409636974,6.299493409305483e-07,3691257,3691257,7a789b4ef92ec0cfc719b4cef597e9801bfe6ccafea003f059bf49d4c8526703,expert_wires+checkpoint,1,1,1
model.language_model.layers.45.mlp.experts.144.up_proj,routed,TESSERA_BF16_K1_R896,r896,0,0,0.001958416309207678,2.490756802226161e-06,3707645,3707645,3538b9929cecd19cf225cb87be1cf34145944e3ee2a9418e045dbc9cb3e0780c,expert_wires+checkpoint,1,1,1
model.language_model.layers.45.mlp.experts.144.up_proj,routed,TESSERA_E4M3_K1_R896,r896,1,1,0.002302918815985322,9.5468072714963e-07,3691257,3691257,ace8b565af359342ab0e87d61802e444d3fa7c8f320e42e8cc4b9a5aefdfcc40,expert_wires+checkpoint,1,1,1
model.language_model.layers.45.mlp.experts.145.down_proj,routed,TESSERA_BF16_K1_R896,r896,0,0,0.0004729833162855357,1.5427379605180802e-06,3711694,3711694,f2e2efc3e0e0beb91c24f760dd41cbc35527d95c5e3f7cd679b0708cd4df31fb,expert_wires+checkpoint,1,1,1
model.language_model.layers.45.mlp.experts.145.down_proj,routed,TESSERA_E4M3_K1_R896,r896,1,1,0.0005265096551738679,1.2504963251950537e-06,3695306,3695306,8b42fd198f312e58be0e66cbc9198087df267d1ee65004b21aa07968cb930804,expert_wires+checkpoint,1,1,1
model.language_model.layers.45.mlp.experts.145.gate_proj,routed,TESSERA_BF16_K1_R896,r896,0,0,0.0015704876277595758,1.659501815910756e-06,3707645,3707645,1796c07ef01f7c16b844f417215f82159fefc43116efa1a6c5591afa3c513802,expert_wires+checkpoint,1,1,1
model.language_model.layers.45.mlp.experts.145.gate_proj,routed,TESSERA_E4M3_K1_R896,r896,1,1,0.0018727012211456895,7.462459987978014e-07,3691257,3691257,9ba08568e1bac33c700a18462d16f84fb8aeeb631b7a68480931940100cc3836,expert_wires+checkpoint,1,1,1
model.language_model.layers.45.mlp.experts.145.up_proj,routed,TESSERA_BF16_K1_R896,r896,0,0,0.0017392137087881565,9.210892907142083e-07,3707645,3707645,41f095ccb8e536fe347abd84db96f4614d0d9645e49b0fd6f3bc714e8735ab13,expert_wires+checkpoint,1,1,1
model.language_model.layers.45.mlp.experts.145.up_proj,routed,TESSERA_E4M3_K1_R896,r896,1,1,0.0020623633172363043,1.0964792263424097e-06,3691257,3691257,859a0805139a75b500f62543386f30d9be893fc4ae7d68f7789ecd10b18c6055,expert_wires+checkpoint,1,1,1
model.language_model.layers.45.mlp.experts.146.down_proj,routed,TESSERA_BF16_K1_R896,r896,0,0,0.0005126278847455978,6.521990954057414e-06,3711694,3711694,deeef81b2c37f29145f75190bc24875cf6ec52baefb56e2f5496a8dd29f00899,expert_wires+checkpoint,1,1,1
model.language_model.layers.45.mlp.experts.146.down_proj,routed,TESSERA_E4M3_K1_R896,r896,1,1,0.0005622227909043431,5.770206740382654e-06,3695306,3695306,ef2b394c7aeecd16c3273086a51ee4be36455799882496b90557d7299aa6d8bd,expert_wires+checkpoint,1,1,1
model.language_model.layers.45.mlp.experts.146.gate_proj,routed,TESSERA_BF16_K1_R896,r896,0,0,0.001764218439348042,1.1038288284505642e-06,3707645,3707645,4d6b3b5f3781914ebdc08ef9ff27cc3668b2ccea62508c1cfd423652e291afcf,expert_wires+checkpoint,1,1,1
model.language_model.layers.45.mlp.experts.146.gate_proj,routed,TESSERA_E4M3_K1_R896,r896,1,1,0.0020637712441384792,5.283923626326295e-07,3691257,3691257,3fd80990b63a57d4a14177a8d5135fbe03323ba22b5dfb5ba6b1d2db1f175255,expert_wires+checkpoint,1,1,1
model.language_model.layers.45.mlp.experts.146.up_proj,routed,TESSERA_BF16_K1_R896,r896,0,0,0.002111425157636404,6.556632759736159e-07,3707645,3707645,572a04a0fecb37f97bd0b0fa7ee3d80ccc0bd0ce7dab27406bb00598b8821e9e,expert_wires+checkpoint,1,1,1
model.language_model.layers.45.mlp.experts.146.up_proj,routed,TESSERA_E4M3_K1_R896,r896,1,1,0.002453983062878251,1.4864185600531956e-06,3691257,3691257,d2be29896e34576f346d2eb8f6e85917f7553a8e9f2933b531c9429bb3006357,expert_wires+checkpoint,1,1,1
model.language_model.layers.45.mlp.experts.147.down_proj,routed,TESSERA_BF16_K1_R896,r896,0,0,0.0003022681921720505,1.182318400577983e-06,3711694,3711694,f051370c775c6daffe21773377e6402d7afb843d138b84d20d3226db968690ad,expert_wires+checkpoint,1,1,1
model.language_model.layers.45.mlp.experts.147.down_proj,routed,TESSERA_E4M3_K1_R896,r896,1,1,0.0003327431040816009,3.080541178661861e-06,3695306,3695306,52f8892f6bbd69e394e5d4b4ed57e96a15c273abc93058de8920464370a9f55f,expert_wires+checkpoint,1,1,1
model.language_model.layers.45.mlp.experts.147.gate_proj,routed,TESSERA_BF16_K1_R896,r896,0,0,0.0018818823155015707,1.1655621309635609e-07,3707645,3707645,926901eda1582e6724caa22e61d65d32fecb582d972795477fcc88fa95bf3815,expert_wires+checkpoint,1,1,1
model.language_model.layers.45.mlp.experts.147.gate_proj,routed,TESSERA_E4M3_K1_R896,r896,1,1,0.0022093323059380054,3.8202099245888934e-07,3691257,3691257,9591ae56b3cdb7c9b6f43c540db4aa9f7398c54bd854cfd69277e1581cdc103f,expert_wires+checkpoint,1,1,1
model.language_model.layers.45.mlp.experts.147.up_proj,routed,TESSERA_BF16_K1_R896,r896,0,0,0.002028314396739006,5.211384499721211e-07,3707645,3707645,4bf714bc9943bdc95d188d95ceacd2910a914615ec8805c5c37b5a2c5c4773fd,expert_wires+checkpoint,1,1,1
model.language_model.layers.45.mlp.experts.147.up_proj,routed,TESSERA_E4M3_K1_R896,r896,1,1,0.002373096998780966,6.777330038302774e-07,3691257,3691257,833a7ebc0f204d36ca1c64602fb2ffd64a8f4f20cbec68312350fabdba2b72f7,expert_wires+checkpoint,1,1,1
model.language_model.layers.45.mlp.experts.148.down_proj,routed,TESSERA_BF16_K1_R896,r896,0,0,0.0007572894101031125,3.649886229567095e-06,3711694,3711694,78940ad4c134205e588b7c01b8f6981b2f5e73d20df6df314edc8ded66526568,expert_wires+checkpoint,1,1,1
model.language_model.layers.45.mlp.experts.148.down_proj,routed,TESSERA_E4M3_K1_R896,r896,1,1,0.0008254925487563014,2.0586295631856995e-06,3695306,3695306,bdd1511b92d9524e5ae5142a51cb8d80b04cc656c2fd5271bd04ca123013bc7a,expert_wires+checkpoint,1,1,1
model.language_model.layers.45.mlp.experts.148.gate_proj,routed,TESSERA_BF16_K1_R896,r896,0,0,0.0022298514377325773,1.0215166191108102e-06,3707645,3707645,9f9243ed21416ed45efb1452417e1159548850963d042ef3c1380c0a20ae537f,expert_wires+checkpoint,1,1,1
model.language_model.layers.45.mlp.experts.148.gate_proj,routed,TESSERA_E4M3_K1_R896,r896,1,1,0.0025870816316455603,3.4098408386551686e-07,3691257,3691257,ef6cde3cc923dd95fd2244a1ccfa24034e122c6c26a16bc4eddfee27b013ba72,expert_wires+checkpoint,1,1,1
model.language_model.layers.45.mlp.experts.148.up_proj,routed,TESSERA_BF16_K1_R896,r896,0,0,0.002348479116335511,9.790001998815155e-07,3707645,3707645,a084d2570fda1b33a5334e7ccc7348c70511c9706607e4679019290811ac085b,expert_wires+checkpoint,1,1,1
model.language_model.layers.45.mlp.experts.148.up_proj,routed,TESSERA_E4M3_K1_R896,r896,1,1,0.002720783231779933,5.551881609551379e-07,3691257,3691257,64f61fe052281f729d624df1f6e29789dce3f052a45edb234f02ed5e37055730,expert_wires+checkpoint,1,1,1
model.language_model.layers.45.mlp.experts.149.down_proj,routed,TESSERA_BF16_K1_R896,r896,0,0,0.00023306100047193468,9.074830512615543e-07,3711694,3711694,3d34181ae919b67c9e6cd5b30acb69b39f310605c349d8ba9c42fb8ee8578f7f,expert_wires+checkpoint,1,1,1
model.language_model.layers.45.mlp.experts.149.down_proj,routed,TESSERA_E4M3_K1_R896,r896,1,1,0.0002524835290387273,2.1556863507045495e-06,3695306,3695306,903cb69b9b5c86e8f81d6dcfd8236a28839cdcc639c0d2202611fae6c0d38d8c,expert_wires+checkpoint,1,1,1
model.language_model.layers.45.mlp.experts.149.gate_proj,routed,TESSERA_BF16_K1_R896,r896,0,0,0.0018608079990372062,1.9099141770634527e-06,3707645,3707645,f988c438a8e52acc2e0af082849bd47a4ca1182e8c707629bdf73541cf775704,expert_wires+checkpoint,1,1,1
model.language_model.layers.45.mlp.experts.149.gate_proj,routed,TESSERA_E4M3_K1_R896,r896,1,1,0.0021669017150998116,1.1564185134536353e-06,3691257,3691257,9bc5fcf5df2ddf97b1fd88863794d498638e2636c566bba61bee6b0482fef69c,expert_wires+checkpoint,1,1,1
model.language_model.layers.45.mlp.experts.149.up_proj,routed,TESSERA_BF16_K1_R896,r896,0,0,0.0019388224463909864,5.122493284444722e-07,3707645,3707645,f460159a26b1c273a5b2349d6c0e6916184b7397572295e8cd7c0da59ba8baca,expert_wires+checkpoint,1,1,1
model.language_model.layers.45.mlp.experts.149.up_proj,routed,TESSERA_E4M3_K1_R896,r896,1,1,0.0022537403274327517,3.088093104358702e-06,3691257,3691257,66b3168ffef6a7c5dfad00271e6585a352da6f558b62501cdd28f878768aac30,expert_wires+checkpoint,1,1,1
model.language_model.layers.45.mlp.experts.15.down_proj,routed,TESSERA_BF16_K1_R896,r896,0,0,0.00047994471970014274,6.272137603887328e-07,3711694,3711694,dc038d67d24f4352a3ee5a548bf17d97d146d84a7fc2605829c331b57db10a1f,expert_wires+checkpoint,1,1,1
model.language_model.layers.45.mlp.experts.15.down_proj,routed,TESSERA_E4M3_K1_R896,r896,1,1,0.0005185621557757258,5.272238291565056e-06,3695306,3695306,c7744b3616a30512046f9ec31bdc0b36a8e229e459db07bd9b0ff3b6e6beb86c,expert_wires+checkpoint,1,1,1
model.language_model.layers.45.mlp.experts.15.gate_proj,routed,TESSERA_BF16_K1_R896,r896,0,0,0.002238345565274358,6.772377985773133e-07,3707645,3707645,6e6b2243393391f35c58638cd56dc6536791b535a29e3437c8e8144abfcad58d,expert_wires+checkpoint,1,1,1
model.language_model.layers.45.mlp.experts.15.gate_proj,routed,TESSERA_E4M3_K1_R896,r896,1,1,0.002619651146233082,7.906044214283484e-07,3691257,3691257,164a309907d2334d32202e3c48daf9240182dcd429f61d5ebd1eee7bc60996ca,expert_wires+checkpoint,1,1,1
model.language_model.layers.45.mlp.experts.15.up_proj,routed,TESSERA_BF16_K1_R896,r896,0,0,0.0023579224944114685,1.0084615194729167e-06,3707645,3707645,bf478217e80b118bcd7b0f15d1c4ec4418e2820b91ab8cbf3733c82c3bb1a501,expert_wires+checkpoint,1,1,1
model.language_model.layers.45.mlp.experts.15.up_proj,routed,TESSERA_E4M3_K1_R896,r896,1,1,0.0027365118730813265,5.281810236492433e-07,3691257,3691257,d698890514870431d85ae3c686a81a1e91d8c28f7603eca4b4d721a470e189ad,expert_wires+checkpoint,1,1,1
model.language_model.layers.45.mlp.experts.150.down_proj,routed,TESSERA_BF16_K1_R896,r896,0,0,0.00048135497490875423,9.778838030003594e-07,3711694,3711694,11262d39dd656dd0ed98c6b93a8af82fcd147a00a2fcf18c138821abe7ac80d2,expert_wires+checkpoint,1,1,1
model.language_model.layers.45.mlp.experts.150.down_proj,routed,TESSERA_E4M3_K1_R896,r896,1,1,0.000531840487383306,5.1094485122331e-06,3695306,3695306,0584fe2be1391a8129da5574bc18afe48be8a80b7fc6892f228812223a576b5c,expert_wires+checkpoint,1,1,1
model.language_model.layers.45.mlp.experts.150.gate_proj,routed,TESSERA_BF16_K1_R896,r896,0,0,0.0018404254224151373,1.1468648804305516e-07,3707645,3707645,86c9b17f85724b4f67812cf8057bcfa1b876240354992f06e7f18b9c1fa55226,expert_wires+checkpoint,1,1,1
model.language_model.layers.45.mlp.experts.150.gate_proj,routed,TESSERA_E4M3_K1_R896,r896,1,1,0.002229101723060012,2.416951012829593e-06,3691257,3691257,c9b47b0090d15e20515b67997b8e835ebded85e35802b08e4a9532654ae5b364,expert_wires+checkpoint,1,1,1
model.language_model.layers.45.mlp.experts.150.up_proj,routed,TESSERA_BF16_K1_R896,r896,0,0,0.001919012051075697,1.1870941189798698e-06,3707645,3707645,dbfe065a6d1744ac0ba69a78945ccb41c54e2114cf940bf2e705dec702afd4bf,expert_wires+checkpoint,1,1,1
model.language_model.layers.45.mlp.experts.150.up_proj,routed,TESSERA_E4M3_K1_R896,r896,1,1,0.0023072385229170322,1.3742475128662855e-06,3691257,3691257,02605afac467eabc96f48bb5aa74ab690914f04b86641ca859f4dd7cd44e790a,expert_wires+checkpoint,1,1,1
model.language_model.layers.45.mlp.experts.151.down_proj,routed,TESSERA_BF16_K1_R896,r896,0,0,0.0027454702649265528,5.2916018542896866e-06,3711694,3711694,0c2309ccbb400dcc363abc6d8b1eee9641eb870b34e1647cb2393a31ae1b7782,expert_wires+checkpoint,1,1,1
model.language_model.layers.45.mlp.experts.151.down_proj,routed,TESSERA_E4M3_K1_R896,r896,1,1,0.003094498533755541,9.612088620237283e-06,3695306,3695306,d11ab8eb59beecf33b3f577959982c215b9b487289557aa80ac10a9bf55ad7c0,expert_wires+checkpoint,1,1,1
model.language_model.layers.45.mlp.experts.151.gate_proj,routed,TESSERA_BF16_K1_R896,r896,0,0,0.0021653214935213327,6.875792237218527e-06,3707645,3707645,c6e0d73c4ec49aaba4ab3bd281b96e14c1f1ff683904b88fafc2f668076f2cef,expert_wires+checkpoint,1,1,1
model.language_model.layers.45.mlp.experts.151.gate_proj,routed,TESSERA_E4M3_K1_R896,r896,1,1,0.0025094719603657722,8.355756749988188e-06,3691257,3691257,2dc31b20e877289ac2f53dd20e92ea7b9cdd195dbdf0add84791e719bd4126f7,expert_wires+checkpoint,1,1,1
model.language_model.layers.45.mlp.experts.151.up_proj,routed,TESSERA_BF16_K1_R896,r896,0,0,0.002489984966814518,4.835507299061947e-06,3707645,3707645,fc8cf69a7077e51d74b2959db7e4f8b9f4989fa5659f324799807ae219677e53,expert_wires+checkpoint,1,1,1
model.language_model.layers.45.mlp.experts.151.up_proj,routed,TESSERA_E4M3_K1_R896,r896,1,1,0.002856974257156253,3.1517320331914962e-06,3691257,3691257,c3e23f293b6a36f6394f15f321de29545d01be6c70c3063e4a1193f42d85f465,expert_wires+checkpoint,1,1,1
model.language_model.layers.45.mlp.experts.152.down_proj,routed,TESSERA_BF16_K1_R896,r896,0,0,0.000842690875288099,2.6813582869209386e-06,3711694,3711694,532bdf93d3e2a765cac45c8b72a0f2e644640db16d335dfed5f1712aa2497e46,expert_wires+checkpoint,1,1,1
model.language_model.layers.45.mlp.experts.152.down_proj,routed,TESSERA_E4M3_K1_R896,r896,1,1,0.0009299255325458944,3.3922793370672083e-06,3695306,3695306,d6e9b810b548e123022258cc5db5abaa2988fd1881afce4a22e8e57e35d0c7c9,expert_wires+checkpoint,1,1,1
model.language_model.layers.45.mlp.experts.152.gate_proj,routed,TESSERA_BF16_K1_R896,r896,0,0,0.0019811782985925674,1.0188423920367307e-06,3707645,3707645,f128bf224032ee5623fb6ae1f8586481a92aa31933f67e70846043a44ee37c3e,expert_wires+checkpoint,1,1,1
model.language_model.layers.45.mlp.experts.152.gate_proj,routed,TESSERA_E4M3_K1_R896,r896,1,1,0.0022788848727941513,6.556349790520739e-06,3691257,3691257,4146e5a35b4efe051cc4c36bf5256bb80dd0f4f5d4b87ff4e0a3c9d28e50272b,expert_wires+checkpoint,1,1,1
model.language_model.layers.45.mlp.experts.152.up_proj,routed,TESSERA_BF16_K1_R896,r896,0,0,0.0021840627305209637,3.907351290616708e-06,3707645,3707645,5b2c02fbfce5450f9abd043236f1389d9072ae4dd40474c0bec9d82ecfce9241,expert_wires+checkpoint,1,1,1
model.language_model.layers.45.mlp.experts.152.up_proj,routed,TESSERA_E4M3_K1_R896,r896,1,1,0.0025134081952273846,1.4419163250044954e-06,3691257,3691257,eb74f7bd98bdbb598dd63623f9fc7d7be3fe087fb75053b6160c2c72c21ca3db,expert_wires+checkpoint,1,1,1
model.language_model.layers.45.mlp.experts.153.down_proj,routed,TESSERA_BF16_K1_R896,r896,0,0,0.0006703207036480308,6.803292794522331e-07,3711694,3711694,2799f896ce9d918d955b44d8c010fea16f54f5ba3723d232e8f4b24191861f02,expert_wires+checkpoint,1,1,1
model.language_model.layers.45.mlp.experts.153.down_proj,routed,TESSERA_E4M3_K1_R896,r896,1,1,0.0007456046296283603,8.353108505760732e-07,3695306,3695306,2685901b465c450fa1496eeb80a8e557b2528fe4a9f976f27d19b1f9d769ca8a,expert_wires+checkpoint,1,1,1
model.language_model.layers.45.mlp.experts.153.gate_proj,routed,TESSERA_BF16_K1_R896,r896,0,0,0.0015028677880764008,5.826820130615822e-07,3707645,3707645,2031077be0c55c7153802b6eadc008378fcc2e6b4aac26473c7ed300ec9947a9,expert_wires+checkpoint,1,1,1
model.language_model.layers.45.mlp.experts.153.gate_proj,routed,TESSERA_E4M3_K1_R896,r896,1,1,0.001797843025997281,4.856513011965066e-07,3691257,3691257,7e45dd147d145582b98272147c8a4e962b96188afe2634429c2549ba6cfed3a5,expert_wires+checkpoint,1,1,1
model.language_model.layers.45.mlp.experts.153.up_proj,routed,TESSERA_BF16_K1_R896,r896,0,0,0.0017958477837964892,6.981057967381249e-07,3707645,3707645,d9d982de32818a3c7d235a67ab03d2d98cdb1bfbb751d217e7911c9fa49f38fe,expert_wires+checkpoint,1,1,1
model.language_model.layers.45.mlp.experts.153.up_proj,routed,TESSERA_E4M3_K1_R896,r896,1,1,0.002147587714716792,1.0313633349436072e-06,3691257,3691257,b997d9cacc9d452d229309fcb68fe08bbc87c6767550d2a955e3f45b84224461,expert_wires+checkpoint,1,1,1
model.language_model.layers.45.mlp.experts.154.down_proj,routed,TESSERA_BF16_K1_R896,r896,0,0,0.0005283246282488108,1.5604123469863957e-06,3711694,3711694,88d0f84d8616523f0e5889ccf01d3b97853caaad14805d7f1be7ec37a59d0281,expert_wires+checkpoint,1,1,1
model.language_model.layers.45.mlp.experts.154.down_proj,routed,TESSERA_E4M3_K1_R896,r896,1,1,0.0005738962208852172,1.513640949050588e-06,3695306,3695306,a8e2f6ab27f5f2fbe923fbcb5b85ba6fe473f0eabdb04a04a61011ebe0bf5244,expert_wires+checkpoint,1,1,1
model.language_model.layers.45.mlp.experts.154.gate_proj,routed,TESSERA_BF16_K1_R896,r896,0,0,0.002031424082815647,9.033457223754305e-07,3707645,3707645,2296467633c2ab88ab7d56d6043e7a31ed6f2f424c92233011de8d5f8d30043a,expert_wires+checkpoint,1,1,1
model.language_model.layers.45.mlp.experts.154.gate_proj,routed,TESSERA_E4M3_K1_R896,r896,1,1,0.002388835186138749,6.332698576707335e-07,3691257,3691257,3ffd93ed6eac92c9e9bb787db0b21f7f8a64032581d3a4c2695b685e830f3505,expert_wires+checkpoint,1,1,1
model.language_model.layers.45.mlp.experts.154.up_proj,routed,TESSERA_BF16_K1_R896,r896,0,0,0.002211418468505144,4.221221998563392e-07,3707645,3707645,86d5b5592e0cd23ef89ec0f4d48a69333792718dfbc2a31b05516228f08a7719,expert_wires+checkpoint,1,1,1
model.language_model.layers.45.mlp.experts.154.up_proj,routed,TESSERA_E4M3_K1_R896,r896,1,1,0.002594259800389409,7.901478911338043e-07,3691257,3691257,462e3d242229e0979bf1510c31e19d1ae55ed24c6e96efca90b8fc7366f507d9,expert_wires+checkpoint,1,1,1
model.language_model.layers.45.mlp.experts.155.down_proj,routed,TESSERA_BF16_K1_R896,r896,0,0,0.00034541473723948,1.164550154258063e-06,3711694,3711694,aa31d163560d1bbca714e645c80d6b8da31ed0abe84a9dae064e287451cc3af8,expert_wires+checkpoint,1,1,1
model.language_model.layers.45.mlp.experts.155.down_proj,routed,TESSERA_E4M3_K1_R896,r896,1,1,0.00038079769001342356,4.178116311216374e-07,3695306,3695306,302ba4fada42c171c1daf55c39f986e0df6b5bfb10ec837df88ebc848ad58f06,expert_wires+checkpoint,1,1,1
model.language_model.layers.45.mlp.experts.155.gate_proj,routed,TESSERA_BF16_K1_R896,r896,0,0,0.0019642761908471584,1.8983039192258872e-06,3707645,3707645,e9ed228ad7af9186951a3271316b0dee75421ebcd069e3b78f873cdc18bbaebd,expert_wires+checkpoint,1,1,1
model.language_model.layers.45.mlp.experts.155.gate_proj,routed,TESSERA_E4M3_K1_R896,r896,1,1,0.002314058132469654,1.1108020732988624e-07,3691257,3691257,cc2516fe28cf33888e0e36c5157d0e344533e91f760d7524982d00608f68b207,expert_wires+checkpoint,1,1,1
model.language_model.layers.45.mlp.experts.155.up_proj,routed,TESSERA_BF16_K1_R896,r896,0,0,0.0021754568442702293,8.889080398043358e-07,3707645,3707645,e36d3909bc9cb5cb4d5af574ba150f2603a722bf26a2a6c0cfa106c4cfd30ad0,expert_wires+checkpoint,1,1,1
model.language_model.layers.45.mlp.experts.155.up_proj,routed,TESSERA_E4M3_K1_R896,r896,1,1,0.0025520899798721075,8.473996102631053e-07,3691257,3691257,0b9cc7db6772f8847add81fa80a2758fdbc9c16d28ccfc0e29be4b80115c6ac0,expert_wires+checkpoint,1,1,1
model.language_model.layers.45.mlp.experts.156.down_proj,routed,TESSERA_BF16_K1_R896,r896,0,0,0.0006248835707083344,5.363035771602955e-07,3711694,3711694,00e1e2e7ebca7d0b87765b10def3e8f2e92c08731178d8e7f8727a017e45c8d7,expert_wires+checkpoint,1,1,1
model.language_model.layers.45.mlp.experts.156.down_proj,routed,TESSERA_E4M3_K1_R896,r896,1,1,0.0006754448404535651,1.134878258385706e-06,3695306,3695306,801d81c223d931bb64ed17a13f641468b6c0e2c7376377e748092e75bd1a036d,expert_wires+checkpoint,1,1,1
model.language_model.layers.45.mlp.experts.156.gate_proj,routed,TESSERA_BF16_K1_R896,r896,0,0,0.0022417001891881227,1.0278086841366813e-06,3707645,3707645,f8c2c320739fd20a2517583bb936489621174409b04498253a893b3d5cb9e008,expert_wires+checkpoint,1,1,1
model.language_model.layers.45.mlp.experts.156.gate_proj,routed,TESSERA_E4M3_K1_R896,r896,1,1,0.002604696899652481,5.913513742148365e-08,3691257,3691257,9e8d696e03095a225c0587802eedd599c8ab47819f046fae716726f80bf6e445,expert_wires+checkpoint,1,1,1
model.language_model.layers.45.mlp.experts.156.up_proj,routed,TESSERA_BF16_K1_R896,r896,0,0,0.002459891838952899,9.572307129879406e-07,3707645,3707645,36fd4bd79902224dbf7b3fb16aeda3d8f986f6cad5a29d91a6916a93602e344a,expert_wires+checkpoint,1,1,1
model.language_model.layers.45.mlp.experts.156.up_proj,routed,TESSERA_E4M3_K1_R896,r896,1,1,0.0028544883243739605,1.0245259928510516e-06,3691257,3691257,1530e5452bc646af2fda2400b1637ffc6a3762543e8836fb7cd63986c6183e1f,expert_wires+checkpoint,1,1,1
model.language_model.layers.45.mlp.experts.157.down_proj,routed,TESSERA_BF16_K1_R896,r896,0,0,0.0003770759212784469,9.836844201341546e-07,3711694,3711694,6023085deefb59dcdf5cefd44e3b73276c92ab83e76c8e44e39aaedaae13bfda,expert_wires+checkpoint,1,1,1
model.language_model.layers.45.mlp.experts.157.down_proj,routed,TESSERA_E4M3_K1_R896,r896,1,1,0.0004117684147786349,1.5777938904782173e-06,3695306,3695306,33d07bd03c6ac324108fd4281a86004950a1b8ea9cc4065b9438faefa3ea6186,expert_wires+checkpoint,1,1,1
model.language_model.layers.45.mlp.experts.157.gate_proj,routed,TESSERA_BF16_K1_R896,r896,0,0,0.0018002977594733238,1.462373306761836e-06,3707645,3707645,38d9165dd0f90b776b082f83e89aa007ab97aa0d2ee5fac88e934ab03ac9521f,expert_wires+checkpoint,1,1,1
model.language_model.layers.45.mlp.experts.157.gate_proj,routed,TESSERA_E4M3_K1_R896,r896,1,1,0.0021068667992949486,9.36052862339072e-07,3691257,3691257,9ed7cb6596bd589f2aa0b9107d1d925f1947281a1805610fcadaf6b323981f13,expert_wires+checkpoint,1,1,1
model.language_model.layers.45.mlp.experts.157.up_proj,routed,TESSERA_BF16_K1_R896,r896,0,0,0.002105259569361806,1.5496702211905359e-06,3707645,3707645,9ed04660386228323aa0c328ee986dc0d7abb23c2061431963170817054a2672,expert_wires+checkpoint,1,1,1
model.language_model.layers.45.mlp.experts.157.up_proj,routed,TESSERA_E4M3_K1_R896,r896,1,1,0.0024666478857398033,8.759665319954575e-07,3691257,3691257,01625356bcf9edfd452b93c2084887a88e56962f3b607f0591676c69e925bcce,expert_wires+checkpoint,1,1,1
model.language_model.layers.45.mlp.experts.158.down_proj,routed,TESSERA_BF16_K1_R896,r896,0,0,0.0006530474638566375,1.9294609578949297e-06,3711694,3711694,e7d741ffe15e2ce75214aae1a4c6fdfd3e38c4cee3a688209706211e602b85dc,expert_wires+checkpoint,1,1,1
model.language_model.layers.45.mlp.experts.158.down_proj,routed,TESSERA_E4M3_K1_R896,r896,1,1,0.0007061370415613055,1.035952171693315e-07,3695306,3695306,7894ce1ed9ca688b4a3710ce09803fd9a097df3ea563deb54ce2e6aa0ce659be,expert_wires+checkpoint,1,1,1
model.language_model.layers.45.mlp.experts.158.gate_proj,routed,TESSERA_BF16_K1_R896,r896,0,0,0.00202255230396986,1.3029211361789658e-07,3707645,3707645,4161a589381ee3a23f24ddd6e92ab00b6ac671987badf923ce3175829bd6f48d,expert_wires+checkpoint,1,1,1
model.language_model.layers.45.mlp.experts.158.gate_proj,routed,TESSERA_E4M3_K1_R896,r896,1,1,0.002388410270214081,4.272617534925612e-07,3691257,3691257,7092fc1cdc1071df90d6ddc25bc2414beb4e6e20e3386d3d539f6cf630bd73ed,expert_wires+checkpoint,1,1,1
model.language_model.layers.45.mlp.experts.158.up_proj,routed,TESSERA_BF16_K1_R896,r896,0,0,0.002169895451515913,2.8958553470731993e-07,3707645,3707645,97d280e777465f9985d565222fa3a24956d55f69a0a38585135d98429f494f70,expert_wires+checkpoint,1,1,1
model.language_model.layers.45.mlp.experts.158.up_proj,routed,TESSERA_E4M3_K1_R896,r896,1,1,0.002572540193796158,3.4441308796038816e-07,3691257,3691257,768c389dcfeb161ac5babfdaf3e15ef7438ad834544e52d5569fb31ca4a6bab9,expert_wires+checkpoint,1,1,1
model.language_model.layers.45.mlp.experts.159.down_proj,routed,TESSERA_BF16_K1_R896,r896,0,0,0.00043462644680403173,1.874750519290844e-06,3711694,3711694,ad61dd821a23f233c3caf752ff133f7fd4722080472886c44490a39b5fb5820c,expert_wires+checkpoint,1,1,1
model.language_model.layers.45.mlp.experts.159.down_proj,routed,TESSERA_E4M3_K1_R896,r896,1,1,0.00047529913717880845,2.722752583218706e-06,3695306,3695306,fad804dcef34393fff6d53d538f90034dda0802c64083e06d5350d81de7aadba,expert_wires+checkpoint,1,1,1
model.language_model.layers.45.mlp.experts.159.gate_proj,routed,TESSERA_BF16_K1_R896,r896,0,0,0.0017609288915991783,1.7298714044547705e-06,3707645,3707645,e25c3b7d15f66703b27ad8a9dd8c1b791837f9a6d46ec0bbc98ae983e45f8564,expert_wires+checkpoint,1,1,1
model.language_model.layers.45.mlp.experts.159.gate_proj,routed,TESSERA_E4M3_K1_R896,r896,1,1,0.002101987600326538,1.2255659812441726e-06,3691257,3691257,efa214f4f14a52613c5726c22654631aff2bf5cc08bbeea77bf885bb5b33829a,expert_wires+checkpoint,1,1,1
model.language_model.layers.45.mlp.experts.159.up_proj,routed,TESSERA_BF16_K1_R896,r896,0,0,0.00187401520088315,1.7742268979754994e-06,3707645,3707645,b8cda9188b7633a97e9a3b97ffbab3c82c079cc77e55d93fd2d214b55af3b479,expert_wires+checkpoint,1,1,1
model.language_model.layers.45.mlp.experts.159.up_proj,routed,TESSERA_E4M3_K1_R896,r896,1,1,0.0022419732995331287,2.3583482121075523e-06,3691257,3691257,fce22e1ed3b90fb9a04bae9553edd0f712bbde88a4a8158b07548fc8b2f869ca,expert_wires+checkpoint,1,1,1
model.language_model.layers.45.mlp.experts.16.down_proj,routed,TESSERA_BF16_K1_R896,r896,0,0,0.00025490124244242907,4.943170182118266e-07,3711694,3711694,9e96e2bdecda150064c73e9452a6b9d61756879d2211f08fdbd33b24c8bd5bc9,expert_wires+checkpoint,1,1,1
model.language_model.layers.45.mlp.experts.16.down_proj,routed,TESSERA_E4M3_K1_R896,r896,1,1,0.00027590591344051063,6.714133956284852e-07,3695306,3695306,809f10dcadca9aa8366200ddc9f7fc639e2c4673f33607385ae512f6e621c51e,expert_wires+checkpoint,1,1,1
model.language_model.layers.45.mlp.experts.16.gate_proj,routed,TESSERA_BF16_K1_R896,r896,0,0,0.001993732526898384,6.081483619968859e-07,3707645,3707645,23621ccf0a4bce8dc7a8e548fba737e35f6fbd9392dd2809700576683e58ac9f,expert_wires+checkpoint,1,1,1
model.language_model.layers.45.mlp.experts.16.gate_proj,routed,TESSERA_E4M3_K1_R896,r896,1,1,0.00229540909640491,3.485319764211548e-07,3691257,3691257,9996c35b5aa209bb24b5cf029d4ede1998bb3ca80251021feed969787bb5686b,expert_wires+checkpoint,1,1,1
model.language_model.layers.45.mlp.experts.16.up_proj,routed,TESSERA_BF16_K1_R896,r896,0,0,0.0022919345647096634,3.325798740106341e-07,3707645,3707645,be01661c0ca06700f55f4bb943b95c3dbaf4b35607d47c4754cd33f74c8b75f2,expert_wires+checkpoint,1,1,1
model.language_model.layers.45.mlp.experts.16.up_proj,routed,TESSERA_E4M3_K1_R896,r896,1,1,0.002639196813106537,3.21006620084531e-07,3691257,3691257,3bbfeba9f102fd0c621566ee055a22ed3c81961b3df3497dc3ab93d5687879e6,expert_wires+checkpoint,1,1,1
model.language_model.layers.45.mlp.experts.160.down_proj,routed,TESSERA_BF16_K1_R896,r896,0,0,0.0006488578510470688,1.926584927028215e-06,3711694,3711694,75de805dab4ece9de0cfa2e41c4e341572d830d1dd3719a0e81ce9804a206c81,expert_wires+checkpoint,1,1,1
model.language_model.layers.45.mlp.experts.160.down_proj,routed,TESSERA_E4M3_K1_R896,r896,1,1,0.000719651288818568,2.866061438820752e-06,3695306,3695306,7e2ceaf464e41234265662396f098ff5d05ffa03a457d647fac87abf138d6306,expert_wires+checkpoint,1,1,1
model.language_model.layers.45.mlp.experts.160.gate_proj,routed,TESSERA_BF16_K1_R896,r896,0,0,0.0019261717097833753,1.189387256018525e-07,3707645,3707645,4eaa4355d9906c8908e14e382703b17358e15af996bfa9a588f7c8b0e0bfba7c,expert_wires+checkpoint,1,1,1
model.language_model.layers.45.mlp.experts.160.gate_proj,routed,TESSERA_E4M3_K1_R896,r896,1,1,0.0022846076171845198,2.6796695864568036e-07,3691257,3691257,11026155e11f35efa9c6896906443cb79d3b96780d96d73c98b8cc52686f50f7,expert_wires+checkpoint,1,1,1
model.language_model.layers.45.mlp.experts.160.up_proj,routed,TESSERA_BF16_K1_R896,r896,0,0,0.002093406394124031,2.866795287671131e-06,3707645,3707645,edc2620da0dc83bede1853cc3cea8d31aac8668addd5fae3c486e32d7bc89572,expert_wires+checkpoint,1,1,1
model.language_model.layers.45.mlp.experts.160.up_proj,routed,TESSERA_E4M3_K1_R896,r896,1,1,0.002484908327460289,1.6563194217828863e-06,3691257,3691257,c7ecce0e7db7de36c21d8cd01ac9fa3586cb04eba3300fdecc4b5ba102f54b6f,expert_wires+checkpoint,1,1,1
model.language_model.layers.45.mlp.experts.161.down_proj,routed,TESSERA_BF16_K1_R896,r896,0,0,0.0005177549319341779,1.0066896602306066e-06,3711694,3711694,b641894e499e1b871e4739f16f8303338dbd7d64b25db21fb8a266f90e8c1a7b,expert_wires+checkpoint,1,1,1
model.language_model.layers.45.mlp.experts.161.down_proj,routed,TESSERA_E4M3_K1_R896,r896,1,1,0.0005809121066704392,1.1433022210546311e-06,3695306,3695306,51f3b75d2655fc5925360b7755b83dea7905ed5f98e8af992b0bd3b622f03025,expert_wires+checkpoint,1,1,1
model.language_model.layers.45.mlp.experts.161.gate_proj,routed,TESSERA_BF16_K1_R896,r896,0,0,0.0014667115174233913,2.1083877670342434e-07,3707645,3707645,a3dd979e07d1f5a4bace57e4f633a6edfb069298189c504f91359c2938d410e4,expert_wires+checkpoint,1,1,1
model.language_model.layers.45.mlp.experts.161.gate_proj,routed,TESSERA_E4M3_K1_R896,r896,1,1,0.0017688465304672718,6.608052349037955e-07,3691257,3691257,2ab7c3eb015f969b6caa157ea37b5eefefe35ff0c24846975769da3e79ed7cd2,expert_wires+checkpoint,1,1,1
model.language_model.layers.45.mlp.experts.161.up_proj,routed,TESSERA_BF16_K1_R896,r896,0,0,0.0016571717569604516,1.5286614760703375e-07,3707645,3707645,05b3a628de2b833f58493d671f971ea5a9100b9e10d87c6885a707ddb8b5ef15,expert_wires+checkpoint,1,1,1
model.language_model.layers.45.mlp.experts.161.up_proj,routed,TESSERA_E4M3_K1_R896,r896,1,1,0.001994687831029296,5.519426265382214e-07,3691257,3691257,d49510de751cf87bd2ed62cd56f2c24eda75ee43042bfb6f4377eb8e992ff8b9,expert_wires+checkpoint,1,1,1
model.language_model.layers.45.mlp.experts.162.down_proj,routed,TESSERA_BF16_K1_R896,r896,0,0,0.0005984721356071532,1.270510782072707e-06,3711694,3711694,e00bc8de7f86c6330aec94309556fb321833025ae19b99a5b407ed715d79217e,expert_wires+checkpoint,1,1,1
model.language_model.layers.45.mlp.experts.162.down_proj,routed,TESSERA_E4M3_K1_R896,r896,1,1,0.0006731173489242792,2.094450520838423e-06,3695306,3695306,340d6ddfdab6060f8c352518e283a8e487a6705f983eef043aec091dbe90d325,expert_wires+checkpoint,1,1,1
model.language_model.layers.45.mlp.experts.162.gate_proj,routed,TESSERA_BF16_K1_R896,r896,0,0,0.0014422552194446325,2.9521114170014877e-06,3707645,3707645,4394d5c11b2c0f49445350a1e3040a98c50bc7c5b6cbd949588c1fc7ed6683e4,expert_wires+checkpoint,1,1,1
model.language_model.layers.45.mlp.experts.162.gate_proj,routed,TESSERA_E4M3_K1_R896,r896,1,1,0.0017379627097398043,8.100192272168069e-07,3691257,3691257,326654dcdc8447ceb4b420e8c1fa9650406aa7237258379509aa1e69ad7d69a4,expert_wires+checkpoint,1,1,1
model.language_model.layers.45.mlp.experts.162.up_proj,routed,TESSERA_BF16_K1_R896,r896,0,0,0.0016413356643170118,1.4923429445983382e-06,3707645,3707645,f5a2bcd63258458644cb427201c6fabf55d94a2ad6d3e0b3a1c167b7d5670a0f,expert_wires+checkpoint,1,1,1
model.language_model.layers.45.mlp.experts.162.up_proj,routed,TESSERA_E4M3_K1_R896,r896,1,1,0.0019731221254915,2.638127265834535e-06,3691257,3691257,f873b6768ee8bc469c86c599012effa1cb27008bab3136f7ce2dd6aa6381d06c,expert_wires+checkpoint,1,1,1
model.language_model.layers.45.mlp.experts.163.down_proj,routed,TESSERA_BF16_K1_R896,r896,0,0,0.00047283811727538705,6.402762342844138e-06,3711694,3711694,5bce8e143e768d0a020f168162ad88eb0c87d7974c1c34731a404639749408ed,expert_wires+checkpoint,1,1,1
model.language_model.layers.45.mlp.experts.163.down_proj,routed,TESSERA_E4M3_K1_R896,r896,1,1,0.0005308585823513567,1.616171120553463e-05,3695306,3695306,5da4382450a5bf3631b3fb2fc24cc30a971770ecb6e4bdc7f9bda2c2e3e00b01,expert_wires+checkpoint,1,1,1
model.language_model.layers.45.mlp.experts.163.gate_proj,routed,TESSERA_BF16_K1_R896,r896,0,0,0.0020116933155804873,3.189699963167871e-06,3707645,3707645,8e4350d1dc5858b75622b2c273558a8a57719dcca4d538c601b9ed1f9bf87d91,expert_wires+checkpoint,1,1,1
model.language_model.layers.45.mlp.experts.163.gate_proj,routed,TESSERA_E4M3_K1_R896,r896,1,1,0.0024282727390527725,8.733852840591128e-06,3691257,3691257,7e2b5d1e0c3b84f38a8aa238513839142624258505497bd3760e02b781fda5a0,expert_wires+checkpoint,1,1,1
model.language_model.layers.45.mlp.experts.163.up_proj,routed,TESSERA_BF16_K1_R896,r896,0,0,0.002033923752605915,4.88960024853307e-06,3707645,3707645,f4e881a988db49295d4a45eaf8eb18c4f2654c090aa76617290163aecf76c0c9,expert_wires+checkpoint,1,1,1
model.language_model.layers.45.mlp.experts.163.up_proj,routed,TESSERA_E4M3_K1_R896,r896,1,1,0.002436448819935322,3.89570263608327e-06,3691257,3691257,d914b4bffafd42d2aaedfa9d25c913f8211d951a10e31c6690beea2e474b942d,expert_wires+checkpoint,1,1,1
model.language_model.layers.45.mlp.experts.164.down_proj,routed,TESSERA_BF16_K1_R896,r896,0,0,0.0008372487500309944,1.3678622104478204e-06,3711694,3711694,e893717bbb527a3855ddd44a45743453d410dcf71a74213c6f354684f1c047ac,expert_wires+checkpoint,1,1,1
model.language_model.layers.45.mlp.experts.164.down_proj,routed,TESSERA_E4M3_K1_R896,r896,1,1,0.0009179491898976266,8.947218887290629e-07,3695306,3695306,66908b197a456be43fec5cea300b6caf4e12c6178e28acb3c95169f3dca12a67,expert_wires+checkpoint,1,1,1
model.language_model.layers.45.mlp.experts.164.gate_proj,routed,TESSERA_BF16_K1_R896,r896,0,0,0.0020489534363150597,4.440932459562253e-07,3707645,3707645,3c0ad18635369b1c559bf479dbcea50fb39101abf04de980e32e6cd79c1d7257,expert_wires+checkpoint,1,1,1
model.language_model.layers.45.mlp.experts.164.gate_proj,routed,TESSERA_E4M3_K1_R896,r896,1,1,0.0023941537365317345,2.605495202660243e-06,3691257,3691257,06e863848bcc034bd5e14f66590aa1b5141f5cbf936616f7afe5132c42de9fe0,expert_wires+checkpoint,1,1,1
model.language_model.layers.45.mlp.experts.164.up_proj,routed,TESSERA_BF16_K1_R896,r896,0,0,0.0021989280357956886,5.274858277963803e-07,3707645,3707645,c0a680c585ecbbc99a9ae930ca1f1bac9140985d8f8b2b39b198caed489165d9,expert_wires+checkpoint,1,1,1
model.language_model.layers.45.mlp.experts.164.up_proj,routed,TESSERA_E4M3_K1_R896,r896,1,1,0.0025724172592163086,2.1748592577406554e-06,3691257,3691257,4867bf6fd289a8878b9b9570511547b4855ac55ce41c71db79c5c53874152b48,expert_wires+checkpoint,1,1,1
model.language_model.layers.45.mlp.experts.165.down_proj,routed,TESSERA_BF16_K1_R896,r896,0,0,0.0006364421569742262,2.780608188108488e-06,3711694,3711694,27d33663f7c77ad0657e445d3d3e35f64c5fbafc403203b3881f97b7d5ecacd0,expert_wires+checkpoint,1,1,1
model.language_model.layers.45.mlp.experts.165.down_proj,routed,TESSERA_E4M3_K1_R896,r896,1,1,0.0007068741833791137,2.4190506482056185e-06,3695306,3695306,e84c02764e6d9cb556572d5ad7c8b78c5a3c2aff6b4b452d1c48c01b5f0fa5b4,expert_wires+checkpoint,1,1,1
model.language_model.layers.45.mlp.experts.165.gate_proj,routed,TESSERA_BF16_K1_R896,r896,0,0,0.002014052588492632,1.1449136166648566e-06,3707645,3707645,ee4533573b3c7be6faef2910fd8c298a7afe08de67bb64be7385e493b22ef632,expert_wires+checkpoint,1,1,1
model.language_model.layers.45.mlp.experts.165.gate_proj,routed,TESSERA_E4M3_K1_R896,r896,1,1,0.0023609043564647436,1.3608584259012475e-06,3691257,3691257,6e3a2849c964b61d933dcaf74978b113fc1b9d9ba03d1ed9e36f25c3f9ea39ce,expert_wires+checkpoint,1,1,1
model.language_model.layers.45.mlp.experts.165.up_proj,routed,TESSERA_BF16_K1_R896,r896,0,0,0.0021796920336782932,2.5287666018582465e-06,3707645,3707645,60f95be047c5a95a07b36a49dc762a274d30e33933cd8147212af4068837346f,expert_wires+checkpoint,1,1,1
model.language_model.layers.45.mlp.experts.165.up_proj,routed,TESSERA_E4M3_K1_R896,r896,1,1,0.0025278471875935793,1.5048246397605076e-06,3691257,3691257,850a9bc16bf46ed2e7f322e5537c1cd9c2f356121e4b7510c561f952e4b919c9,expert_wires+checkpoint,1,1,1
model.language_model.layers.45.mlp.experts.166.down_proj,routed,TESSERA_BF16_K1_R896,r896,0,0,0.0008162701851688325,2.5308157671914787e-06,3711694,3711694,deab86dabf52a5eb1abd855443ff72622e17b266c43bdf1b9263593df5d62b90,expert_wires+checkpoint,1,1,1
model.language_model.layers.45.mlp.experts.166.down_proj,routed,TESSERA_E4M3_K1_R896,r896,1,1,0.0008903542184270918,4.127360041314691e-06,3695306,3695306,418481cb7111f7db4bc43780297fc29c39abcf1fb8f3a6f7eceaaff11ac22385,expert_wires+checkpoint,1,1,1
model.language_model.layers.45.mlp.experts.166.gate_proj,routed,TESSERA_BF16_K1_R896,r896,0,0,0.0020464942790567875,2.4206255582054973e-06,3707645,3707645,18d80ba02247d3fa45dfd0e4b9de1cef9cfb4076c179472cb7f18c38548c4bf2,expert_wires+checkpoint,1,1,1
model.language_model.layers.45.mlp.experts.166.gate_proj,routed,TESSERA_E4M3_K1_R896,r896,1,1,0.002378057222813368,1.103642078949444e-06,3691257,3691257,00dd65175166386c5182b567462f1ec793a0d0b59d2bec65ed21d309c6136cf3,expert_wires+checkpoint,1,1,1
model.language_model.layers.45.mlp.experts.166.up_proj,routed,TESSERA_BF16_K1_R896,r896,0,0,0.0022743388544768095,3.7659520152424997e-06,3707645,3707645,7238d8faaeb95ae84ce8d1c8a69f5b7375a0f798d906a1d2c518c3ce31c16342,expert_wires+checkpoint,1,1,1
model.language_model.layers.45.mlp.experts.166.up_proj,routed,TESSERA_E4M3_K1_R896,r896,1,1,0.0026340580079704523,3.9723932336903363e-07,3691257,3691257,f04dfe5405399c0e569e5ad7a661ff24210ddaa62229cc8829570817122fe945,expert_wires+checkpoint,1,1,1
model.language_model.layers.45.mlp.experts.167.down_proj,routed,TESSERA_BF16_K1_R896,r896,0,0,0.0003764907887671143,1.2473925753835869e-06,3711694,3711694,7651ddb8b7e6d31a7c4bef6f307309b1f38ee35602629051ccabc6dd6e723ea3,expert_wires+checkpoint,1,1,1
model.language_model.layers.45.mlp.experts.167.down_proj,routed,TESSERA_E4M3_K1_R896,r896,1,1,0.0004255169478710741,3.353468153704499e-08,3695306,3695306,2e50e68cce4220474354e84c47c351247d9ee28c5ce8fcf5f1891f7298a40c05,expert_wires+checkpoint,1,1,1
model.language_model.layers.45.mlp.experts.167.gate_proj,routed,TESSERA_BF16_K1_R896,r896,0,0,0.0013020457699894905,1.5541869102593198e-07,3707645,3707645,3a6923e4ef1eb28a4c70ddb65956c165746997a24828150c777028c9b2f2d177,expert_wires+checkpoint,1,1,1
model.language_model.layers.45.mlp.experts.167.gate_proj,routed,TESSERA_E4M3_K1_R896,r896,1,1,0.0016053939471021295,1.1030211264835174e-06,3691257,3691257,e7fe7a731963652426db0912e432cf237f5e5a042c80ab9e119e6838b8c0caa6,expert_wires+checkpoint,1,1,1
model.language_model.layers.45.mlp.experts.167.up_proj,routed,TESSERA_BF16_K1_R896,r896,0,0,0.0014028120785951614,3.1028106914003875e-07,3707645,3707645,d8d7c0f2033c53343e8e8a39733d91d5ab823f01bad9a98fc3fec59e66643441,expert_wires+checkpoint,1,1,1
model.language_model.layers.45.mlp.experts.167.up_proj,routed,TESSERA_E4M3_K1_R896,r896,1,1,0.0017255287384614348,2.2050544724742124e-07,3691257,3691257,cd6f0ecad086a212417435f51706400c0df33b63764af1fc2cc0bd40ccba97ce,expert_wires+checkpoint,1,1,1
model.language_model.layers.45.mlp.experts.168.down_proj,routed,TESSERA_BF16_K1_R896,r896,0,0,0.00045992917148396373,1.4153760933089337e-06,3711694,3711694,4583231029316a0259e2f2ab291ae4186d0073a586e07f0d9baa123837685fee,expert_wires+checkpoint,1,1,1
model.language_model.layers.45.mlp.experts.168.down_proj,routed,TESSERA_E4M3_K1_R896,r896,1,1,0.000503027462400496,3.4462467755045213e-06,3695306,3695306,a6cd5f3b97e0517d8d46939c0f7f236c58fc08b4c3adfbd770f47918d85f02ca,expert_wires+checkpoint,1,1,1
model.language_model.layers.45.mlp.experts.168.gate_proj,routed,TESSERA_BF16_K1_R896,r896,0,0,0.002109573222696781,1.7085802300656037e-06,3707645,3707645,2938a8eb3d3a7dd8a078587ce7a87e9bc4d6541628720ae2d987a2900387d0cb,expert_wires+checkpoint,1,1,1
model.language_model.layers.45.mlp.experts.168.gate_proj,routed,TESSERA_E4M3_K1_R896,r896,1,1,0.0024730213917791843,2.2398950719130972e-06,3691257,3691257,2558f044e2a3e05566fd5cb12f5d586200c21a178b9d4e4064b0a22ac4cc4908,expert_wires+checkpoint,1,1,1
model.language_model.layers.45.mlp.experts.168.up_proj,routed,TESSERA_BF16_K1_R896,r896,0,0,0.0022896791342645884,1.7771276037212314e-06,3707645,3707645,5b987ca742625da0ed04148e681fd229ebcce3848b564011c898f89df7f62c7e,expert_wires+checkpoint,1,1,1
model.language_model.layers.45.mlp.experts.168.up_proj,routed,TESSERA_E4M3_K1_R896,r896,1,1,0.0026809140108525753,1.9124754041949858e-06,3691257,3691257,e86df11a2f54d26b4b337a574a1a31284b1a70a2cabf5141032ce66ec9163956,expert_wires+checkpoint,1,1,1
model.language_model.layers.45.mlp.experts.169.down_proj,routed,TESSERA_BF16_K1_R896,r896,0,0,0.0017112395726144314,6.523214198501995e-07,3711694,3711694,a70d2248bd75754e5cc1d299367f8eb804a1266416a883909a1d6792d0d8d356,expert_wires+checkpoint,1,1,1
model.language_model.layers.45.mlp.experts.169.down_proj,routed,TESSERA_E4M3_K1_R896,r896,1,1,0.002014080761000514,8.129371849184541e-07,3695306,3695306,554b65899fb8c9810e587af3792fa22ce4bb69f4ec00b521cb5a814675a55543,expert_wires+checkpoint,1,1,1
model.language_model.layers.45.mlp.experts.169.gate_proj,routed,TESSERA_BF16_K1_R896,r896,0,0,0.0010004028445109725,3.117234378138409e-07,3707645,3707645,bb27b6508802884a8510657d96343169cbb9f4c3892347364f1860f6d240b906,expert_wires+checkpoint,1,1,1
model.language_model.layers.45.mlp.experts.169.gate_proj,routed,TESSERA_E4M3_K1_R896,r896,1,1,0.0012402823194861412,2.6520383041475465e-07,3691257,3691257,fa5baad2ada1a939692a54172fa1c5f33385fa6716b0ee25785dcd0f37849358,expert_wires+checkpoint,1,1,1
model.language_model.layers.45.mlp.experts.169.up_proj,routed,TESSERA_BF16_K1_R896,r896,0,0,0.0011834834003821015,4.202712212274429e-07,3707645,3707645,5f87384af9c88e2b68acae3b31d7c8c295d46e17c014d7034d4a7d2aed0d7405,expert_wires+checkpoint,1,1,1
model.language_model.layers.45.mlp.experts.169.up_proj,routed,TESSERA_E4M3_K1_R896,r896,1,1,0.001466405694372952,3.2061926262584696e-07,3691257,3691257,e41200d046194de5cbe0e8e6c2c15cc7d662a1ed699a5563bae49935ece876c8,expert_wires+checkpoint,1,1,1
model.language_model.layers.45.mlp.experts.17.down_proj,routed,TESSERA_BF16_K1_R896,r896,0,0,0.0003967904776800424,3.2462002609593076e-06,3711694,3711694,c9b43d2aff9e3809033ab4e5de26a3354f5518a2ef1896b963d01d76d09ff875,expert_wires+checkpoint,1,1,1
model.language_model.layers.45.mlp.experts.17.down_proj,routed,TESSERA_E4M3_K1_R896,r896,1,1,0.0004310283693484962,2.161123070961707e-06,3695306,3695306,00b10055aaa6b88035c449ead3e8087bcafd1e3a5a22612785d33a44113f167c,expert_wires+checkpoint,1,1,1
model.language_model.layers.45.mlp.experts.17.gate_proj,routed,TESSERA_BF16_K1_R896,r896,0,0,0.002161887474358082,2.153231899618395e-07,3707645,3707645,8a94c0356d8a1929644712f09103af23c6c580a6fde92b8023aea0f0690dc5b0,expert_wires+checkpoint,1,1,1
model.language_model.layers.45.mlp.experts.17.gate_proj,routed,TESSERA_E4M3_K1_R896,r896,1,1,0.0024869469925761223,3.6434947260209685e-07,3691257,3691257,24fc4c05a48469a60049dc693678e2f7c6ddfb08b6287c930c1d6f135052acfb,expert_wires+checkpoint,1,1,1
model.language_model.layers.45.mlp.experts.17.up_proj,routed,TESSERA_BF16_K1_R896,r896,0,0,0.002316203434020281,1.8081481385339383e-06,3707645,3707645,44ce17d900ab6fdb119a9b664397e786ccd25757822ee8e8fae5ddb350a1e5c8,expert_wires+checkpoint,1,1,1
model.language_model.layers.45.mlp.experts.17.up_proj,routed,TESSERA_E4M3_K1_R896,r896,1,1,0.002665190026164055,2.0046423122278868e-07,3691257,3691257,9200bc00f6d783d08a5a1e9dae98d47b0db4afe09bffaec06bb8195724516804,expert_wires+checkpoint,1,1,1
model.language_model.layers.45.mlp.experts.170.down_proj,routed,TESSERA_BF16_K1_R896,r896,0,0,0.0004714934038929641,1.3111578140840764e-06,3711694,3711694,fb78c73be02fa10d9f39c5581887b1a8f3caed747cde5e0226acf1400ccad593,expert_wires+checkpoint,1,1,1
model.language_model.layers.45.mlp.experts.170.down_proj,routed,TESSERA_E4M3_K1_R896,r896,1,1,0.0005198264843784273,6.158805764128987e-07,3695306,3695306,1ad996d7eb094ca3a75cc0b078744158b1930e6088912599349ccfeb85424b5b,expert_wires+checkpoint,1,1,1
model.language_model.layers.45.mlp.experts.170.gate_proj,routed,TESSERA_BF16_K1_R896,r896,0,0,0.001499994657933712,8.967586476254077e-07,3707645,3707645,8333bab2e48e44f88bdd44f5981b6d447ad3a5f07d058a015b9ba2d6f505e6a2,expert_wires+checkpoint,1,1,1
model.language_model.layers.45.mlp.experts.170.gate_proj,routed,TESSERA_E4M3_K1_R896,r896,1,1,0.0018043862655758858,3.2096562734404214e-07,3691257,3691257,ad537ebb8d9c694d1867e149ef647dcaa640c0bdccfba42a2e8f7f7f44b1d678,expert_wires+checkpoint,1,1,1
model.language_model.layers.45.mlp.experts.170.up_proj,routed,TESSERA_BF16_K1_R896,r896,0,0,0.0018288862193003297,2.98644790506365e-08,3707645,3707645,7ff54f06ed9e62cbee6f327a009ca7d0e2fb30e3bcd14882039a463f8be4d802,expert_wires+checkpoint,1,1,1
model.language_model.layers.45.mlp.experts.170.up_proj,routed,TESSERA_E4M3_K1_R896,r896,1,1,0.0021968744695186615,1.2649482314450573e-06,3691257,3691257,413c9ce3a12e6142ad2339b73747357d6aa0aa77c1cb95f64d0a1d1656faf6d7,expert_wires+checkpoint,1,1,1
model.language_model.layers.45.mlp.experts.171.down_proj,routed,TESSERA_BF16_K1_R896,r896,0,0,0.0015858039259910583,1.350487270275128e-06,3711694,3711694,3f631067df1b9444e7bf857c1e0284d337d359cfa8d207442f03d404a5c9c95a,expert_wires+checkpoint,1,1,1
model.language_model.layers.45.mlp.experts.171.down_proj,routed,TESSERA_E4M3_K1_R896,r896,1,1,0.0017313389107584953,1.3079952757899536e-06,3695306,3695306,3b8356cd331caf2a540c2caf426d981008dc09dee930eff13d00a8930e4258e9,expert_wires+checkpoint,1,1,1
model.language_model.layers.45.mlp.experts.171.gate_proj,routed,TESSERA_BF16_K1_R896,r896,0,0,0.0023861222434788942,5.031290480348824e-07,3707645,3707645,cead782a05e172728031dbabd4c34074b8c783d9f5fe146b502874d7b4622503,expert_wires+checkpoint,1,1,1
model.language_model.layers.45.mlp.experts.171.gate_proj,routed,TESSERA_E4M3_K1_R896,r896,1,1,0.0027548843063414097,6.525473732525477e-07,3691257,3691257,17c4f84f4f3388f0676147c68221351f608c9fe20bc313256581068c033ecbca,expert_wires+checkpoint,1,1,1
model.language_model.layers.45.mlp.experts.171.up_proj,routed,TESSERA_BF16_K1_R896,r896,0,0,0.0026639190036803484,1.4324877831183632e-06,3707645,3707645,a2c952c8e0ebc3d872c42424e537ce55b7296ea62f9ac8b04a566e23852080c2,expert_wires+checkpoint,1,1,1
model.language_model.layers.45.mlp.experts.171.up_proj,routed,TESSERA_E4M3_K1_R896,r896,1,1,0.0030653823632746935,5.498002223598208e-07,3691257,3691257,85cc62551e768e8261dc35c3051d979b905c5b562e49ba2016c26aa17de13119,expert_wires+checkpoint,1,1,1
model.language_model.layers.45.mlp.experts.172.down_proj,routed,TESSERA_BF16_K1_R896,r896,0,0,0.0003426276089157909,5.677162999359224e-07,3711694,3711694,2fd188100a5f62ece995930eb0c8449d3a30cf31603de173c560aca777911ff2,expert_wires+checkpoint,1,1,1
model.language_model.layers.45.mlp.experts.172.down_proj,routed,TESSERA_E4M3_K1_R896,r896,1,1,0.0004010298871435225,6.900708532472379e-07,3695306,3695306,955078dc2390d876298ba6899b80d508c39c3a90bbf814d6e859ea171ed60eda,expert_wires+checkpoint,1,1,1
model.language_model.layers.45.mlp.experts.172.gate_proj,routed,TESSERA_BF16_K1_R896,r896,0,0,0.0007230461924336851,5.173983235738992e-08,3707645,3707645,90e0d37d4fe2c7521ebc1cfd3cd826a5d9ba80a6bc85727430b663080cc5541e,expert_wires+checkpoint,1,1,1
model.language_model.layers.45.mlp.experts.172.gate_proj,routed,TESSERA_E4M3_K1_R896,r896,1,1,0.0009415542590431869,3.993718768884997e-08,3691257,3691257,29e052afb1d07a9831bf0c3e8ab0fedb2341b86b636bc8c0615abe066f00a7ae,expert_wires+checkpoint,1,1,1
model.language_model.layers.45.mlp.experts.172.up_proj,routed,TESSERA_BF16_K1_R896,r896,0,0,0.0008792700245976448,2.3145460578744487e-08,3707645,3707645,fbcbec40a4e3bcea9793aa957d9388b53e7872d40a0e62ddf1f6dc254d40db63,expert_wires+checkpoint,1,1,1
model.language_model.layers.45.mlp.experts.172.up_proj,routed,TESSERA_E4M3_K1_R896,r896,1,1,0.0011416348861530423,3.5688212928160754e-07,3691257,3691257,909f991e6df455035eec05ce4c4273c30038eab63ace9258b340fdd0daa1feed,expert_wires+checkpoint,1,1,1
model.language_model.layers.45.mlp.experts.173.down_proj,routed,TESSERA_BF16_K1_R896,r896,0,0,0.0006350715411826968,1.6802417542932315e-06,3711694,3711694,00d82312bff1a0abeb7a5b8eda29503cffe73049133c17936d2d85d2aa606cc9,expert_wires+checkpoint,1,1,1
model.language_model.layers.45.mlp.experts.173.down_proj,routed,TESSERA_E4M3_K1_R896,r896,1,1,0.0007012119749560952,1.8622051609061637e-06,3695306,3695306,131cada58fe26c1edfe6b9116294e1d4a20e3c3844b57973684e531902bfe56b,expert_wires+checkpoint,1,1,1
model.language_model.layers.45.mlp.experts.173.gate_proj,routed,TESSERA_BF16_K1_R896,r896,0,0,0.0017538747051730752,3.4573170407431375e-07,3707645,3707645,9be20fae58fe7d2f159343bce733605d8fb84e4da4cb8b02e519b106e8a86282,expert_wires+checkpoint,1,1,1
model.language_model.layers.45.mlp.experts.173.gate_proj,routed,TESSERA_E4M3_K1_R896,r896,1,1,0.002063008025288582,6.272103196513568e-07,3691257,3691257,c89092b90c4ec029c67ac2be35346bcd7805f5c7d33cce78b837b2a2670b819d,expert_wires+checkpoint,1,1,1
model.language_model.layers.45.mlp.experts.173.up_proj,routed,TESSERA_BF16_K1_R896,r896,0,0,0.002069283276796341,3.2300425803474244e-07,3707645,3707645,15c8b61eb789eefcc3a351f18a72f1ba9ea2aafa2687c7e72ea74ad9e0e12c52,expert_wires+checkpoint,1,1,1
model.language_model.layers.45.mlp.experts.173.up_proj,routed,TESSERA_E4M3_K1_R896,r896,1,1,0.002431853674352169,8.768747711478101e-07,3691257,3691257,d405d4054daba89877acd64f272225e16a2e88374ac8566fdcd6f3c536ca0037,expert_wires+checkpoint,1,1,1
model.language_model.layers.45.mlp.experts.174.down_proj,routed,TESSERA_BF16_K1_R896,r896,0,0,0.0004211748018860817,5.932841271066736e-06,3711694,3711694,1cecfca263fe76f25dd1b41aeb57327bc812e16e6da8636bcab9969044928eb3,expert_wires+checkpoint,1,1,1
model.language_model.layers.45.mlp.experts.174.down_proj,routed,TESSERA_E4M3_K1_R896,r896,1,1,0.00046140560880303383,1.7938871434343212e-06,3695306,3695306,dbebae7ce97b5951892b9e376ff7dcf6db40fa8d71599af64f32014a52e02620,expert_wires+checkpoint,1,1,1
model.language_model.layers.45.mlp.experts.174.gate_proj,routed,TESSERA_BF16_K1_R896,r896,0,0,0.0020843814127147198,6.147428152883019e-07,3707645,3707645,14ddf28010f699359ae6ee8481f8e6a2e9965aeac1343c508dd22c17f72b2bec,expert_wires+checkpoint,1,1,1
model.language_model.layers.45.mlp.experts.174.gate_proj,routed,TESSERA_E4M3_K1_R896,r896,1,1,0.002448449609801173,1.8588903409476234e-06,3691257,3691257,7dcbaaa812112eaab367c720c2139cd04806c9934ef9fd7783e7e923e1a5b1e4,expert_wires+checkpoint,1,1,1
model.language_model.layers.45.mlp.experts.174.up_proj,routed,TESSERA_BF16_K1_R896,r896,0,0,0.0021840911358594894,2.2481279634771184e-06,3707645,3707645,477b85bc38ed7dcbe4254b538e522fc96af63ef4661ec9a6d2b46efa5cc34d70,expert_wires+checkpoint,1,1,1
model.language_model.layers.45.mlp.experts.174.up_proj,routed,TESSERA_E4M3_K1_R896,r896,1,1,0.0025253999046981335,3.4548894436288034e-07,3691257,3691257,a154460e0f995db16e0e833a23baa121c125f5c27c3c72e15986126feb055bca,expert_wires+checkpoint,1,1,1
model.language_model.layers.45.mlp.experts.175.down_proj,routed,TESSERA_BF16_K1_R896,r896,0,0,0.00035822729114443064,9.768853200218429e-07,3711694,3711694,864d182a3153965352bbfd07a67706766afd6efbb4a6d32b2ff04d00f3683c72,expert_wires+checkpoint,1,1,1
model.language_model.layers.45.mlp.experts.175.down_proj,routed,TESSERA_E4M3_K1_R896,r896,1,1,0.0003910210798494518,1.4331274389722847e-06,3695306,3695306,69db545036eaf6c4397520e59c7fdc559d8ef3ff59d761e0a21cc5c823650d32,expert_wires+checkpoint,1,1,1
model.language_model.layers.45.mlp.experts.175.gate_proj,routed,TESSERA_BF16_K1_R896,r896,0,0,0.0016736667603254318,5.194768784832722e-07,3707645,3707645,954ef39292933e36cc5d625c38b6a6c43d67766d349af3886f830eedd4e3a25f,expert_wires+checkpoint,1,1,1
model.language_model.layers.45.mlp.experts.175.gate_proj,routed,TESSERA_E4M3_K1_R896,r896,1,1,0.001998575869947672,3.5939711583761634e-07,3691257,3691257,9d9d2a1344b350a6efb98395c3b65ed09d600169945ed3b749a40f04efa7fd6c,expert_wires+checkpoint,1,1,1
model.language_model.layers.45.mlp.experts.175.up_proj,routed,TESSERA_BF16_K1_R896,r896,0,0,0.0018194217700511217,1.3241053718821758e-06,3707645,3707645,2274f28d1c4bee8bfa06cd2f86556f3dcc7fa03e7757bc14a1d29af3d2b3d5a0,expert_wires+checkpoint,1,1,1
model.language_model.layers.45.mlp.experts.175.up_proj,routed,TESSERA_E4M3_K1_R896,r896,1,1,0.002163723111152649,5.45363148721698e-07,3691257,3691257,a8407866e4d0121acc4bf7368082fd53f59ac7dc7417d730ed845239ed0fc232,expert_wires+checkpoint,1,1,1
model.language_model.layers.45.mlp.experts.176.down_proj,routed,TESSERA_BF16_K1_R896,r896,0,0,0.00032841743086464703,6.046551536718469e-07,3711694,3711694,8741ec4698925b65adf0bd93411e968328c88916c5748525534dd06b4ce97dbc,expert_wires+checkpoint,1,1,1
model.language_model.layers.45.mlp.experts.176.down_proj,routed,TESSERA_E4M3_K1_R896,r896,1,1,0.0003635866451077163,3.166225774342479e-07,3695306,3695306,0de03745c0bbbd1e2d921177475fa25a499428251676285019cd4ea84b3f695a,expert_wires+checkpoint,1,1,1
model.language_model.layers.45.mlp.experts.176.gate_proj,routed,TESSERA_BF16_K1_R896,r896,0,0,0.0016326409531757236,3.06371996493031e-07,3707645,3707645,aae653b84f3223f299ae53a58eebb0e300beef892495a06b1d7073565e05f641,expert_wires+checkpoint,1,1,1
model.language_model.layers.45.mlp.experts.176.gate_proj,routed,TESSERA_E4M3_K1_R896,r896,1,1,0.001965321833267808,2.2310311394211075e-07,3691257,3691257,62fee304dd0c8b6bf1bb5335756799f54e4ae2f8e7161dcaf5432a11365540ba,expert_wires+checkpoint,1,1,1
model.language_model.layers.45.mlp.experts.176.up_proj,routed,TESSERA_BF16_K1_R896,r896,0,0,0.0017204945906996727,1.6800360518710862e-06,3707645,3707645,e5ee5e6242df427dae3f7e03d8b55c0995ddb33559ff2f1414d73a6b8b147214,expert_wires+checkpoint,1,1,1
model.language_model.layers.45.mlp.experts.176.up_proj,routed,TESSERA_E4M3_K1_R896,r896,1,1,0.0020672627724707127,9.434152363230944e-07,3691257,3691257,757d25ac85f360da7f4d8abaabc3dac18792eb95d1b7cbea4705297d4c62e12a,expert_wires+checkpoint,1,1,1
model.language_model.layers.45.mlp.experts.177.down_proj,routed,TESSERA_BF16_K1_R896,r896,0,0,0.00025416308199055493,1.3873207013331798e-06,3711694,3711694,15ccf77c90287a1ee64bfb6b5a4a5975604ff3b4b5bcfcf99980e4d334d75226,expert_wires+checkpoint,1,1,1
model.language_model.layers.45.mlp.experts.177.down_proj,routed,TESSERA_E4M3_K1_R896,r896,1,1,0.00029086845461279154,7.002733872285644e-07,3695306,3695306,ce8015413b23cca5dca7399b44289da2400cdffd6b47614d4e0f3514c6eda8a0,expert_wires+checkpoint,1,1,1
model.language_model.layers.45.mlp.experts.177.gate_proj,routed,TESSERA_BF16_K1_R896,r896,0,0,0.0014135795645415783,1.4913066301767463e-06,3707645,3707645,3217225eb6a91fbcfb5bde6fac19cdc9a37295d17bb5c9d84354ad720e4a0e3b,expert_wires+checkpoint,1,1,1
model.language_model.layers.45.mlp.experts.177.gate_proj,routed,TESSERA_E4M3_K1_R896,r896,1,1,0.0016657161759212613,5.863268294960464e-07,3691257,3691257,c353a3e1c4950a37eb5b20503382ad7c77fb2ea935738bd5bdc1a6233b27a32e,expert_wires+checkpoint,1,1,1
model.language_model.layers.45.mlp.experts.177.up_proj,routed,TESSERA_BF16_K1_R896,r896,0,0,0.0012656436301767826,1.0263787945600738e-06,3707645,3707645,9e5ae7f7ffa41ece0d6823830b7210907af96f8b38e1722128360a5cf4d57c39,expert_wires+checkpoint,1,1,1
model.language_model.layers.45.mlp.experts.177.up_proj,routed,TESSERA_E4M3_K1_R896,r896,1,1,0.0014920035609975457,1.6345566640972338e-06,3691257,3691257,fd9fa35ed52a6abcc0a8efc6b2a2841cec4cda9c5cc6aed77567d88e0137e759,expert_wires+checkpoint,1,1,1
model.language_model.layers.45.mlp.experts.178.down_proj,routed,TESSERA_BF16_K1_R896,r896,0,0,0.0004883997607976198,2.619954355190517e-07,3711694,3711694,bdf1c5fcffbfdc5e5d5e75130c05b0725c13b983edff1168e4cfb0b39af90825,expert_wires+checkpoint,1,1,1
model.language_model.layers.45.mlp.experts.178.down_proj,routed,TESSERA_E4M3_K1_R896,r896,1,1,0.000535753380972892,1.421866212774928e-06,3695306,3695306,fe48e28bd95e89d7e36416ce191e035282259a968af856929ab2321beba644c5,expert_wires+checkpoint,1,1,1
model.language_model.layers.45.mlp.experts.178.gate_proj,routed,TESSERA_BF16_K1_R896,r896,0,0,0.0017594299279153347,4.326048541409763e-07,3707645,3707645,55143c73b689149d1cb3b9d719da6bafa8cc0a83110df633a9e8a9e7a25ea005,expert_wires+checkpoint,1,1,1
model.language_model.layers.45.mlp.experts.178.gate_proj,routed,TESSERA_E4M3_K1_R896,r896,1,1,0.0020999256521463394,5.046613932585051e-07,3691257,3691257,80cd495c2276b62508a8bccf8185b48a01b0c6e0ae3f95cd509078361021e902,expert_wires+checkpoint,1,1,1
model.language_model.layers.45.mlp.experts.178.up_proj,routed,TESSERA_BF16_K1_R896,r896,0,0,0.0019240023102611303,1.545685478460107e-07,3707645,3707645,bf19d9a486c6b0d8e1fb4056482c343ea5d12cb550dd44d37683d01d93f431e1,expert_wires+checkpoint,1,1,1
model.language_model.layers.45.mlp.experts.178.up_proj,routed,TESSERA_E4M3_K1_R896,r896,1,1,0.0022865296341478825,7.276074924066484e-08,3691257,3691257,baeddbaee2be0c7f946b94da8f890e63168c394ffb2cf2746cdf69491f4a7a46,expert_wires+checkpoint,1,1,1
model.language_model.layers.45.mlp.experts.179.down_proj,routed,TESSERA_BF16_K1_R896,r896,0,0,0.0001876637397799641,2.1238505704908642e-06,3711694,3711694,ebe8d481af07e09fac4b8468aa07e3885f53f8895a9f7c7fa28f8133574ba2dd,expert_wires+checkpoint,1,1,1
model.language_model.layers.45.mlp.experts.179.down_proj,routed,TESSERA_E4M3_K1_R896,r896,1,1,0.00020741357002407312,1.5716925571601042e-06,3695306,3695306,d25b0d26b72baba9c08db79ac6655c6f034378c33762bfe6149b4d28497f9f67,expert_wires+checkpoint,1,1,1
model.language_model.layers.45.mlp.experts.179.gate_proj,routed,TESSERA_BF16_K1_R896,r896,0,0,0.0017995351227000356,1.754535686024945e-07,3707645,3707645,6595f1d1449f94ed5b3d3d6abe53e62416d103b3d0ecfa603d5c6798d5810ab9,expert_wires+checkpoint,1,1,1
model.language_model.layers.45.mlp.experts.179.gate_proj,routed,TESSERA_E4M3_K1_R896,r896,1,1,0.0021000774577260017,3.2579164391043933e-07,3691257,3691257,c0fe285918f6d125db42040caf71147e54cc62d4db782427a6c68354339b3a93,expert_wires+checkpoint,1,1,1
model.language_model.layers.45.mlp.experts.179.up_proj,routed,TESSERA_BF16_K1_R896,r896,0,0,0.0018728957511484623,7.150732652860748e-07,3707645,3707645,2d401cba22c6ab3ccba2744f2eaa82ecd7e05594135bd442634dca3e4975c43c,expert_wires+checkpoint,1,1,1
model.language_model.layers.45.mlp.experts.179.up_proj,routed,TESSERA_E4M3_K1_R896,r896,1,1,0.0021774861961603165,1.2840962483467737e-07,3691257,3691257,a252295cc9aa43a835fb9b5cf1b9f1e1f15bcf3f19963578411eb16f97a08c41,expert_wires+checkpoint,1,1,1
model.language_model.layers.45.mlp.experts.18.down_proj,routed,TESSERA_BF16_K1_R896,r896,0,0,0.000406432751333341,9.665728696113553e-06,3711694,3711694,05fd24f392a4570798b194d9758f9dc6e58e8f65c45a944c4d683085c7e178d1,expert_wires+checkpoint,1,1,1
model.language_model.layers.45.mlp.experts.18.down_proj,routed,TESSERA_E4M3_K1_R896,r896,1,1,0.0004380305763334036,2.684232844896342e-06,3695306,3695306,120660b73ee3c105a4b3825d5c4166d8037ed67add113ad8080e3a1b31933bb5,expert_wires+checkpoint,1,1,1
model.language_model.layers.45.mlp.experts.18.gate_proj,routed,TESSERA_BF16_K1_R896,r896,0,0,0.002029332797974348,2.3407292785846408e-06,3707645,3707645,0c4310af18551d08e221a9ee2320bba9d2b8112974fbaee876d3e62b09b0e8f2,expert_wires+checkpoint,1,1,1
model.language_model.layers.45.mlp.experts.18.gate_proj,routed,TESSERA_E4M3_K1_R896,r896,1,1,0.002328983973711729,5.816789700613197e-07,3691257,3691257,770962d4966577d0a8edc14d8b7a4ffb424db6a689d09cc92de33150bfbbf810,expert_wires+checkpoint,1,1,1
model.language_model.layers.45.mlp.experts.18.up_proj,routed,TESSERA_BF16_K1_R896,r896,0,0,0.0024115685373544693,4.872182817429427e-06,3707645,3707645,00a2c9520f7d45f39accb492b93142d30004faa4490d3506c3ff1b8af090c329,expert_wires+checkpoint,1,1,1
model.language_model.layers.45.mlp.experts.18.up_proj,routed,TESSERA_E4M3_K1_R896,r896,1,1,0.0027801943942904472,1.4327746892467679e-06,3691257,3691257,abf44a11834d9d73a0dde27cdc9fde4a191cf4ab813926fbb82410755ae438e7,expert_wires+checkpoint,1,1,1
model.language_model.layers.45.mlp.experts.180.down_proj,routed,TESSERA_BF16_K1_R896,r896,0,0,0.0009582315105944872,4.256758261107308e-06,3711694,3711694,e73a2976615f76414dbd12c47fe29bcfe6063f26e081b0df0d121423089e9a82,expert_wires+checkpoint,1,1,1
model.language_model.layers.45.mlp.experts.180.down_proj,routed,TESSERA_E4M3_K1_R896,r896,1,1,0.0010436492739245296,4.181788895830601e-06,3695306,3695306,87fc8aa95aa7308f8054e7a8d7670fc1433a83b1df48c5fb9fe8f363e280d546,expert_wires+checkpoint,1,1,1
model.language_model.layers.45.mlp.experts.180.gate_proj,routed,TESSERA_BF16_K1_R896,r896,0,0,0.002256853971630335,4.101866046476043e-06,3707645,3707645,d502b7c69bad6139845dfdffc1740578827a586437bbbf6d17fb0dc0c93eafbe,expert_wires+checkpoint,1,1,1
model.language_model.layers.45.mlp.experts.180.gate_proj,routed,TESSERA_E4M3_K1_R896,r896,1,1,0.002597508952021599,4.6126184165581985e-06,3691257,3691257,4f391dd00739cae47d8593759fb19296d3e8221b6172d663b381e40914347a5b,expert_wires+checkpoint,1,1,1
model.language_model.layers.45.mlp.experts.180.up_proj,routed,TESSERA_BF16_K1_R896,r896,0,0,0.002549937926232815,2.545285201984742e-06,3707645,3707645,cb11fb5505ef12a4a313ee0c03e7e1351cbae973297742e6280d67fe454ac59b,expert_wires+checkpoint,1,1,1
model.language_model.layers.45.mlp.experts.180.up_proj,routed,TESSERA_E4M3_K1_R896,r896,1,1,0.0029320623725652695,2.445227491069981e-06,3691257,3691257,aab9c58bc9d238610631d17ff1f1c935a9021b15f846cc36ee4ec8e97829fe2e,expert_wires+checkpoint,1,1,1
model.language_model.layers.45.mlp.experts.181.down_proj,routed,TESSERA_BF16_K1_R896,r896,0,0,0.0005328855477273464,2.7723084601761777e-06,3711694,3711694,1c52a9441d0f9956b7f5f213992d8c74c1a0362017d2273ee2914c9a4cc0648b,expert_wires+checkpoint,1,1,1
model.language_model.layers.45.mlp.experts.181.down_proj,routed,TESSERA_E4M3_K1_R896,r896,1,1,0.0005928474711254239,1.9136608107183707e-06,3695306,3695306,e53a885544b79d15af0ac0f45f3647ca4656a75ab392c5a426b135016b3fe000,expert_wires+checkpoint,1,1,1
model.language_model.layers.45.mlp.experts.181.gate_proj,routed,TESSERA_BF16_K1_R896,r896,0,0,0.0013338609132915735,1.4859985322725786e-06,3707645,3707645,6cd5c566162a099d1c3f4cd6aeb6ad8d552c9256ea0da999dd12fcbcfab9e6f5,expert_wires+checkpoint,1,1,1
model.language_model.layers.45.mlp.experts.181.gate_proj,routed,TESSERA_E4M3_K1_R896,r896,1,1,0.001655270578339696,5.55514286779614e-07,3691257,3691257,6b5e1df33893904a7902d4be346e462a16bb936c7b45ee69ef90a8376732d14b,expert_wires+checkpoint,1,1,1
model.language_model.layers.45.mlp.experts.181.up_proj,routed,TESSERA_BF16_K1_R896,r896,0,0,0.0015066692139953375,2.7262062836218936e-06,3707645,3707645,7dc7962a8aa4d7ff70043527175a3639f439a949e824a2ceb1b656569f2d3c2a,expert_wires+checkpoint,1,1,1
model.language_model.layers.45.mlp.experts.181.up_proj,routed,TESSERA_E4M3_K1_R896,r896,1,1,0.0018621631897985935,8.599893023832461e-07,3691257,3691257,94d21e651786329a624e56b1cab9e956bbc984dc8965e8f1d736141e9ba7b51d,expert_wires+checkpoint,1,1,1
model.language_model.layers.45.mlp.experts.182.down_proj,routed,TESSERA_BF16_K1_R896,r896,0,0,0.0006755157373845577,2.19049959563318e-06,3711694,3711694,ffe6241fe3423c2b055abcfd8c6e51bfb85461abce5210acf68ce662be9e0460,expert_wires+checkpoint,1,1,1
model.language_model.layers.45.mlp.experts.182.down_proj,routed,TESSERA_E4M3_K1_R896,r896,1,1,0.0007257296238094568,4.216389474034677e-06,3695306,3695306,257fc2921b11e7c79684997e1ba687b9dec42591ffee7e7cfdb3d56c0d88a711,expert_wires+checkpoint,1,1,1
model.language_model.layers.45.mlp.experts.182.gate_proj,routed,TESSERA_BF16_K1_R896,r896,0,0,0.002550848526880145,1.2736924136698926e-06,3707645,3707645,8381cd15df1d7e978873f12c37e9218432e703060c6d62d8bae0e1d8e13f0647,expert_wires+checkpoint,1,1,1
model.language_model.layers.45.mlp.experts.182.gate_proj,routed,TESSERA_E4M3_K1_R896,r896,1,1,0.0029145199805498123,7.495417217273762e-06,3691257,3691257,db22d0f141243a2a9756aaa94fc6d3a9b2f16c4e4c79390458a723129bc15ec4,expert_wires+checkpoint,1,1,1
model.language_model.layers.45.mlp.experts.182.up_proj,routed,TESSERA_BF16_K1_R896,r896,0,0,0.002812897088006139,5.122840101496804e-07,3707645,3707645,bfab03cf747f2af8878b62bcbbc6dd8e70f786b0495ee92e55556e66cf70014f,expert_wires+checkpoint,1,1,1
model.language_model.layers.45.mlp.experts.182.up_proj,routed,TESSERA_E4M3_K1_R896,r896,1,1,0.0032221656292676926,3.0569183382833513e-06,3691257,3691257,3cb4eec8093f98ee7f130ad4d19d7024fb2f3fe59926c71e8a77a29ba3cf6e93,expert_wires+checkpoint,1,1,1
model.language_model.layers.45.mlp.experts.183.down_proj,routed,TESSERA_BF16_K1_R896,r896,0,0,0.0003075118293054402,5.659320364513687e-07,3711694,3711694,e1f97124e46d171193283917755bf460d3c535f0d8ef87be0e89db714c45c8bf,expert_wires+checkpoint,1,1,1
model.language_model.layers.45.mlp.experts.183.down_proj,routed,TESSERA_E4M3_K1_R896,r896,1,1,0.0003565930819604546,8.033550027410412e-07,3695306,3695306,4a3a45a5bae3b95529c3b2246bf81a1ec4605f7c221bbda78d63af3262cf8bf9,expert_wires+checkpoint,1,1,1
model.language_model.layers.45.mlp.experts.183.gate_proj,routed,TESSERA_BF16_K1_R896,r896,0,0,0.001055478467606008,2.814586004502293e-07,3707645,3707645,5319dfe40e7b88bfcef97f5e23e119e869e8d38ddbe397c3f59e6bad3c92a81c,expert_wires+checkpoint,1,1,1
model.language_model.layers.45.mlp.experts.183.gate_proj,routed,TESSERA_E4M3_K1_R896,r896,1,1,0.0013570806477218866,4.943387714412378e-07,3691257,3691257,71d7e0843ef8199700640fffec26cdbbb6b24bd25cb8275426818cf7b30305a0,expert_wires+checkpoint,1,1,1
model.language_model.layers.45.mlp.experts.183.up_proj,routed,TESSERA_BF16_K1_R896,r896,0,0,0.0012538325972855091,2.1599759678962644e-07,3707645,3707645,9f093a8e107643eb69fd6b63778a8b02eab5ea29ae79295b1f5339836b7f1e40,expert_wires+checkpoint,1,1,1
model.language_model.layers.45.mlp.experts.183.up_proj,routed,TESSERA_E4M3_K1_R896,r896,1,1,0.0016107535921037197,5.353815736552886e-08,3691257,3691257,5cd2d02d264900a76a0cfefa08a4d6badef76364e693916556e566ed52b91d07,expert_wires+checkpoint,1,1,1
model.language_model.layers.45.mlp.experts.184.down_proj,routed,TESSERA_BF16_K1_R896,r896,0,0,0.00029065500712022185,1.4954907602036664e-06,3711694,3711694,7095ee53981620cfbe9e16798066f8ad4e45f121b1f4dbfddbbac7d908ed5972,expert_wires+checkpoint,1,1,1
model.language_model.layers.45.mlp.experts.184.down_proj,routed,TESSERA_E4M3_K1_R896,r896,1,1,0.00031596451299265027,2.690665708527858e-06,3695306,3695306,9af3f3ec0d012ce68b6b10977735899a4f77d719a567c669361322773892b094,expert_wires+checkpoint,1,1,1
model.language_model.layers.45.mlp.experts.184.gate_proj,routed,TESSERA_BF16_K1_R896,r896,0,0,0.0019412420224398375,2.0709998126023454e-06,3707645,3707645,5cf07b86680e295ef947bf38fbfc550c0b472500eb5471be194748f244becf1a,expert_wires+checkpoint,1,1,1
model.language_model.layers.45.mlp.experts.184.gate_proj,routed,TESSERA_E4M3_K1_R896,r896,1,1,0.00228989333845675,6.746233511665428e-07,3691257,3691257,1a84530454d6ffe3535c05c4fa87bd14df7f00781656c7e7d5c9b775e40608e4,expert_wires+checkpoint,1,1,1
model.language_model.layers.45.mlp.experts.184.up_proj,routed,TESSERA_BF16_K1_R896,r896,0,0,0.0021180424373596907,1.7264952455946746e-06,3707645,3707645,6632fc1bb2ad095f48a4a6db0926d8aaa1244399cb2e28b8b86966a0dfd691d9,expert_wires+checkpoint,1,1,1
model.language_model.layers.45.mlp.experts.184.up_proj,routed,TESSERA_E4M3_K1_R896,r896,1,1,0.002479736227542162,1.5561201785525627e-06,3691257,3691257,16899037d4979a56e0c944e97eaf7132532ed8bdeca2360f31f4620846906376,expert_wires+checkpoint,1,1,1
model.language_model.layers.45.mlp.experts.185.down_proj,routed,TESSERA_BF16_K1_R896,r896,0,0,0.0003451672673691064,4.9496868949737376e-06,3711694,3711694,5e577579976babffe88caf3c78e413c33ad8e0794ad9eb717d3f1f3db22bcb6b,expert_wires+checkpoint,1,1,1
model.language_model.layers.45.mlp.experts.185.down_proj,routed,TESSERA_E4M3_K1_R896,r896,1,1,0.0003755129291675985,2.184562667778424e-06,3695306,3695306,169f39d0c68f32b0bb1dafa981c692200f27182c497cbde5682254ea7e57adf4,expert_wires+checkpoint,1,1,1
model.language_model.layers.45.mlp.experts.185.gate_proj,routed,TESSERA_BF16_K1_R896,r896,0,0,0.0018977310974150896,1.7386907755111861e-06,3707645,3707645,b3847c9055f3e50e619a6124534a78c5118d4a517c01d06446cfbfb79647722d,expert_wires+checkpoint,1,1,1
model.language_model.layers.45.mlp.experts.185.gate_proj,routed,TESSERA_E4M3_K1_R896,r896,1,1,0.0022297368850558996,3.8099111391454437e-07,3691257,3691257,7d07347d60e0faa4e3e28d29da7e2e7e0b1b3ed953e487b6d64f6fbaa087b387,expert_wires+checkpoint,1,1,1
model.language_model.layers.45.mlp.experts.185.up_proj,routed,TESSERA_BF16_K1_R896,r896,0,0,0.0021358176600188017,9.69303796367764e-07,3707645,3707645,7b004d480161f6070f5ab0277b039698cb68856ba4ccb7e001c5a26a9a91ffd4,expert_wires+checkpoint,1,1,1
model.language_model.layers.45.mlp.experts.185.up_proj,routed,TESSERA_E4M3_K1_R896,r896,1,1,0.0025053638964891434,1.4795693539644246e-06,3691257,3691257,fe5147e2980c15705b028deefb4c913483df8ee6de64b5dce8e518909bd94e69,expert_wires+checkpoint,1,1,1
model.language_model.layers.45.mlp.experts.186.down_proj,routed,TESSERA_BF16_K1_R896,r896,0,0,0.0005843983381055295,8.275961772217671e-07,3711694,3711694,3d9db9540e329918ed1bbefb74a422c9d589c760ea7fc46cc5ea9143dcff414c,expert_wires+checkpoint,1,1,1
model.language_model.layers.45.mlp.experts.186.down_proj,routed,TESSERA_E4M3_K1_R896,r896,1,1,0.000653687515296042,6.134287234073821e-07,3695306,3695306,f433245a6f2cce253b7bcfb171860b4484a219e2b0cbc0aab7168c9eedaeca6c,expert_wires+checkpoint,1,1,1
model.language_model.layers.45.mlp.experts.186.gate_proj,routed,TESSERA_BF16_K1_R896,r896,0,0,0.001373680424876511,9.38594154622728e-08,3707645,3707645,fb5c5019b87613a83fcff5813f1f074f5f51eaefadc345b185da26e402722877,expert_wires+checkpoint,1,1,1
model.language_model.layers.45.mlp.experts.186.gate_proj,routed,TESSERA_E4M3_K1_R896,r896,1,1,0.0017053597839549184,3.3120718170479534e-08,3691257,3691257,7ded2f3d7a56140cd58c02a9ecd227229c1c674daacce8cad05199357012a501,expert_wires+checkpoint,1,1,1
model.language_model.layers.45.mlp.experts.186.up_proj,routed,TESSERA_BF16_K1_R896,r896,0,0,0.0015034186653792858,4.124004823623517e-07,3707645,3707645,e8ed36ec3d2834042c38b64428ef1f4068a8b60954be6fe8f4a517d54bc06c98,expert_wires+checkpoint,1,1,1
model.language_model.layers.45.mlp.experts.186.up_proj,routed,TESSERA_E4M3_K1_R896,r896,1,1,0.0018546419451013207,3.6256494819924114e-07,3691257,3691257,3eaa44b625d7cb073ab9eea93ad823d2fc682fb207b58d12f35565acb1fa0d95,expert_wires+checkpoint,1,1,1
model.language_model.layers.45.mlp.experts.187.down_proj,routed,TESSERA_BF16_K1_R896,r896,0,0,0.00034910786780528724,4.576859434613135e-06,3711694,3711694,aa99bc6ec436d0295a371557eb15de786aa17a3221f98c9ad042c378a378222e,expert_wires+checkpoint,1,1,1
model.language_model.layers.45.mlp.experts.187.down_proj,routed,TESSERA_E4M3_K1_R896,r896,1,1,0.00037684617564082146,2.0954794291855327e-06,3695306,3695306,a722d977c6956e7f3f6cd2238aa99ae922175f5aabc570f7413a92d187422d3d,expert_wires+checkpoint,1,1,1
model.language_model.layers.45.mlp.experts.187.gate_proj,routed,TESSERA_BF16_K1_R896,r896,0,0,0.0018560532480478287,9.025829620955287e-07,3707645,3707645,ec807f87eaae514e80e18ba52241cb059942d9a4ad9c3fe0f8dcf72b98c53164,expert_wires+checkpoint,1,1,1
model.language_model.layers.45.mlp.experts.187.gate_proj,routed,TESSERA_E4M3_K1_R896,r896,1,1,0.0021561100147664547,1.864283886973313e-06,3691257,3691257,9c2d0e41dbf05a9acf1d097e767ab8c60b5f4f8b35060ffc0b9243afed35e924,expert_wires+checkpoint,1,1,1
model.language_model.layers.45.mlp.experts.187.up_proj,routed,TESSERA_BF16_K1_R896,r896,0,0,0.002024460583925247,5.882116027611685e-07,3707645,3707645,7aa8f3546eca472835bcfff4e41a8c793e0b492f1859da21b961299e76595336,expert_wires+checkpoint,1,1,1
model.language_model.layers.45.mlp.experts.187.up_proj,routed,TESSERA_E4M3_K1_R896,r896,1,1,0.0023663307074457407,5.400059508559922e-07,3691257,3691257,6e1737b499801cd72c1d68bf7b29905383a734b3a7de80b2f43ca571c134f0b2,expert_wires+checkpoint,1,1,1
model.language_model.layers.45.mlp.experts.188.down_proj,routed,TESSERA_BF16_K1_R896,r896,0,0,0.000597030040808022,4.249660395630887e-06,3711694,3711694,16411682a09a029633a92987920496113c367d184f58c2f32431fbcb5b0febf9,expert_wires+checkpoint,1,1,1
model.language_model.layers.45.mlp.experts.188.down_proj,routed,TESSERA_E4M3_K1_R896,r896,1,1,0.0006732066394761205,6.89738344135981e-06,3695306,3695306,1bb8d6e76aaaeefdda1ec4eeaea21ca67f8c6e0779a3c1f1021d058d5f9e18b0,expert_wires+checkpoint,1,1,1
model.language_model.layers.45.mlp.experts.188.gate_proj,routed,TESSERA_BF16_K1_R896,r896,0,0,0.003075328189879656,1.4940231223238506e-06,3707645,3707645,7b446e4ce1afae13cc430784eaf5c834e98d38174f4deda4a9cd59e2dfbabd40,expert_wires+checkpoint,1,1,1
model.language_model.layers.45.mlp.experts.188.gate_proj,routed,TESSERA_E4M3_K1_R896,r896,1,1,0.0035143031273037195,2.0513208877515357e-06,3691257,3691257,2a5638fc011e37d5255701f47e07b65f296b136f96616e9fa5b86d09b4782fb8,expert_wires+checkpoint,1,1,1
model.language_model.layers.45.mlp.experts.188.up_proj,routed,TESSERA_BF16_K1_R896,r896,0,0,0.003066308330744505,6.536775621029046e-06,3707645,3707645,52ab3a41c70f194a1b8bc4c01a2e4b550b2be77936971dfae97d779c991582bf,expert_wires+checkpoint,1,1,1
model.language_model.layers.45.mlp.experts.188.up_proj,routed,TESSERA_E4M3_K1_R896,r896,1,1,0.003490717615932226,9.238469455112593e-07,3691257,3691257,4f21141e6c8bcf9b7df30d23bfb257820f5c62d9b13e5e04ec13584b30cdc943,expert_wires+checkpoint,1,1,1
model.language_model.layers.45.mlp.experts.189.down_proj,routed,TESSERA_BF16_K1_R896,r896,0,0,0.000520961475558579,7.270856417578138e-07,3711694,3711694,cc1dd1834f09e942fbd6b1c15a7d40976e7a28107632696be28dda5834c60c51,expert_wires+checkpoint,1,1,1
model.language_model.layers.45.mlp.experts.189.down_proj,routed,TESSERA_E4M3_K1_R896,r896,1,1,0.0005770916468463838,7.943684320117225e-07,3695306,3695306,1e7e3582a733c5e5c8fa8734e415c15a9f53703e523afa65b0822e517a74b8ff,expert_wires+checkpoint,1,1,1
model.language_model.layers.45.mlp.experts.189.gate_proj,routed,TESSERA_BF16_K1_R896,r896,0,0,0.0017443420365452766,1.0774806923944566e-06,3707645,3707645,2debd1b94f02ddef1786ebcf31f6e7c6509a8920ee8abaea47e894aecd153d37,expert_wires+checkpoint,1,1,1
model.language_model.layers.45.mlp.experts.189.gate_proj,routed,TESSERA_E4M3_K1_R896,r896,1,1,0.002132023684680462,8.165337026458668e-07,3691257,3691257,09d9af362cb9c057d3dee9c866a0944df9f3bbb5fcf11907f8271f5ec8eb656a,expert_wires+checkpoint,1,1,1
model.language_model.layers.45.mlp.experts.189.up_proj,routed,TESSERA_BF16_K1_R896,r896,0,0,0.0018192039569839835,7.283087767001578e-07,3707645,3707645,f0a612545f84896c935be343786a6192d3c1a192bd336dd352e61a84fac3f546,expert_wires+checkpoint,1,1,1
model.language_model.layers.45.mlp.experts.189.up_proj,routed,TESSERA_E4M3_K1_R896,r896,1,1,0.0022248816676437855,7.218979444865292e-08,3691257,3691257,3b32d114b4e939b70bc1c85ca7ec7c6f14ac6bc1f9d53a4a857e96a58cf6dde5,expert_wires+checkpoint,1,1,1
model.language_model.layers.45.mlp.experts.19.down_proj,routed,TESSERA_BF16_K1_R896,r896,0,0,0.0002766766119748354,3.0778848279426637e-07,3711694,3711694,58aaa3b8a698dde27470d17d16a17a383202e29fded7859d07855c3e489d1a27,expert_wires+checkpoint,1,1,1
model.language_model.layers.45.mlp.experts.19.down_proj,routed,TESSERA_E4M3_K1_R896,r896,1,1,0.0003125117509625852,1.0098994394912203e-06,3695306,3695306,33d49628803c6e9927e649b989979732f01dc18655838ad909d8a34bb27f28ed,expert_wires+checkpoint,1,1,1
model.language_model.layers.45.mlp.experts.19.gate_proj,routed,TESSERA_BF16_K1_R896,r896,0,0,0.001228846376761794,5.899451361578145e-07,3707645,3707645,d5747e4c6a616284c86cdaafcdc467bf604e5481be5b3b6a2ad5c09c6e22916b,expert_wires+checkpoint,1,1,1
model.language_model.layers.45.mlp.experts.19.gate_proj,routed,TESSERA_E4M3_K1_R896,r896,1,1,0.0014836388872936368,7.389251073565825e-07,3691257,3691257,8aaaf5bcd80c9d09cb1795dc9de0cc680c08904956e8520b9ad5239b4077c4e9,expert_wires+checkpoint,1,1,1
model.language_model.layers.45.mlp.experts.19.up_proj,routed,TESSERA_BF16_K1_R896,r896,0,0,0.0012617874890565872,3.717709334931446e-07,3707645,3707645,53f932529be5f0ffe4adc0d7679ee45c1115e5692a823fb6f7d3e7bc65653ac7,expert_wires+checkpoint,1,1,1
model.language_model.layers.45.mlp.experts.19.up_proj,routed,TESSERA_E4M3_K1_R896,r896,1,1,0.001515242038294673,2.828294988691599e-07,3691257,3691257,aedce12cc4d107336327c38f242d4c2be20f90a668b636450b40655cf2486b87,expert_wires+checkpoint,1,1,1
model.language_model.layers.45.mlp.experts.190.down_proj,routed,TESSERA_BF16_K1_R896,r896,0,0,0.0003269515000283718,1.6701592144231507e-06,3711694,3711694,2ae2e2bbfee3c25ab11caf671abd3685bc76833b09f564a536f3793e9bb54ddc,expert_wires+checkpoint,1,1,1
model.language_model.layers.45.mlp.experts.190.down_proj,routed,TESSERA_E4M3_K1_R896,r896,1,1,0.0003629672573879361,9.519704066558265e-07,3695306,3695306,2bb79fa14c4b12eb8f9d6b0287096826263e4f259b1e0abae0163adf5962f612,expert_wires+checkpoint,1,1,1
model.language_model.layers.45.mlp.experts.190.gate_proj,routed,TESSERA_BF16_K1_R896,r896,0,0,0.0012251300504431129,8.093252352800225e-07,3707645,3707645,449d5c57cd9f578903ef97c2ee570d8cf1b92a41e9043faa1c943a94f644d0ac,expert_wires+checkpoint,1,1,1
model.language_model.layers.45.mlp.experts.190.gate_proj,routed,TESSERA_E4M3_K1_R896,r896,1,1,0.0014878039946779609,3.416986276862201e-07,3691257,3691257,fd9df95e4fc733e1f2d062a323c5be97bccc7ab558daf313bf1d90cf95cfbe40,expert_wires+checkpoint,1,1,1
model.language_model.layers.45.mlp.experts.190.up_proj,routed,TESSERA_BF16_K1_R896,r896,0,0,0.0013803576584905386,8.408771248209535e-07,3707645,3707645,a4c0a5a505732ea4c0adc4856484b07cb813293b21cad082b5adfe522b7787a1,expert_wires+checkpoint,1,1,1
model.language_model.layers.45.mlp.experts.190.up_proj,routed,TESSERA_E4M3_K1_R896,r896,1,1,0.0016724893357604742,1.7345283538719674e-06,3691257,3691257,863438c7af6b656b32f165e680b04a14c5e3401fbdb0cf92c9c0e443dcf76565,expert_wires+checkpoint,1,1,1
model.language_model.layers.45.mlp.experts.191.down_proj,routed,TESSERA_BF16_K1_R896,r896,0,0,0.000529776094481349,3.1244468186966095e-06,3711694,3711694,a682b7fd585f8d41eff8f7c945895531504298e70a93e63170cf37f64ec66a3c,expert_wires+checkpoint,1,1,1
model.language_model.layers.45.mlp.experts.191.down_proj,routed,TESSERA_E4M3_K1_R896,r896,1,1,0.0006282597314566374,2.3283862335101145e-06,3695306,3695306,4b5887b6d54fb275f5895b6b41dac84f2c67a9b894a588ba70ae0e567fd8e2e4,expert_wires+checkpoint,1,1,1
model.language_model.layers.45.mlp.experts.191.gate_proj,routed,TESSERA_BF16_K1_R896,r896,0,0,0.0010148521978408098,8.62541118122343e-08,3707645,3707645,c132f061013576e050c0e25d016957a604e0d6f053c188db6af4ea5963bcb703,expert_wires+checkpoint,1,1,1
model.language_model.layers.45.mlp.experts.191.gate_proj,routed,TESSERA_E4M3_K1_R896,r896,1,1,0.001314010820351541,1.9547088173258402e-06,3691257,3691257,23de2f7a23d1b6cae9027dcd388beb210066a3087dbf7ce33425598411cf08ff,expert_wires+checkpoint,1,1,1
model.language_model.layers.45.mlp.experts.191.up_proj,routed,TESSERA_BF16_K1_R896,r896,0,0,0.0011299427133053541,1.4707598121332814e-06,3707645,3707645,32b63f07d402509cdcd73d1969f93e9946c387c7876d12574f9f6227e36d69a5,expert_wires+checkpoint,1,1,1
model.language_model.layers.45.mlp.experts.191.up_proj,routed,TESSERA_E4M3_K1_R896,r896,1,1,0.0014597319532185793,2.6133831152759236e-07,3691257,3691257,98aa52eb38df4ef28e593db85bf3ad8858e648185155384ebd8a1797837f30cd,expert_wires+checkpoint,1,1,1
model.language_model.layers.45.mlp.experts.192.down_proj,routed,TESSERA_BF16_K1_R896,r896,0,0,0.00021505451877601445,2.7590714578662823e-07,3711694,3711694,ccca9ac670be97eb7b7af37cab0ff93f5685e56e10347957aeb10f5834aea1ef,expert_wires+checkpoint,1,1,1
model.language_model.layers.45.mlp.experts.192.down_proj,routed,TESSERA_E4M3_K1_R896,r896,1,1,0.0002384907566010952,2.1571605060917412e-07,3695306,3695306,9183b557a154b218695cc71be578a5effad32a7cd4c8c563ad1006229ebdc3da,expert_wires+checkpoint,1,1,1
model.language_model.layers.45.mlp.experts.192.gate_proj,routed,TESSERA_BF16_K1_R896,r896,0,0,0.002091823611408472,2.3718844177273665e-07,3707645,3707645,ea09b1dfd5cb635693bc3ab3b1d5e9502f6e0976abe55d1751d71bb01e48858a,expert_wires+checkpoint,1,1,1
model.language_model.layers.45.mlp.experts.192.gate_proj,routed,TESSERA_E4M3_K1_R896,r896,1,1,0.002402127720415592,3.054814459092098e-07,3691257,3691257,09b09fbb112ee915440f4d19ce23aa48673cc983fec95ad1fecce89a7d6ebaa6,expert_wires+checkpoint,1,1,1
model.language_model.layers.45.mlp.experts.192.up_proj,routed,TESSERA_BF16_K1_R896,r896,0,0,0.0024052378721535206,5.230367042698097e-07,3707645,3707645,8d82b615dabd99d5325b4e17ce9d994057acd1e4bee09beff6c1b4610388364c,expert_wires+checkpoint,1,1,1
model.language_model.layers.45.mlp.experts.192.up_proj,routed,TESSERA_E4M3_K1_R896,r896,1,1,0.0027540219016373158,5.640980041078705e-07,3691257,3691257,8789f208a6e821090afa04c5c71265f2409528ac51a194a00656028b5efceaf2,expert_wires+checkpoint,1,1,1
model.language_model.layers.45.mlp.experts.193.down_proj,routed,TESSERA_BF16_K1_R896,r896,0,0,0.0007111655431799591,2.0317777363056695e-06,3711694,3711694,f4da25dc0790fff94d25ec8d4b6baca6296aad166aafa42e8860962f742c51b0,expert_wires+checkpoint,1,1,1
model.language_model.layers.45.mlp.experts.193.down_proj,routed,TESSERA_E4M3_K1_R896,r896,1,1,0.0007813454139977694,2.7746804856955154e-06,3695306,3695306,44c3e9ee1d4b46813aec977f7ce2f58dea0fd9239501b16c196239c232167992,expert_wires+checkpoint,1,1,1
model.language_model.layers.45.mlp.experts.193.gate_proj,routed,TESSERA_BF16_K1_R896,r896,0,0,0.001988571137189865,2.7444065724960776e-07,3707645,3707645,630378b93ca62fdf4a2402ef2f8fa48784190c6e384a09c7834b5ce2b7b9997b,expert_wires+checkpoint,1,1,1
model.language_model.layers.45.mlp.experts.193.gate_proj,routed,TESSERA_E4M3_K1_R896,r896,1,1,0.002317434409633279,8.715007515571656e-07,3691257,3691257,90d808bdc4f85d1e570c6840cdcb593819779fa9eea3dc2c6218a2715b0fe8d9,expert_wires+checkpoint,1,1,1
model.language_model.layers.45.mlp.experts.193.up_proj,routed,TESSERA_BF16_K1_R896,r896,0,0,0.002083781873807311,1.7667776641605492e-07,3707645,3707645,4088ad59872183fc5c1df2c5152c6951526b90f04f73ad41edb841cafec1afcc,expert_wires+checkpoint,1,1,1
model.language_model.layers.45.mlp.experts.193.up_proj,routed,TESSERA_E4M3_K1_R896,r896,1,1,0.0024194871075451374,1.8073120635272152e-06,3691257,3691257,1e7076b4607e8517a0a0a34afc533ef367b338dbcb53eec616c97b410f44b5af,expert_wires+checkpoint,1,1,1
model.language_model.layers.45.mlp.experts.194.down_proj,routed,TESSERA_BF16_K1_R896,r896,0,0,0.00022058861213736236,1.793155473602792e-07,3711694,3711694,62d47158c8da0874eec5db6932d269c5184effc5e1c66b1467d940c8e0a5dcdc,expert_wires+checkpoint,1,1,1
model.language_model.layers.45.mlp.experts.194.down_proj,routed,TESSERA_E4M3_K1_R896,r896,1,1,0.00025193137116730213,1.0489347377530869e-07,3695306,3695306,79d22c7e69af4d4a79d2a3edeaeb75e9378fb45674074d7e1c5472b45bd4d1c7,expert_wires+checkpoint,1,1,1
model.language_model.layers.45.mlp.experts.194.gate_proj,routed,TESSERA_BF16_K1_R896,r896,0,0,0.001137932762503624,8.465805268933679e-08,3707645,3707645,79e14a6a1dcde00e927e3945492c0543d7d22329c31c256e9e17804cff801d18,expert_wires+checkpoint,1,1,1
model.language_model.layers.45.mlp.experts.194.gate_proj,routed,TESSERA_E4M3_K1_R896,r896,1,1,0.0014220119919627905,8.130246648379198e-08,3691257,3691257,014725c763d1ee32da679237699abdd46fd9188bfa9524e32827122e76abf992,expert_wires+checkpoint,1,1,1
model.language_model.layers.45.mlp.experts.194.up_proj,routed,TESSERA_BF16_K1_R896,r896,0,0,0.0011878409422934055,3.3883173557618894e-08,3707645,3707645,a59559454ee99714465abdea71d121e303b8916f69f127f1ec7ee9558d23fe7e,expert_wires+checkpoint,1,1,1
model.language_model.layers.45.mlp.experts.194.up_proj,routed,TESSERA_E4M3_K1_R896,r896,1,1,0.00145437428727746,4.740041021282044e-08,3691257,3691257,b36f282eac32b20beedd6d00944b77c1d95c1bfaec4c9fb6831e3167e97eae9e,expert_wires+checkpoint,1,1,1
model.language_model.layers.45.mlp.experts.195.down_proj,routed,TESSERA_BF16_K1_R896,r896,0,0,0.0008322872454300523,2.702872143888761e-06,3711694,3711694,4fc67101b1d0b85dfbf46e88f13ce65660520aac55f3cfa4789b4c589c5c8ec7,expert_wires+checkpoint,1,1,1
model.language_model.layers.45.mlp.experts.195.down_proj,routed,TESSERA_E4M3_K1_R896,r896,1,1,0.000898994505405426,1.99716418758319e-06,3695306,3695306,f28aabdf2e0d7fb34144cd95888865e8ef5bddf7f17a5c1eb2f2d056fe125e38,expert_wires+checkpoint,1,1,1
model.language_model.layers.45.mlp.experts.195.gate_proj,routed,TESSERA_BF16_K1_R896,r896,0,0,0.0025254932697862387,3.207173157152718e-06,3707645,3707645,a5c4ed2e8e8ce5462072920f464ed456bb32da4b6006ceb716c4c0bfc46ffcb4,expert_wires+checkpoint,1,1,1
model.language_model.layers.45.mlp.experts.195.gate_proj,routed,TESSERA_E4M3_K1_R896,r896,1,1,0.0028939014300704002,6.147944478451355e-07,3691257,3691257,58eae4351cefdd2d6d9987e1ad95bae16fc314c2468f1748e423c1c8837e6d13,expert_wires+checkpoint,1,1,1
model.language_model.layers.45.mlp.experts.195.up_proj,routed,TESSERA_BF16_K1_R896,r896,0,0,0.002818020759150386,2.698002805237439e-07,3707645,3707645,78eff1a5537f282cd49e50c425c9f4e9c46525a6b4b797056cba68e6a71fbf5b,expert_wires+checkpoint,1,1,1
model.language_model.layers.45.mlp.experts.195.up_proj,routed,TESSERA_E4M3_K1_R896,r896,1,1,0.0032263598404824734,8.407422116008191e-07,3691257,3691257,c4dd2f7d5d9a681656756a75f6a29e1122ec84679c6af5cde378cb825ec92f0d,expert_wires+checkpoint,1,1,1
model.language_model.layers.45.mlp.experts.196.down_proj,routed,TESSERA_BF16_K1_R896,r896,0,0,0.00019162680837325752,4.121385872701454e-06,3711694,3711694,f93722fb0bc11eb1616ec579c0fad2b498ea4a6a7585551efcbb397707ce2c47,expert_wires+checkpoint,1,1,1
model.language_model.layers.45.mlp.experts.196.down_proj,routed,TESSERA_E4M3_K1_R896,r896,1,1,0.0002142557204933837,2.2833182045237787e-06,3695306,3695306,326ee8c6f3c1185043051acb4b36d85fc9730cd2150196a00ab2458ff2d805fd,expert_wires+checkpoint,1,1,1
model.language_model.layers.45.mlp.experts.196.gate_proj,routed,TESSERA_BF16_K1_R896,r896,0,0,0.0021972614340484142,6.452737838371759e-07,3707645,3707645,6df17e65befa318d22907d0ef3bd548e050d1a08d7cadc42d8b5b63528a51f59,expert_wires+checkpoint,1,1,1
model.language_model.layers.45.mlp.experts.196.gate_proj,routed,TESSERA_E4M3_K1_R896,r896,1,1,0.002525036921724677,1.3677925503184028e-06,3691257,3691257,9664841d01bd82c46830204f854766b8723d47c408d7a9a16ad4bf1d144aa3da,expert_wires+checkpoint,1,1,1
model.language_model.layers.45.mlp.experts.196.up_proj,routed,TESSERA_BF16_K1_R896,r896,0,0,0.0022156191989779472,3.7549730861805608e-06,3707645,3707645,097e4658c275717e35e87ceadb28cebd02a892865829b050ba94881b775101fa,expert_wires+checkpoint,1,1,1
model.language_model.layers.45.mlp.experts.196.up_proj,routed,TESSERA_E4M3_K1_R896,r896,1,1,0.002552658785134554,2.306949566410443e-06,3691257,3691257,1201f8ac430fed04f7e53721c5c949bb84db004da837fc96ea6ed59217363ebf,expert_wires+checkpoint,1,1,1
model.language_model.layers.45.mlp.experts.197.down_proj,routed,TESSERA_BF16_K1_R896,r896,0,0,0.0006875332910567522,2.7311615533331605e-06,3711694,3711694,ab5f71678969619b10bad0fca918568a6d09eccadebc3732df1502ec619a0034,expert_wires+checkpoint,1,1,1
model.language_model.layers.45.mlp.experts.197.down_proj,routed,TESSERA_E4M3_K1_R896,r896,1,1,0.0007592473994009197,2.414885436775837e-06,3695306,3695306,9e82887cd99df796f3cafea2b2caef7970ddcd7e90b611c206a283583640c273,expert_wires+checkpoint,1,1,1
model.language_model.layers.45.mlp.experts.197.gate_proj,routed,TESSERA_BF16_K1_R896,r896,0,0,0.0015203715302050114,2.755349215657241e-07,3707645,3707645,b92d022185e9da5775ba361c82ef34ec9c44312f8a71991e3302937f71f795c4,expert_wires+checkpoint,1,1,1
model.language_model.layers.45.mlp.experts.197.gate_proj,routed,TESSERA_E4M3_K1_R896,r896,1,1,0.001843798323534429,1.5069762940172938e-06,3691257,3691257,8180382b38c6fc43396c8566682df8d78ddfcf2e61cd18a427cf8a88ead39a01,expert_wires+checkpoint,1,1,1
model.language_model.layers.45.mlp.experts.197.up_proj,routed,TESSERA_BF16_K1_R896,r896,0,0,0.001587834907695651,3.2052095947450283e-07,3707645,3707645,38d2a489de7e314fb407ab6584ad076d50ad1f860936ec95dc33ba532ce8cd30,expert_wires+checkpoint,1,1,1
model.language_model.layers.45.mlp.experts.197.up_proj,routed,TESSERA_E4M3_K1_R896,r896,1,1,0.0019079097546637058,1.7369217702457455e-06,3691257,3691257,80e5d274d917360602146f0eec6727c9e7aa220dae60a8ed6858ee7942dc6781,expert_wires+checkpoint,1,1,1
model.language_model.layers.45.mlp.experts.198.down_proj,routed,TESSERA_BF16_K1_R896,r896,0,0,0.001327561098150909,1.0900041246573957e-06,3711694,3711694,c70266b5095adfc66b8e111b4a1b6e3d38e0c0667e6d09df68eb9331e88edc6e,expert_wires+checkpoint,1,1,1
model.language_model.layers.45.mlp.experts.198.down_proj,routed,TESSERA_E4M3_K1_R896,r896,1,1,0.0015017058467492461,1.7955248330258123e-06,3695306,3695306,2c29cb7c76fae93996a20f0c9b5c975648ee65a8edb5179ece105892949bdbf0,expert_wires+checkpoint,1,1,1
model.language_model.layers.45.mlp.experts.198.gate_proj,routed,TESSERA_BF16_K1_R896,r896,0,0,0.001980493078008294,3.0655004587112183e-07,3707645,3707645,ef5bf19670c821357eb34790014887c68d6df72c01505ba2886a7c7966591cc2,expert_wires+checkpoint,1,1,1
model.language_model.layers.45.mlp.experts.198.gate_proj,routed,TESSERA_E4M3_K1_R896,r896,1,1,0.0023632044903934,3.753694357740815e-07,3691257,3691257,cd57914e029a5d181152fb6cc0a98de3874fc1b2a5f930c97eca3a5335549dda,expert_wires+checkpoint,1,1,1
model.language_model.layers.45.mlp.experts.198.up_proj,routed,TESSERA_BF16_K1_R896,r896,0,0,0.002087844768539071,7.585552027545612e-07,3707645,3707645,7b0422b8b72c4ffb8d0cbd732e1296fb33767e97fae896017774f7329b7bbe7d,expert_wires+checkpoint,1,1,1
model.language_model.layers.45.mlp.experts.198.up_proj,routed,TESSERA_E4M3_K1_R896,r896,1,1,0.0024890583008527756,3.897357312924895e-07,3691257,3691257,9e02afaa8922cc8ff10ab63c4125e0667e376b322899da01df42f84202f204b6,expert_wires+checkpoint,1,1,1
model.language_model.layers.45.mlp.experts.199.down_proj,routed,TESSERA_BF16_K1_R896,r896,0,0,0.0014123397413641214,2.255440504238111e-06,3711694,3711694,0a3a851e121d8a5d35e8d65542892d3bdc0e3302b0b5fe7736cefd5cb27817aa,expert_wires+checkpoint,1,1,1
model.language_model.layers.45.mlp.experts.199.down_proj,routed,TESSERA_E4M3_K1_R896,r896,1,1,0.0015835276572033763,2.2950276469560687e-06,3695306,3695306,d48ff44aab7bba5c16aa02353ee6736a8f706d3a55ad0da38b99d1657693341d,expert_wires+checkpoint,1,1,1
model.language_model.layers.45.mlp.experts.199.gate_proj,routed,TESSERA_BF16_K1_R896,r896,0,0,0.0015731512103229761,9.84272705276837e-07,3707645,3707645,9a97e935c463433346868c3529abc33a3629f0c43159711a686842badf132321,expert_wires+checkpoint,1,1,1
model.language_model.layers.45.mlp.experts.199.gate_proj,routed,TESSERA_E4M3_K1_R896,r896,1,1,0.0018927527125924826,1.066164716833953e-06,3691257,3691257,23f0fc6093bf62147687d7241c426e43b040df3b98be7fe57d2e9f9223ab9b55,expert_wires+checkpoint,1,1,1
model.language_model.layers.45.mlp.experts.199.up_proj,routed,TESSERA_BF16_K1_R896,r896,0,0,0.0018038004636764526,6.668761895577376e-07,3707645,3707645,e5ccb764d6c3fe77a0f0fc7fd20718ed4029d09f89faf20e4271c251e4277109,expert_wires+checkpoint,1,1,1
model.language_model.layers.45.mlp.experts.199.up_proj,routed,TESSERA_E4M3_K1_R896,r896,1,1,0.0021522105671465397,5.435607280731037e-07,3691257,3691257,e1327198edc10c8cc528b96b0cdc9100f7d55c3c6b0ad5a5c72084283d2b3067,expert_wires+checkpoint,1,1,1
model.language_model.layers.45.mlp.experts.2.down_proj,routed,TESSERA_BF16_K1_R896,r896,0,0,0.0003522354527376592,4.0760787588429605e-07,3711694,3711694,cbe210ae23b667d37a0c578abc4efe03dbc740d0fb2b9b8551115ed4832e70d7,expert_wires+checkpoint,1,1,1
model.language_model.layers.45.mlp.experts.2.down_proj,routed,TESSERA_E4M3_K1_R896,r896,1,1,0.0003806469321716577,2.905899028662022e-06,3695306,3695306,42c62adf847b5fb022edf788831ac13843f826b59fb5c9d00d0a44f1d127f997,expert_wires+checkpoint,1,1,1
model.language_model.layers.45.mlp.experts.2.gate_proj,routed,TESSERA_BF16_K1_R896,r896,0,0,0.00196162611246109,4.978565375633514e-07,3707645,3707645,32b16a6895f2f262b92ce7dca82d40cd406b607834cb61b96e5ac13f2b8e3157,expert_wires+checkpoint,1,1,1
model.language_model.layers.45.mlp.experts.2.gate_proj,routed,TESSERA_E4M3_K1_R896,r896,1,1,0.0022744436282664537,6.769624674172398e-07,3691257,3691257,9353451cb66a05695f71d913c3928a133c87f3adf91d65c945dfa37ad06e51ad,expert_wires+checkpoint,1,1,1
model.language_model.layers.45.mlp.experts.2.up_proj,routed,TESSERA_BF16_K1_R896,r896,0,0,0.0021344120614230633,6.764917053834715e-07,3707645,3707645,1a1fb969f0c039c113c02468730cfba7debf77f37ca010cfa5e37f928d439aa6,expert_wires+checkpoint,1,1,1
model.language_model.layers.45.mlp.experts.2.up_proj,routed,TESSERA_E4M3_K1_R896,r896,1,1,0.0024727522395551205,1.0411120504547472e-07,3691257,3691257,5d56db6712e15dc0dc6fe3bd888bb69c505975a8b06e1be88b508098f31a3874,expert_wires+checkpoint,1,1,1
model.language_model.layers.45.mlp.experts.20.down_proj,routed,TESSERA_BF16_K1_R896,r896,0,0,0.0009655007161200047,2.2104460888935015e-06,3711694,3711694,1ddfe4de0e65a88c9d337c799cba19e23533d36a50dd857d1cbce74294d2429a,expert_wires+checkpoint,1,1,1
model.language_model.layers.45.mlp.experts.20.down_proj,routed,TESSERA_E4M3_K1_R896,r896,1,1,0.0010689403861761093,9.182593293687101e-07,3695306,3695306,b2ea047c2632c6157225c5e25680b46653e97d0573736768a6ccd5ba74a1b5e3,expert_wires+checkpoint,1,1,1
model.language_model.layers.45.mlp.experts.20.gate_proj,routed,TESSERA_BF16_K1_R896,r896,0,0,0.001789649948477745,7.488855434441005e-07,3707645,3707645,1c4b4b7167069b278329b998ad2746eefceebafdbc6d312209b3dd6e5bd8d081,expert_wires+checkpoint,1,1,1
model.language_model.layers.45.mlp.experts.20.gate_proj,routed,TESSERA_E4M3_K1_R896,r896,1,1,0.0020888815633952618,2.3631180577355343e-07,3691257,3691257,528bf39ba9835539d0fa890e05ce9110f37c3c3fbdb73c2728439f325e2b6844,expert_wires+checkpoint,1,1,1
model.language_model.layers.45.mlp.experts.20.up_proj,routed,TESSERA_BF16_K1_R896,r896,0,0,0.002004974987357855,9.649207063955722e-07,3707645,3707645,8b8a9352680afef91e3905f3683a5da7cd82560759e40ea4d262c57c9b6ec0f6,expert_wires+checkpoint,1,1,1
model.language_model.layers.45.mlp.experts.20.up_proj,routed,TESSERA_E4M3_K1_R896,r896,1,1,0.0023381230421364307,6.202464051147977e-07,3691257,3691257,4755922888b7b796d81cbfff2a61ed14f8b698e3c180c6101032ac5ccb5c623d,expert_wires+checkpoint,1,1,1
model.language_model.layers.45.mlp.experts.200.down_proj,routed,TESSERA_BF16_K1_R896,r896,0,0,0.0004205691220704466,7.915398758262823e-07,3711694,3711694,d0882f2718e81b066b5a8e2eb5e0346f0818fd0fc595d28e1d0b528a524afeb4,expert_wires+checkpoint,1,1,1
model.language_model.layers.45.mlp.experts.200.down_proj,routed,TESSERA_E4M3_K1_R896,r896,1,1,0.00045985818724147975,9.126550667918875e-07,3695306,3695306,25492fe35c6cc7f5241840416093ff194cfce2b8ef625e96554aee3882c9a9ba,expert_wires+checkpoint,1,1,1
model.language_model.layers.45.mlp.experts.200.gate_proj,routed,TESSERA_BF16_K1_R896,r896,0,0,0.0019060915801674128,1.6276200236373379e-06,3707645,3707645,6faaa040f3d2a1a68facf89af35fb160ac7b0ddbf93c360b07f6ec07608a817c,expert_wires+checkpoint,1,1,1
model.language_model.layers.45.mlp.experts.200.gate_proj,routed,TESSERA_E4M3_K1_R896,r896,1,1,0.002255234867334366,5.694804294639309e-07,3691257,3691257,fbe9ce495630fb1493a1ab66f168b1a430eb323ffdfde20e73cbfaf81079d03b,expert_wires+checkpoint,1,1,1
model.language_model.layers.45.mlp.experts.200.up_proj,routed,TESSERA_BF16_K1_R896,r896,0,0,0.00201939744874835,2.396924704788774e-07,3707645,3707645,4a964108ac170a99fc073419dcbe11dcac34d6b39d59659d44347e9c1b4476fe,expert_wires+checkpoint,1,1,1
model.language_model.layers.45.mlp.experts.200.up_proj,routed,TESSERA_E4M3_K1_R896,r896,1,1,0.0023912263568490744,9.215472780660639e-07,3691257,3691257,8fc69df31b28680b2c236c32a76184c50a6daf83b7e18c869a159d3c0d2d7f48,expert_wires+checkpoint,1,1,1
model.language_model.layers.45.mlp.experts.201.down_proj,routed,TESSERA_BF16_K1_R896,r896,0,0,0.0003559385659173131,1.788495751123545e-07,3711694,3711694,acb353cb37bb43d342c10eed9396ca81bd82a21754ce7e36414ef909a093a4a0,expert_wires+checkpoint,1,1,1
model.language_model.layers.45.mlp.experts.201.down_proj,routed,TESSERA_E4M3_K1_R896,r896,1,1,0.0003870348446071148,5.42175875322697e-07,3695306,3695306,dacf3c39be515fe6b75e3fd07f94988cc582fc972c9a6f13b0598eeea0183236,expert_wires+checkpoint,1,1,1
model.language_model.layers.45.mlp.experts.201.gate_proj,routed,TESSERA_BF16_K1_R896,r896,0,0,0.0020184707827866077,6.682766588270081e-07,3707645,3707645,4bce8d7250ac98858bca9014869e00d11982ae730b25cd4cac48106fcbffd83d,expert_wires+checkpoint,1,1,1
model.language_model.layers.45.mlp.experts.201.gate_proj,routed,TESSERA_E4M3_K1_R896,r896,1,1,0.0023636692203581333,2.2724841706068426e-06,3691257,3691257,006448b411b06c79ce335fd51301e5e1fa8e266f3c46bf0df4a58ee045ff1788,expert_wires+checkpoint,1,1,1
model.language_model.layers.45.mlp.experts.201.up_proj,routed,TESSERA_BF16_K1_R896,r896,0,0,0.0021793735213577747,1.5769796409761548e-07,3707645,3707645,1391dbe4828d86ec2c58777a2ac1b9c70cbfa6a4b01392dc47f25c4cbcfd9963,expert_wires+checkpoint,1,1,1
model.language_model.layers.45.mlp.experts.201.up_proj,routed,TESSERA_E4M3_K1_R896,r896,1,1,0.00255436054430902,1.7821375696093865e-06,3691257,3691257,401b97fc054f890a3f5b240f461df217f838cef8610624fd857f3c39a756ddc1,expert_wires+checkpoint,1,1,1
model.language_model.layers.45.mlp.experts.202.down_proj,routed,TESSERA_BF16_K1_R896,r896,0,0,0.0003753709024749696,1.0184384759663733e-06,3711694,3711694,5196e0e1b01b554b4f7afba63ba5aaf83e1db974182befc8618c6f3fd8705c61,expert_wires+checkpoint,1,1,1
model.language_model.layers.45.mlp.experts.202.down_proj,routed,TESSERA_E4M3_K1_R896,r896,1,1,0.0004110226291231811,1.112237055795852e-06,3695306,3695306,74c4254b3dc00cc82f43fbad2752a607edb1da049372a9938c5681992be69c38,expert_wires+checkpoint,1,1,1
model.language_model.layers.45.mlp.experts.202.gate_proj,routed,TESSERA_BF16_K1_R896,r896,0,0,0.0020184959284961224,5.87786841985559e-07,3707645,3707645,14386b261fcc96bae6e86c366db66087eff806067cf6f9806ef3e53c64e4dae7,expert_wires+checkpoint,1,1,1
model.language_model.layers.45.mlp.experts.202.gate_proj,routed,TESSERA_E4M3_K1_R896,r896,1,1,0.0023895427584648132,3.6236776439420847e-07,3691257,3691257,05193ee583283362deceb8b0d12edab0c34bdb1ca51312a6adf5a9011bdeb684,expert_wires+checkpoint,1,1,1
model.language_model.layers.45.mlp.experts.202.up_proj,routed,TESSERA_BF16_K1_R896,r896,0,0,0.0021869908086955547,1.2752022511815622e-06,3707645,3707645,370c13a0644261b18bab46ff43745912865e1b43338908bb46e0f89fb4f9e6bd,expert_wires+checkpoint,1,1,1
model.language_model.layers.45.mlp.experts.202.up_proj,routed,TESSERA_E4M3_K1_R896,r896,1,1,0.002576124854385853,5.134083619720617e-07,3691257,3691257,d6df0223158abbfef004bbd7991c1c47d92d709e9a178079d3b11d302382fd57,expert_wires+checkpoint,1,1,1
model.language_model.layers.45.mlp.experts.203.down_proj,routed,TESSERA_BF16_K1_R896,r896,0,0,0.0006871713558211923,4.6559367605824666e-06,3711694,3711694,63a5bd4f8db54a24fa8aa33ec8e7b4f7c38e44a028cb222ef7ce6377a10b1858,expert_wires+checkpoint,1,1,1
model.language_model.layers.45.mlp.experts.203.down_proj,routed,TESSERA_E4M3_K1_R896,r896,1,1,0.0007459049811586738,1.8204455411610147e-06,3695306,3695306,0f9fa007f480187a6cb70e58aec03e4587f2a023510721db6a4775860d4aae62,expert_wires+checkpoint,1,1,1
model.language_model.layers.45.mlp.experts.203.gate_proj,routed,TESSERA_BF16_K1_R896,r896,0,0,0.0021300739608705044,2.39607365088553e-06,3707645,3707645,d2e0d0263c4c36b5019872c2069a75067d5efeaf28d2b4467c8f23ab62eac518,expert_wires+checkpoint,1,1,1
model.language_model.layers.45.mlp.experts.203.gate_proj,routed,TESSERA_E4M3_K1_R896,r896,1,1,0.002486228011548519,3.6285936447309874e-07,3691257,3691257,665a33f9e4d9a5c3d22cd684b83208a5a8ce7bc26e4588f71a0c4b7b644445c1,expert_wires+checkpoint,1,1,1
model.language_model.layers.45.mlp.experts.203.up_proj,routed,TESSERA_BF16_K1_R896,r896,0,0,0.002434093039482832,2.0529645678829696e-07,3707645,3707645,b3fc3bb5387c8b580e20c17bde80c707960e6b24b2f0f8412035a963d0b69380,expert_wires+checkpoint,1,1,1
model.language_model.layers.45.mlp.experts.203.up_proj,routed,TESSERA_E4M3_K1_R896,r896,1,1,0.0028272541239857674,7.893544027535439e-07,3691257,3691257,5c8f0df145f46feca8cae2ad6e3dae52fcf91df945eee66d08362e0401382821,expert_wires+checkpoint,1,1,1
model.language_model.layers.45.mlp.experts.204.down_proj,routed,TESSERA_BF16_K1_R896,r896,0,0,0.00032635941170156,1.2305128017752457e-06,3711694,3711694,046dd603d2c2ae0165e9fb9946033d786b89d96aa16a8960527071b252dedfc8,expert_wires+checkpoint,1,1,1
model.language_model.layers.45.mlp.experts.204.down_proj,routed,TESSERA_E4M3_K1_R896,r896,1,1,0.00035424099769443274,1.1506690318105356e-06,3695306,3695306,aa325b43dc5a480896586808dad0c5432c69f4b16bfbbc2f522103673927900d,expert_wires+checkpoint,1,1,1
model.language_model.layers.45.mlp.experts.204.gate_proj,routed,TESSERA_BF16_K1_R896,r896,0,0,0.0018887912156060338,2.783754892672038e-07,3707645,3707645,0dd5e1dfed631bd175cd1f35bf44f63181321eb5f14bf8fe40de375009e3bb54,expert_wires+checkpoint,1,1,1
model.language_model.layers.45.mlp.experts.204.gate_proj,routed,TESSERA_E4M3_K1_R896,r896,1,1,0.002224100986495614,5.718373767470265e-07,3691257,3691257,596ec511bd8a679df43de293c40c1ccae3a9ee0da71d58353f528ca53af2d97a,expert_wires+checkpoint,1,1,1
model.language_model.layers.45.mlp.experts.204.up_proj,routed,TESSERA_BF16_K1_R896,r896,0,0,0.0020197764970362186,6.714233938246007e-07,3707645,3707645,864687f58d8c90526c59ae5d8427858d9fe4e59a38fc1b1e88257d1aa18fe2fc,expert_wires+checkpoint,1,1,1
model.language_model.layers.45.mlp.experts.204.up_proj,routed,TESSERA_E4M3_K1_R896,r896,1,1,0.0023735864087939262,2.243730895709964e-06,3691257,3691257,4be42d8ab248307b2da6909cf2ca2ccc8fd04644ed0f1f5edc5aaea03f7ee053,expert_wires+checkpoint,1,1,1
model.language_model.layers.45.mlp.experts.205.down_proj,routed,TESSERA_BF16_K1_R896,r896,0,0,0.0006633018492721021,1.2805234697714317e-05,3711694,3711694,891bad8aef024e6fc8c4f7ede1758565627047bc312f7c3c4c74cc9ed3df159d,expert_wires+checkpoint,1,1,1
model.language_model.layers.45.mlp.experts.205.down_proj,routed,TESSERA_E4M3_K1_R896,r896,1,1,0.0007569553563371301,2.6081109556757172e-06,3695306,3695306,cc63376a977cdf0e90352ab8952f182b8830d475c3b82a4a7a4a7a9aab19bfe8,expert_wires+checkpoint,1,1,1
model.language_model.layers.45.mlp.experts.205.gate_proj,routed,TESSERA_BF16_K1_R896,r896,0,0,0.002892292570322752,1.626382571801403e-06,3707645,3707645,14fc7971d9996db5ea159e6522dc999a05b18bd16babd13ceeca76404d511fdd,expert_wires+checkpoint,1,1,1
model.language_model.layers.45.mlp.experts.205.gate_proj,routed,TESSERA_E4M3_K1_R896,r896,1,1,0.0033254397567361593,1.2511947681677086e-06,3691257,3691257,6cf19736687862d5c89f8aa02f031b5aa7cec7d7624dfc57712b49144eb93825,expert_wires+checkpoint,1,1,1
model.language_model.layers.45.mlp.experts.205.up_proj,routed,TESSERA_BF16_K1_R896,r896,0,0,0.002968878485262394,3.9131185185933215e-07,3707645,3707645,bbbdc058b96363963fae585ffb9f042736368d494edebcbb1b0f50609f2434b5,expert_wires+checkpoint,1,1,1
model.language_model.layers.45.mlp.experts.205.up_proj,routed,TESSERA_E4M3_K1_R896,r896,1,1,0.0034326028544455767,2.506607120668956e-06,3691257,3691257,dae0608d41e9b4c62ab7c58dfd4ac18230c8a2f712aaae8638f4e9b1abf9aa00,expert_wires+checkpoint,1,1,1
model.language_model.layers.45.mlp.experts.206.down_proj,routed,TESSERA_BF16_K1_R896,r896,0,0,0.0004664056177716702,1.0256074549548578e-06,3711694,3711694,2e037b7df46f604669572111df5d8534a3cd22199fde4defe70500271d3e15b9,expert_wires+checkpoint,1,1,1
model.language_model.layers.45.mlp.experts.206.down_proj,routed,TESSERA_E4M3_K1_R896,r896,1,1,0.0005045607686042786,3.367325686625131e-06,3695306,3695306,9f6bc98d26172f0190182776422ab6cffab80e0751094c5828cee4cec1d5e01e,expert_wires+checkpoint,1,1,1
model.language_model.layers.45.mlp.experts.206.gate_proj,routed,TESSERA_BF16_K1_R896,r896,0,0,0.0021365133579820395,1.6104491579108918e-06,3707645,3707645,ab59d2e4b437104cab8d42aa591f7ad0d09b9ec0d38d3a6d9b685ab8475a1baf,expert_wires+checkpoint,1,1,1
model.language_model.layers.45.mlp.experts.206.gate_proj,routed,TESSERA_E4M3_K1_R896,r896,1,1,0.0024778915103524923,1.3988427978885687e-06,3691257,3691257,d4d76ab4731b228516a3e43915508aa6cad12ad24989f4fe0a3204af85f8701f,expert_wires+checkpoint,1,1,1
model.language_model.layers.45.mlp.experts.206.up_proj,routed,TESSERA_BF16_K1_R896,r896,0,0,0.002337965415790677,4.111920722298527e-07,3707645,3707645,191182f5362bf3079c9b2e3f99bac6dcdd912dedb636abc182e7bfba492b5099,expert_wires+checkpoint,1,1,1
model.language_model.layers.45.mlp.experts.206.up_proj,routed,TESSERA_E4M3_K1_R896,r896,1,1,0.002716093324124813,1.3383401157536087e-06,3691257,3691257,64668a4d23d620f449b722e9c39e373996c6f74690eb3a6f9bf644688390d614,expert_wires+checkpoint,1,1,1
model.language_model.layers.45.mlp.experts.207.down_proj,routed,TESSERA_BF16_K1_R896,r896,0,0,0.0003217043122276664,3.6834992462880664e-07,3711694,3711694,4e046611ca822dd3c6ea56556603692ac572debb22703248bb50de5acb7414d8,expert_wires+checkpoint,1,1,1
model.language_model.layers.45.mlp.experts.207.down_proj,routed,TESSERA_E4M3_K1_R896,r896,1,1,0.0003547894593793899,1.0559714531241998e-06,3695306,3695306,d6062db2f192116118fe1542592bff69f97664db16fb86d15c1ba5c681f17d2b,expert_wires+checkpoint,1,1,1
model.language_model.layers.45.mlp.experts.207.gate_proj,routed,TESSERA_BF16_K1_R896,r896,0,0,0.001605904195457697,1.3323109292079738e-06,3707645,3707645,d1f52d2e91c6a05bc1a2a2cd7febdca8d646f1cdd71526a3157d50b7bf851752,expert_wires+checkpoint,1,1,1
model.language_model.layers.45.mlp.experts.207.gate_proj,routed,TESSERA_E4M3_K1_R896,r896,1,1,0.0018780010286718607,1.617538414490597e-06,3691257,3691257,4c009a022db37e3f25850f873536f7e05b925bd95100e6422f6872f35f129a0a,expert_wires+checkpoint,1,1,1
model.language_model.layers.45.mlp.experts.207.up_proj,routed,TESSERA_BF16_K1_R896,r896,0,0,0.001812611473724246,1.5310052625061285e-06,3707645,3707645,d064e3fa768c2459d382561c66396e1f4782505feed70379d3b8d4a6f0fafdf4,expert_wires+checkpoint,1,1,1
model.language_model.layers.45.mlp.experts.207.up_proj,routed,TESSERA_E4M3_K1_R896,r896,1,1,0.0021138712763786316,8.67059830432826e-07,3691257,3691257,94d21995e0f8b4ff76abc0dfeebb6e56fb8f38fba1fc249d8bdc5f7da9ecbaf5,expert_wires+checkpoint,1,1,1
model.language_model.layers.45.mlp.experts.208.down_proj,routed,TESSERA_BF16_K1_R896,r896,0,0,0.00027915494865737855,1.1601956315447424e-06,3711694,3711694,0de857bc89490d6123aba5fb4feb763a72646ff7b4cf026dd624706ea1cd194f,expert_wires+checkpoint,1,1,1
model.language_model.layers.45.mlp.experts.208.down_proj,routed,TESSERA_E4M3_K1_R896,r896,1,1,0.0003093746490776539,3.271040470373667e-06,3695306,3695306,d4b0cee85e63f1e5bdaf3baa417a5eb5f5c0477fc95f6d37bf8610aa0d6342da,expert_wires+checkpoint,1,1,1
model.language_model.layers.45.mlp.experts.208.gate_proj,routed,TESSERA_BF16_K1_R896,r896,0,0,0.001764729619026184,1.7890193034055405e-07,3707645,3707645,4f2cc3707fac035ec48fffd8cf9c5e84ef041f8ee991cc57c4ad69c0770c89ee,expert_wires+checkpoint,1,1,1
model.language_model.layers.45.mlp.experts.208.gate_proj,routed,TESSERA_E4M3_K1_R896,r896,1,1,0.002081712242215872,6.028848032683006e-07,3691257,3691257,0375f846d62a834b357f0fda43008069fa779bb228da77433662c264ffa5449c,expert_wires+checkpoint,1,1,1
model.language_model.layers.45.mlp.experts.208.up_proj,routed,TESSERA_BF16_K1_R896,r896,0,0,0.0018808008171617985,1.0299227248813538e-06,3707645,3707645,c28625ca85a007b525c1530a518117d4f1222a8dcd0b4261a196a67c0c2ea242,expert_wires+checkpoint,1,1,1
model.language_model.layers.45.mlp.experts.208.up_proj,routed,TESSERA_E4M3_K1_R896,r896,1,1,0.002225165255367756,1.0311407850035696e-06,3691257,3691257,fa57ac8cf962354a45e34b81bed562930acf34a3ca18456c1bb33bcd31a04951,expert_wires+checkpoint,1,1,1
model.language_model.layers.45.mlp.experts.209.down_proj,routed,TESSERA_BF16_K1_R896,r896,0,0,0.0008280697511509061,4.200068212975464e-06,3711694,3711694,47311123b61047c0c3515f0b03aeae21f2a7e0af7ca10f9ef948a3c8d477e551,expert_wires+checkpoint,1,1,1
model.language_model.layers.45.mlp.experts.209.down_proj,routed,TESSERA_E4M3_K1_R896,r896,1,1,0.0009417451801709831,5.9108583260324955e-08,3695306,3695306,fee143edeeeeace5fd4439f4842c49d636b988678a0b1f93f4b51b2ab5b1c40c,expert_wires+checkpoint,1,1,1
model.language_model.layers.45.mlp.experts.209.gate_proj,routed,TESSERA_BF16_K1_R896,r896,0,0,0.002577639650553465,1.999834062699678e-06,3707645,3707645,208a60cee6ee31363cc2eb4a215ec29c727997232f1422cdb5f78110d42e92c8,expert_wires+checkpoint,1,1,1
model.language_model.layers.45.mlp.experts.209.gate_proj,routed,TESSERA_E4M3_K1_R896,r896,1,1,0.0030052941292524338,7.863513498888561e-07,3691257,3691257,fd992ea9de792c744abeb27b548ae366360d8e59d47d71b79229bf3aeea70cc3,expert_wires+checkpoint,1,1,1
model.language_model.layers.45.mlp.experts.209.up_proj,routed,TESSERA_BF16_K1_R896,r896,0,0,0.0028093052096664906,1.4032492717488755e-06,3707645,3707645,6e29bc71c88107b62f3e143a1683c034e799181763acb197e6d4eca3f3942fb9,expert_wires+checkpoint,1,1,1
model.language_model.layers.45.mlp.experts.209.up_proj,routed,TESSERA_E4M3_K1_R896,r896,1,1,0.003251280402764678,1.1569275945355262e-06,3691257,3691257,03f79f4269884484211baec30d043d7535fb174f44563f026bcade2a635f07ad,expert_wires+checkpoint,1,1,1
model.language_model.layers.45.mlp.experts.21.down_proj,routed,TESSERA_BF16_K1_R896,r896,0,0,0.00027936926926486194,5.6671242211938714e-06,3711694,3711694,f3d788b0a81c1c7d3c5dc5d72e8311c81830a18b5936b0b7da687a88e88eddf7,expert_wires+checkpoint,1,1,1
model.language_model.layers.45.mlp.experts.21.down_proj,routed,TESSERA_E4M3_K1_R896,r896,1,1,0.00030297611374408007,1.0405250143483163e-05,3695306,3695306,79af88c8dea54cd0b109ed24868b12e59800494b0fc1f38f35db367ca3b47351,expert_wires+checkpoint,1,1,1
model.language_model.layers.45.mlp.experts.21.gate_proj,routed,TESSERA_BF16_K1_R896,r896,0,0,0.002106840256601572,2.2894345418642763e-06,3707645,3707645,2ec2e0343420242eb1c296e4f205ac7a29fe4b11c488c848cc0e04b55198602c,expert_wires+checkpoint,1,1,1
model.language_model.layers.45.mlp.experts.21.gate_proj,routed,TESSERA_E4M3_K1_R896,r896,1,1,0.0024173948913812637,2.2328016400494206e-06,3691257,3691257,7f9e191fa86518b0bebffbc296142aca78f407dda602b098544f85332fa71f70,expert_wires+checkpoint,1,1,1
model.language_model.layers.45.mlp.experts.21.up_proj,routed,TESSERA_BF16_K1_R896,r896,0,0,0.0023493512999266386,2.0572849616846734e-06,3707645,3707645,e7b563096d8c1ea89f3fa101686ec57d048a824b522eebc0b6a88092d47663f2,expert_wires+checkpoint,1,1,1
model.language_model.layers.45.mlp.experts.21.up_proj,routed,TESSERA_E4M3_K1_R896,r896,1,1,0.0026734438724815845,4.350676932251214e-07,3691257,3691257,48aecba27da7c1e4c7e36a87dbe78726c4ac2d22f03ae4f59e8a61a20e2d3d25,expert_wires+checkpoint,1,1,1
model.language_model.layers.45.mlp.experts.210.down_proj,routed,TESSERA_BF16_K1_R896,r896,0,0,0.0012228463310748339,2.740394202731219e-06,3711694,3711694,50d92ecbaf4555b1254b8e900ddc2b441d62b0bf59fe766f4a52559a3176d840,expert_wires+checkpoint,1,1,1
model.language_model.layers.45.mlp.experts.210.down_proj,routed,TESSERA_E4M3_K1_R896,r896,1,1,0.001347085228189826,2.161945211892044e-06,3695306,3695306,7abb6ffe8f3db03bf252ae64fda72fc4f5597e1d8a429c105f90bfe125388025,expert_wires+checkpoint,1,1,1
model.language_model.layers.45.mlp.experts.210.gate_proj,routed,TESSERA_BF16_K1_R896,r896,0,0,0.0021095233969390392,1.1448112308020647e-06,3707645,3707645,b4a09ad28412b24d1cdfac0555cc81bcaa3caaf079c6ddf83ce99e5fde5a26b7,expert_wires+checkpoint,1,1,1
model.language_model.layers.45.mlp.experts.210.gate_proj,routed,TESSERA_E4M3_K1_R896,r896,1,1,0.0024544764310121536,2.488221168487006e-06,3691257,3691257,34be2cbbe4f696369f2b59e2d7d71317074bc54c74d56883369a61a6a6c00050,expert_wires+checkpoint,1,1,1
model.language_model.layers.45.mlp.experts.210.up_proj,routed,TESSERA_BF16_K1_R896,r896,0,0,0.002312948927283287,4.895891206801466e-07,3707645,3707645,bd87b561da425acc9338b59f8127d42215a78f27d77a2f3959e5b310f9dae3ee,expert_wires+checkpoint,1,1,1
model.language_model.layers.45.mlp.experts.210.up_proj,routed,TESSERA_E4M3_K1_R896,r896,1,1,0.002666750457137823,1.1001469352559295e-06,3691257,3691257,b38e78ccfcd05585f9a973bef452dc5a5ac0079ba15f12265c0eb47f319b6f98,expert_wires+checkpoint,1,1,1
model.language_model.layers.45.mlp.experts.211.down_proj,routed,TESSERA_BF16_K1_R896,r896,0,0,0.00029226753395050764,1.7884968584276607e-06,3711694,3711694,3b920f5e0e16ebcab06f9384ddc3284d2782ae900f57fdcdc5294bc0375d03a3,expert_wires+checkpoint,1,1,1
model.language_model.layers.45.mlp.experts.211.down_proj,routed,TESSERA_E4M3_K1_R896,r896,1,1,0.0003175430465489626,1.927156780853908e-06,3695306,3695306,efe862e5e5c35090273e58bfad595b5a138e93721afe726e07b88dfd0dff813d,expert_wires+checkpoint,1,1,1
model.language_model.layers.45.mlp.experts.211.gate_proj,routed,TESSERA_BF16_K1_R896,r896,0,0,0.0017976416274905205,1.736023047804122e-06,3707645,3707645,f051dca464408dff3fa1aa6d6c62f2d77b8ea0e9263a5ff7f6192979911c8dd2,expert_wires+checkpoint,1,1,1
model.language_model.layers.45.mlp.experts.211.gate_proj,routed,TESSERA_E4M3_K1_R896,r896,1,1,0.002115374431014061,2.917590682201536e-07,3691257,3691257,d548446d3a0a91090a4da8cda41d6964c84a8f50e73526a191d0645005e14af8,expert_wires+checkpoint,1,1,1
model.language_model.layers.45.mlp.experts.211.up_proj,routed,TESSERA_BF16_K1_R896,r896,0,0,0.002207200974225998,2.799133486809411e-07,3707645,3707645,dc75c63a7b1b338d0e5dddca3b636a8ad4292c8bb5fa9a579c70c2ccd0e0631a,expert_wires+checkpoint,1,1,1
model.language_model.layers.45.mlp.experts.211.up_proj,routed,TESSERA_E4M3_K1_R896,r896,1,1,0.0025767283514142036,1.222665780384011e-07,3691257,3691257,240e559bc578a32fd07c3e26c07b03e76b617e9146c4741903258d2dbce8015c,expert_wires+checkpoint,1,1,1
model.language_model.layers.45.mlp.experts.212.down_proj,routed,TESSERA_BF16_K1_R896,r896,0,0,0.0004943261737935245,3.7923284764046967e-06,3711694,3711694,a6835ecc0fe56ef4c0f26d59d25be0244fcaa3df949e4a16e0d08d1c93c0de6e,expert_wires+checkpoint,1,1,1
model.language_model.layers.45.mlp.experts.212.down_proj,routed,TESSERA_E4M3_K1_R896,r896,1,1,0.0005273714195936918,1.3355127109296615e-06,3695306,3695306,b6a98446e0eed93af93260b0820c54a00afbe45a278dc2e94dc8eb20981610d6,expert_wires+checkpoint,1,1,1
model.language_model.layers.45.mlp.experts.212.gate_proj,routed,TESSERA_BF16_K1_R896,r896,0,0,0.0023526218719780445,6.729915740314917e-07,3707645,3707645,e66e6b32a585f1ec348a4e3ddfb7ade16a18faac17081fc3dfb00388d4c7b398,expert_wires+checkpoint,1,1,1
model.language_model.layers.45.mlp.experts.212.gate_proj,routed,TESSERA_E4M3_K1_R896,r896,1,1,0.0027135538402944803,1.3649242350591383e-06,3691257,3691257,4a92a9052b6211c152162707f6b38e3529fde0e06845a682da4ee64d0035dd2b,expert_wires+checkpoint,1,1,1
model.language_model.layers.45.mlp.experts.212.up_proj,routed,TESSERA_BF16_K1_R896,r896,0,0,0.002529324498027563,2.0799891158175227e-06,3707645,3707645,f3e7e0441d5841e20104cf41ec6a925f1eff2ee8c0f73fb3869831590088c50b,expert_wires+checkpoint,1,1,1
model.language_model.layers.45.mlp.experts.212.up_proj,routed,TESSERA_E4M3_K1_R896,r896,1,1,0.0029129835311323404,2.90438779715072e-06,3691257,3691257,0043912126dc0ff93c19f9be9c8b03fd192f16806a993ff35e63b2c874d78884,expert_wires+checkpoint,1,1,1
model.language_model.layers.45.mlp.experts.213.down_proj,routed,TESSERA_BF16_K1_R896,r896,0,0,0.00043765391455963254,3.3929783594311003e-06,3711694,3711694,2113f86ce587182bc711b790d1d4a002b840ef9555e34d45450f712a545b5112,expert_wires+checkpoint,1,1,1
model.language_model.layers.45.mlp.experts.213.down_proj,routed,TESSERA_E4M3_K1_R896,r896,1,1,0.00047563304542563856,2.613562605179861e-06,3695306,3695306,5609ffb7814f802ee698e979990058842e929eca141e38af943fbb75e8c96962,expert_wires+checkpoint,1,1,1
model.language_model.layers.45.mlp.experts.213.gate_proj,routed,TESSERA_BF16_K1_R896,r896,0,0,0.0019762308802455664,3.1449832509047387e-06,3707645,3707645,4a6135c895ee543986d27f95f5c0fe24e7ec5740420aaa01e75c0df76f25a0b8,expert_wires+checkpoint,1,1,1
model.language_model.layers.45.mlp.experts.213.gate_proj,routed,TESSERA_E4M3_K1_R896,r896,1,1,0.0023253760300576687,5.930397765018494e-06,3691257,3691257,e37570b58d14fcbdc5a5d5f35018024e5b33ee906a3f6b58c242f09139dfc561,expert_wires+checkpoint,1,1,1
model.language_model.layers.45.mlp.experts.213.up_proj,routed,TESSERA_BF16_K1_R896,r896,0,0,0.002122617093846202,1.6041165786404859e-06,3707645,3707645,2f2ab305b902cb9ae1e8017a902127927e29359233544e507010a9026af52dd1,expert_wires+checkpoint,1,1,1
model.language_model.layers.45.mlp.experts.213.up_proj,routed,TESSERA_E4M3_K1_R896,r896,1,1,0.002491536783054471,2.360739770388379e-06,3691257,3691257,5bfc749b9cfa519b0abe401f9e03fbfeba7e6bcc8f35d868594eae8b383a71af,expert_wires+checkpoint,1,1,1
model.language_model.layers.45.mlp.experts.214.down_proj,routed,TESSERA_BF16_K1_R896,r896,0,0,0.00296524609439075,2.2952541241518496e-06,3711694,3711694,db220040cfc629c6efb24f17e92170b995140b52377fc37542abe63b6e019476,expert_wires+checkpoint,1,1,1
model.language_model.layers.45.mlp.experts.214.down_proj,routed,TESSERA_E4M3_K1_R896,r896,1,1,0.0032797150779515505,9.032995816952288e-07,3695306,3695306,f9cfdecfc1d00d0b9eb2751b7c42b91409115687e0cccec70c2a221120b132f9,expert_wires+checkpoint,1,1,1
model.language_model.layers.45.mlp.experts.214.gate_proj,routed,TESSERA_BF16_K1_R896,r896,0,0,0.0008073311182670295,7.110148167125489e-08,3707645,3707645,31bf63b564ce59ee71174becb3ed1cc3d6232b7ac2c3e329fbb978ef1551215c,expert_wires+checkpoint,1,1,1
model.language_model.layers.45.mlp.experts.214.gate_proj,routed,TESSERA_E4M3_K1_R896,r896,1,1,0.0011592848459258676,1.1577217326493013e-07,3691257,3691257,4fb24e5d0f798aa23f5b4d43019fb464b28dbbc89bb1e8a39b0b7d46c342526f,expert_wires+checkpoint,1,1,1
model.language_model.layers.45.mlp.experts.214.up_proj,routed,TESSERA_BF16_K1_R896,r896,0,0,0.0007615215145051479,3.839817865759528e-08,3707645,3707645,8c3d120e3492b6e4b8ae0bd4e68308166961f2943195936ec0f61da99cb6737b,expert_wires+checkpoint,1,1,1
model.language_model.layers.45.mlp.experts.214.up_proj,routed,TESSERA_E4M3_K1_R896,r896,1,1,0.0010837230365723372,2.077584155305546e-07,3691257,3691257,921d227348d2507bcccef8e2f331f9bc03fcdc978bdbeb1413e505e0076d74de,expert_wires+checkpoint,1,1,1
model.language_model.layers.45.mlp.experts.215.down_proj,routed,TESSERA_BF16_K1_R896,r896,0,0,0.001009653671644628,2.589632720453507e-06,3711694,3711694,296e76c1996be5af69b14a845cb6bb49f5c8cacaaad7e35f9f1024282818be2b,expert_wires+checkpoint,1,1,1
model.language_model.layers.45.mlp.experts.215.down_proj,routed,TESSERA_E4M3_K1_R896,r896,1,1,0.001081956084817648,4.758307884863028e-06,3695306,3695306,bd902efac7af6d456ec248e099c24e135da7efca6272dae50afb429d80b5de0e,expert_wires+checkpoint,1,1,1
model.language_model.layers.45.mlp.experts.215.gate_proj,routed,TESSERA_BF16_K1_R896,r896,0,0,0.0024988092482089996,1.1437253139500825e-06,3707645,3707645,844910b5d537830ea843219ed67eba65784e81e30ccda48503cee0fa880471ba,expert_wires+checkpoint,1,1,1
model.language_model.layers.45.mlp.experts.215.gate_proj,routed,TESSERA_E4M3_K1_R896,r896,1,1,0.0028560031205415726,2.3381762947876793e-06,3691257,3691257,0209b11d642178d743d6b6079d01ade0df290f18e520672bc16e135458cbaf97,expert_wires+checkpoint,1,1,1
model.language_model.layers.45.mlp.experts.215.up_proj,routed,TESSERA_BF16_K1_R896,r896,0,0,0.002722618170082569,9.633811749132926e-07,3707645,3707645,ca79427d578d9e4c407da4701f939e9bf2fffa51c9b344e4f505cbc4038b6fa0,expert_wires+checkpoint,1,1,1
model.language_model.layers.45.mlp.experts.215.up_proj,routed,TESSERA_E4M3_K1_R896,r896,1,1,0.003116134786978364,9.716526066542616e-07,3691257,3691257,1d7d1638a90222651ad1cd0ec2d440027939841a0579acb187f603fca3b2178e,expert_wires+checkpoint,1,1,1
model.language_model.layers.45.mlp.experts.216.down_proj,routed,TESSERA_BF16_K1_R896,r896,0,0,0.0003115921572316438,9.825251348034218e-06,3711694,3711694,0ea9ebe5bb88e9bc0e22cc3806bc1fff33aa600fda0c52b8be67e6b149681879,expert_wires+checkpoint,1,1,1
model.language_model.layers.45.mlp.experts.216.down_proj,routed,TESSERA_E4M3_K1_R896,r896,1,1,0.00033912615617737174,2.153271772662179e-06,3695306,3695306,bd0f60548b19858ba10531cd61c669dc36dbffbebd081069f6f9ce44198b4853,expert_wires+checkpoint,1,1,1
model.language_model.layers.45.mlp.experts.216.gate_proj,routed,TESSERA_BF16_K1_R896,r896,0,0,0.002021070569753647,1.1566129412808155e-06,3707645,3707645,c6805887238e321b5c98471b4796ed4754854e6195963667105c5969b3bf30ab,expert_wires+checkpoint,1,1,1
model.language_model.layers.45.mlp.experts.216.gate_proj,routed,TESSERA_E4M3_K1_R896,r896,1,1,0.002352028153836727,1.144248576929097e-06,3691257,3691257,3f4983a9799d13abff8c3a4b4abc5520034d478e2e227cd44160c18ab9061957,expert_wires+checkpoint,1,1,1
model.language_model.layers.45.mlp.experts.216.up_proj,routed,TESSERA_BF16_K1_R896,r896,0,0,0.0022304742597043514,2.576559187309293e-06,3707645,3707645,83668177050c08dc265c7b59a348d22e6d0a9fd986975f8479ebfc5e7ce1c6b1,expert_wires+checkpoint,1,1,1
model.language_model.layers.45.mlp.experts.216.up_proj,routed,TESSERA_E4M3_K1_R896,r896,1,1,0.002589900977909565,1.50864860006041e-07,3691257,3691257,a06699d46f4c410f726d76ae536db086797c297f90f9b9ae639714ce812f993b,expert_wires+checkpoint,1,1,1
model.language_model.layers.45.mlp.experts.217.down_proj,routed,TESSERA_BF16_K1_R896,r896,0,0,0.0007369626546278596,5.600541053683593e-07,3711694,3711694,6d2fb90c2395deddf2cd76a9c3c6640bc50dd0a0c714cc5ae57991621feebd8d,expert_wires+checkpoint,1,1,1
model.language_model.layers.45.mlp.experts.217.down_proj,routed,TESSERA_E4M3_K1_R896,r896,1,1,0.0007976418710313737,3.487363160607398e-06,3695306,3695306,899c9c3524a9d7c149da5c6b1cfcea515e07385f4c5ae2a2bd27bb013e081922,expert_wires+checkpoint,1,1,1
model.language_model.layers.45.mlp.experts.217.gate_proj,routed,TESSERA_BF16_K1_R896,r896,0,0,0.0023164197336882353,3.241767118002345e-06,3707645,3707645,962e2eb39fac2b3a802d96b5cc322096cc54c27f12b886593e35b3410c0ca03b,expert_wires+checkpoint,1,1,1
model.language_model.layers.45.mlp.experts.217.gate_proj,routed,TESSERA_E4M3_K1_R896,r896,1,1,0.0026493361219763756,4.764764098081561e-07,3691257,3691257,d6c1774bfc7f7da8134f73c950c71f64a7666822ce7c86aa00f2105ffbf6876f,expert_wires+checkpoint,1,1,1
model.language_model.layers.45.mlp.experts.217.up_proj,routed,TESSERA_BF16_K1_R896,r896,0,0,0.002589150331914425,1.9947097914008886e-06,3707645,3707645,e5afeddf471f3c2a36d596676bdc6a6dd3009c5b0115a58f73b8fd43454ca74e,expert_wires+checkpoint,1,1,1
model.language_model.layers.45.mlp.experts.217.up_proj,routed,TESSERA_E4M3_K1_R896,r896,1,1,0.0029656183905899525,1.9684229531944006e-06,3691257,3691257,f1739fc0d6868d287252642632fea7ac95dca3e5b0e462be2a55d7a39f93ef89,expert_wires+checkpoint,1,1,1
model.language_model.layers.45.mlp.experts.218.down_proj,routed,TESSERA_BF16_K1_R896,r896,0,0,0.0012333327904343605,2.23143708700285e-06,3711694,3711694,bc187e050f07431e92b498e529eeeb52565f177800ea281744dbef5c7a598b5a,expert_wires+checkpoint,1,1,1
model.language_model.layers.45.mlp.experts.218.down_proj,routed,TESSERA_E4M3_K1_R896,r896,1,1,0.0013893136056140065,3.661860823819991e-06,3695306,3695306,89182018626344f39ea0f4348b5ad08e73e45a4939c6b209402f9a0594e22523,expert_wires+checkpoint,1,1,1
model.language_model.layers.45.mlp.experts.218.gate_proj,routed,TESSERA_BF16_K1_R896,r896,0,0,0.0013827692018821836,2.828162684370548e-07,3707645,3707645,a633f4cf7bbcc88bc427d504a39d45bd3fbe23df92a8861e070c90927b619709,expert_wires+checkpoint,1,1,1
model.language_model.layers.45.mlp.experts.218.gate_proj,routed,TESSERA_E4M3_K1_R896,r896,1,1,0.001667703501880169,1.7596741175678736e-06,3691257,3691257,aa9a29ddd25358a01dc1cd7373b10e058907cc2ae7d736cb26bbca4b8caaf2b1,expert_wires+checkpoint,1,1,1
model.language_model.layers.45.mlp.experts.218.up_proj,routed,TESSERA_BF16_K1_R896,r896,0,0,0.0015758736990392208,3.208599644019529e-07,3707645,3707645,37dadf9fcfc531e0e1ef5a508b5b67fe7eb8cec84702ad649548acdb73f94282,expert_wires+checkpoint,1,1,1
model.language_model.layers.45.mlp.experts.218.up_proj,routed,TESSERA_E4M3_K1_R896,r896,1,1,0.0018921371083706617,1.6888277528853015e-07,3691257,3691257,abcec80a36802cc47a65b958f247e84f4897c4f48417bac551533c794d595b8e,expert_wires+checkpoint,1,1,1
model.language_model.layers.45.mlp.experts.219.down_proj,routed,TESSERA_BF16_K1_R896,r896,0,0,0.0005441743414849043,1.946595499504369e-06,3711694,3711694,ebc09a947094312b75e95a4118ae5cf4652935bcf974c899f4a0cfc0972a65a0,expert_wires+checkpoint,1,1,1
model.language_model.layers.45.mlp.experts.219.down_proj,routed,TESSERA_E4M3_K1_R896,r896,1,1,0.0005947166355326772,7.768095124737664e-07,3695306,3695306,ce29a4c8cb3c0ef80c021635a6ac1aa9f923b3c4e0a135cae6e69db0306e222c,expert_wires+checkpoint,1,1,1
model.language_model.layers.45.mlp.experts.219.gate_proj,routed,TESSERA_BF16_K1_R896,r896,0,0,0.001841093529947102,1.051457339471309e-06,3707645,3707645,a7d5c15b1f2b929550349c51348957ee1688adef4b56c9e6ab6e512dec8fcdd4,expert_wires+checkpoint,1,1,1
model.language_model.layers.45.mlp.experts.219.gate_proj,routed,TESSERA_E4M3_K1_R896,r896,1,1,0.002167679602280259,2.364048199266725e-07,3691257,3691257,fe8077801f2c5697454e2633939a2d04ebb88053f0297f4043ff1ae94f9aec76,expert_wires+checkpoint,1,1,1
model.language_model.layers.45.mlp.experts.219.up_proj,routed,TESSERA_BF16_K1_R896,r896,0,0,0.002043308224529028,5.9890095156122e-07,3707645,3707645,9fb9098aecd88599e3f6bc8472e8908872cf0feb88482856a39437851d043825,expert_wires+checkpoint,1,1,1
model.language_model.layers.45.mlp.experts.219.up_proj,routed,TESSERA_E4M3_K1_R896,r896,1,1,0.002395166317000985,1.25485584034841e-06,3691257,3691257,377298777e883c47cdf9c0d1453a4418ecffbc44ccd7bae124dc9afd8429da62,expert_wires+checkpoint,1,1,1
model.language_model.layers.45.mlp.experts.22.down_proj,routed,TESSERA_BF16_K1_R896,r896,0,0,0.00037457136204466224,4.5775349679902233e-07,3711694,3711694,8e25ade1bf7811ed5af1e548d612c2dcdd7c39376586b23d223fbd40f703d347,expert_wires+checkpoint,1,1,1
model.language_model.layers.45.mlp.experts.22.down_proj,routed,TESSERA_E4M3_K1_R896,r896,1,1,0.0004073147429153323,1.8228681082068627e-06,3695306,3695306,952d6f87de45c52df6c6567ceb9b1e8a0e77fb87df8e3abde46d139f6b187470,expert_wires+checkpoint,1,1,1
model.language_model.layers.45.mlp.experts.22.gate_proj,routed,TESSERA_BF16_K1_R896,r896,0,0,0.0019524667877703905,1.5238123056871366e-06,3707645,3707645,f175a35ab8ed71b0bcdb5a59cb1b53f4681c07c8b140ec38aef9709bdb6b968c,expert_wires+checkpoint,1,1,1
model.language_model.layers.45.mlp.experts.22.gate_proj,routed,TESSERA_E4M3_K1_R896,r896,1,1,0.0022979755885899067,5.719805540282853e-07,3691257,3691257,06f849b4824701c7ac3bb3e4bd221d4cd2d4e59f0d7536b3ba67fc1d1b369761,expert_wires+checkpoint,1,1,1
model.language_model.layers.45.mlp.experts.22.up_proj,routed,TESSERA_BF16_K1_R896,r896,0,0,0.002131285145878792,2.562332242072052e-06,3707645,3707645,3de426f61361a9b1c53c5196266b19b029ee3c58cd4c77c9aae8cfe9ec538165,expert_wires+checkpoint,1,1,1
model.language_model.layers.45.mlp.experts.22.up_proj,routed,TESSERA_E4M3_K1_R896,r896,1,1,0.002502121264114976,2.1385800342752048e-06,3691257,3691257,3603e37d0e5baeb23a6a8bd05b06c20c257e684a6a490430029f63f597166ff6,expert_wires+checkpoint,1,1,1
model.language_model.layers.45.mlp.experts.220.down_proj,routed,TESSERA_BF16_K1_R896,r896,0,0,0.0006022729212418199,7.484402176081027e-07,3711694,3711694,f329e69f6efdf7c5bc4c93a490c9b62d6a5ae53bb3ca1e61aad8c8c15fbb5a92,expert_wires+checkpoint,1,1,1
model.language_model.layers.45.mlp.experts.220.down_proj,routed,TESSERA_E4M3_K1_R896,r896,1,1,0.0006464560283347964,1.7213489614205897e-06,3695306,3695306,f94567bd7c2dfc2736a9a642648ffbcd0218e4df021e3abe87d0941b9ef8fccd,expert_wires+checkpoint,1,1,1
model.language_model.layers.45.mlp.experts.220.gate_proj,routed,TESSERA_BF16_K1_R896,r896,0,0,0.0023257131688296795,6.162182378209957e-07,3707645,3707645,635cea0ac6ab563be24497b41056dffdafaceeed5c03d82e25803d1ab119a0c6,expert_wires+checkpoint,1,1,1
model.language_model.layers.45.mlp.experts.220.gate_proj,routed,TESSERA_E4M3_K1_R896,r896,1,1,0.002689656335860491,1.260684783879074e-06,3691257,3691257,85a4803c2bd4096bfe14da2412fd301e962cc37a455479c173e99dc2aa418dcb,expert_wires+checkpoint,1,1,1
model.language_model.layers.45.mlp.experts.220.up_proj,routed,TESSERA_BF16_K1_R896,r896,0,0,0.0025280595291405916,1.1260681699327986e-06,3707645,3707645,374aceff95abe6270345d571ca6dc19b632e7af224d4e5b590f5ce9dd70dc634,expert_wires+checkpoint,1,1,1
model.language_model.layers.45.mlp.experts.220.up_proj,routed,TESSERA_E4M3_K1_R896,r896,1,1,0.0029299648012965918,9.759199681025309e-07,3691257,3691257,d4b00566a588926f951af6356062d3b16b70038d3fb47fa110d144bdeb44f16b,expert_wires+checkpoint,1,1,1
model.language_model.layers.45.mlp.experts.221.down_proj,routed,TESSERA_BF16_K1_R896,r896,0,0,0.0008587476331740618,3.90389566007023e-06,3711694,3711694,7ad7be4f7eff499e7e6da84b882de313d60da06b057867b186ee82079cdc7887,expert_wires+checkpoint,1,1,1
model.language_model.layers.45.mlp.experts.221.down_proj,routed,TESSERA_E4M3_K1_R896,r896,1,1,0.0009563493658788502,4.185561570010779e-06,3695306,3695306,262c06d9188fd7a3579a98cc82dde9508aaf5bf33e92a3a8ba347693e7a9c704,expert_wires+checkpoint,1,1,1
model.language_model.layers.45.mlp.experts.221.gate_proj,routed,TESSERA_BF16_K1_R896,r896,0,0,0.001632861909456551,1.240537805017171e-06,3707645,3707645,1b8f2cd357f2c9b58b5f0ae794edff73c47c0a333b01b0938b63b746b61caec4,expert_wires+checkpoint,1,1,1
model.language_model.layers.45.mlp.experts.221.gate_proj,routed,TESSERA_E4M3_K1_R896,r896,1,1,0.0019388161599636078,1.982454525851231e-06,3691257,3691257,c6a31d7800e471f5b3516f2bddc0fe05a8d82513f4689b956dd86279b7c96414,expert_wires+checkpoint,1,1,1
model.language_model.layers.45.mlp.experts.221.up_proj,routed,TESSERA_BF16_K1_R896,r896,0,0,0.0018540106248110533,2.8545541641331205e-06,3707645,3707645,68ed4e4070b14e88c6879f679b0694c6a006bf17a0f698f25821a628ff8fc91e,expert_wires+checkpoint,1,1,1
model.language_model.layers.45.mlp.experts.221.up_proj,routed,TESSERA_E4M3_K1_R896,r896,1,1,0.002190415980294347,1.307815589944795e-06,3691257,3691257,8f97ebdcbbda2bb419a75c2b0e922fb5876fa4fea3f0faaf3a7dfb5259e86d70,expert_wires+checkpoint,1,1,1
model.language_model.layers.45.mlp.experts.222.down_proj,routed,TESSERA_BF16_K1_R896,r896,0,0,0.0016954668099060655,1.480245392886332e-06,3711694,3711694,8f42d7a47db03efcfdfa402aba70db772c53f68723d2269c631d751e70325633,expert_wires+checkpoint,1,1,1
model.language_model.layers.45.mlp.experts.222.down_proj,routed,TESSERA_E4M3_K1_R896,r896,1,1,0.0019274781225249171,9.936579157543464e-07,3695306,3695306,eaa94d4b9cf8d6e4049e6c133f9410e001c68057039833272433c7877c0cc53e,expert_wires+checkpoint,1,1,1
model.language_model.layers.45.mlp.experts.222.gate_proj,routed,TESSERA_BF16_K1_R896,r896,0,0,0.0017192676896229386,1.4890906900559734e-07,3707645,3707645,0b9565554415cde044ff6409eb344cb98f834c10eb3309927c3611740997c054,expert_wires+checkpoint,1,1,1
model.language_model.layers.45.mlp.experts.222.gate_proj,routed,TESSERA_E4M3_K1_R896,r896,1,1,0.0021285617258399725,4.0246853324808256e-07,3691257,3691257,1dbb6c3c5b87cb29a97446dbcefaeac3710ceaa8c704e9b6025f747590dd7f22,expert_wires+checkpoint,1,1,1
model.language_model.layers.45.mlp.experts.222.up_proj,routed,TESSERA_BF16_K1_R896,r896,0,0,0.0016317219706252217,1.693807773257288e-07,3707645,3707645,e4180b464533958c3c1f5142ab1f52a70a6b9c87a5c655a6c6b71af9a3232196,expert_wires+checkpoint,1,1,1
model.language_model.layers.45.mlp.experts.222.up_proj,routed,TESSERA_E4M3_K1_R896,r896,1,1,0.0020027807913720608,2.0344932642855042e-07,3691257,3691257,b4fad992a4afaf14b44a36839ce023edf22654a5ccb06554d852556b21335e94,expert_wires+checkpoint,1,1,1
model.language_model.layers.45.mlp.experts.223.down_proj,routed,TESSERA_BF16_K1_R896,r896,0,0,0.0002790046564769,4.181263585016705e-07,3711694,3711694,e40420242fe1614dee43662530d0b00ab88254b47a12e9ad6698d56671ff3eb2,expert_wires+checkpoint,1,1,1
model.language_model.layers.45.mlp.experts.223.down_proj,routed,TESSERA_E4M3_K1_R896,r896,1,1,0.0003047391655854881,2.3932373572660697e-06,3695306,3695306,12f0fe0894d743d2b0901dd68110afbd08c5e9b88982b4c70e8e5ab6ac779e36,expert_wires+checkpoint,1,1,1
model.language_model.layers.45.mlp.experts.223.gate_proj,routed,TESSERA_BF16_K1_R896,r896,0,0,0.001916539971716702,4.431795147721191e-07,3707645,3707645,7e8a1a6141323a89c75458b4700df9a12341fd39bcca2758efc5391c9e1d05c1,expert_wires+checkpoint,1,1,1
model.language_model.layers.45.mlp.experts.223.gate_proj,routed,TESSERA_E4M3_K1_R896,r896,1,1,0.002246610354632139,1.6711656462793404e-07,3691257,3691257,925d1771f44f7c06f0ac69e0d5c0c998c736f7016a9d078c7847939144b225cf,expert_wires+checkpoint,1,1,1
model.language_model.layers.45.mlp.experts.223.up_proj,routed,TESSERA_BF16_K1_R896,r896,0,0,0.0021991110406816006,2.582566371371582e-07,3707645,3707645,219d0e4baad9ba4cda9ecea22133d8585dcd9a28f5f347ceea29904290c2c5e1,expert_wires+checkpoint,1,1,1
model.language_model.layers.45.mlp.experts.223.up_proj,routed,TESSERA_E4M3_K1_R896,r896,1,1,0.0025732899084687233,3.170270749363287e-07,3691257,3691257,b988f212939c356d81c677093ffecd682756e9cf3b446b798ed3d63eabccaf1e,expert_wires+checkpoint,1,1,1
model.language_model.layers.45.mlp.experts.224.down_proj,routed,TESSERA_BF16_K1_R896,r896,0,0,0.0010614631464704871,1.9795779212488197e-06,3711694,3711694,019d49331628f3a52799336e0530a074f986199453dc6ce80be3e0f37583baf0,expert_wires+checkpoint,1,1,1
model.language_model.layers.45.mlp.experts.224.down_proj,routed,TESSERA_E4M3_K1_R896,r896,1,1,0.0010760300792753696,5.820210605757266e-06,3695306,3695306,88b5a0c833b8cf0bde811c8bc6b83649f5bdbb1c59c34c68590cef3ce0b3cce8,expert_wires+checkpoint,1,1,1
model.language_model.layers.45.mlp.experts.224.gate_proj,routed,TESSERA_BF16_K1_R896,r896,0,0,0.002625970169901848,4.0898627203207077e-07,3707645,3707645,0e101d0085f4422e4f599ccdedb214b0e33fc02123c50c11086b0d167c50f51f,expert_wires+checkpoint,1,1,1
model.language_model.layers.45.mlp.experts.224.gate_proj,routed,TESSERA_E4M3_K1_R896,r896,1,1,0.0031279914546757936,7.870594378748083e-07,3691257,3691257,fdfdfd242bf1979d2833689732c54f953b94d4d6cdcdd7fd744474258fa9534f,expert_wires+checkpoint,1,1,1
model.language_model.layers.45.mlp.experts.224.up_proj,routed,TESSERA_BF16_K1_R896,r896,0,0,0.0023640186991542578,6.901915554676741e-07,3707645,3707645,1240495d25ef8cc69a0b14000cbee3540005088f95b20a00b8fecf33c311ba88,expert_wires+checkpoint,1,1,1
model.language_model.layers.45.mlp.experts.224.up_proj,routed,TESSERA_E4M3_K1_R896,r896,1,1,0.002804444869980216,1.7445121723052015e-06,3691257,3691257,bc3b74a4c3512be3c72c0d915789188ea515cc357e4dc4a04906f1de41ca0ed7,expert_wires+checkpoint,1,1,1
model.language_model.layers.45.mlp.experts.225.down_proj,routed,TESSERA_BF16_K1_R896,r896,0,0,0.000510822981595993,8.847129217852495e-07,3711694,3711694,55c6210a3c29766cfa28ca666e41007447463a07e91e6978dd79a80ffd8570d6,expert_wires+checkpoint,1,1,1
model.language_model.layers.45.mlp.experts.225.down_proj,routed,TESSERA_E4M3_K1_R896,r896,1,1,0.0005600587464869022,4.4761038072190503e-07,3695306,3695306,3b2b1849a8c1b2364eda38b2732d9cb945b2277f455f2f274c68532bb49198f0,expert_wires+checkpoint,1,1,1
model.language_model.layers.45.mlp.experts.225.gate_proj,routed,TESSERA_BF16_K1_R896,r896,0,0,0.0017873939359560609,1.01169218380006e-07,3707645,3707645,56cf520ac2f823ff4314b40b5cd2578385d1e8e3efbfd7afeb44cd46596fbc31,expert_wires+checkpoint,1,1,1
model.language_model.layers.45.mlp.experts.225.gate_proj,routed,TESSERA_E4M3_K1_R896,r896,1,1,0.0021455364767462015,5.701024891078303e-07,3691257,3691257,2eacf31c7faaff624ffd481bec8836b52bd6e26a1aa077e4fe70121212c7c898,expert_wires+checkpoint,1,1,1
model.language_model.layers.45.mlp.experts.225.up_proj,routed,TESSERA_BF16_K1_R896,r896,0,0,0.0019137037452310324,2.413161540167278e-07,3707645,3707645,47eb02f9618bc86a5f6581373864c7ff435191fbed7045968fd7d44fd9b5ecae,expert_wires+checkpoint,1,1,1
model.language_model.layers.45.mlp.experts.225.up_proj,routed,TESSERA_E4M3_K1_R896,r896,1,1,0.0022808380890637636,2.536644440348753e-07,3691257,3691257,f488678c0e36e3cdc2a4e53e5bd4e025aaaab1020c8e2ced0ad65dfa7fdf54ce,expert_wires+checkpoint,1,1,1
model.language_model.layers.45.mlp.experts.226.down_proj,routed,TESSERA_BF16_K1_R896,r896,0,0,0.00040431832894682884,9.22503527023561e-07,3711694,3711694,d38537de68c04b7ff187462fe92c9975aabaff84a2731752ac98f81de237631d,expert_wires+checkpoint,1,1,1
model.language_model.layers.45.mlp.experts.226.down_proj,routed,TESSERA_E4M3_K1_R896,r896,1,1,0.00043967075180262327,2.590486291566376e-06,3695306,3695306,5de04711aabf549790b7e4c0c951627a48161bcb6950f4100ee6fdafab468fca,expert_wires+checkpoint,1,1,1
model.language_model.layers.45.mlp.experts.226.gate_proj,routed,TESSERA_BF16_K1_R896,r896,0,0,0.0017546777380630374,5.340290449465511e-07,3707645,3707645,0e15be7418c0105e695e608c996e9395673ce4ecb88ff8cd96e9f3548af533f0,expert_wires+checkpoint,1,1,1
model.language_model.layers.45.mlp.experts.226.gate_proj,routed,TESSERA_E4M3_K1_R896,r896,1,1,0.002062243176624179,9.775388973607078e-07,3691257,3691257,b23cd24c2c7e55213548f3a2a121674446d8405712e1812967cd8e9f2fa816aa,expert_wires+checkpoint,1,1,1
model.language_model.layers.45.mlp.experts.226.up_proj,routed,TESSERA_BF16_K1_R896,r896,0,0,0.0019759677816182375,2.322323958793252e-07,3707645,3707645,bfda654f7e51b9021d7586ff1ea188a7f0f3be3dd68b94eebefff2ddc942ccf0,expert_wires+checkpoint,1,1,1
model.language_model.layers.45.mlp.experts.226.up_proj,routed,TESSERA_E4M3_K1_R896,r896,1,1,0.002315277699381113,4.035651591189053e-07,3691257,3691257,46a970c9760bb38368b738428914072159430080a22100f5a6f7db237bc1e141,expert_wires+checkpoint,1,1,1
model.language_model.layers.45.mlp.experts.227.down_proj,routed,TESSERA_BF16_K1_R896,r896,0,0,0.00044316501589491963,7.621263074052004e-06,3711694,3711694,eceeb8212173fc62495b280dbee720df1c7be42b5852b44b5d692e408b0ef74f,expert_wires+checkpoint,1,1,1
model.language_model.layers.45.mlp.experts.227.down_proj,routed,TESSERA_E4M3_K1_R896,r896,1,1,0.00048494513612240553,9.94360644846638e-07,3695306,3695306,d6642d21446838d9d0a0bb5b842b05faa98da5033df651ed88ca26e3fa50c4a7,expert_wires+checkpoint,1,1,1
model.language_model.layers.45.mlp.experts.227.gate_proj,routed,TESSERA_BF16_K1_R896,r896,0,0,0.0024695522151887417,1.9654638364556916e-06,3707645,3707645,1896f6e9a60175d7d909c995a55c6a30f222cbd96f74ccb5c2c8ec952df46dff,expert_wires+checkpoint,1,1,1
model.language_model.layers.45.mlp.experts.227.gate_proj,routed,TESSERA_E4M3_K1_R896,r896,1,1,0.002889712806791067,1.2942452385790421e-06,3691257,3691257,e27a27596972294e3bf3eda7bec30d736e4ab6a1723970755cfd01bb5af04503,expert_wires+checkpoint,1,1,1
model.language_model.layers.45.mlp.experts.227.up_proj,routed,TESSERA_BF16_K1_R896,r896,0,0,0.002733863890171051,1.2657121828408826e-06,3707645,3707645,8ce70b2659849e3efdd3239c054088420f40cc6cf007e38681447cab31fa6787,expert_wires+checkpoint,1,1,1
model.language_model.layers.45.mlp.experts.227.up_proj,routed,TESSERA_E4M3_K1_R896,r896,1,1,0.003186400979757309,2.997134126163259e-07,3691257,3691257,3a226ce194a20680029125d3f2063f1daab170dabdb346f04ab0cd3bcbdaaf04,expert_wires+checkpoint,1,1,1
model.language_model.layers.45.mlp.experts.228.down_proj,routed,TESSERA_BF16_K1_R896,r896,0,0,0.00015012783114798367,1.209767483248786e-06,3711694,3711694,b01fb4103fb0e2e2ba7e5baab3605cd04b32730969e2b4cfb9819e9a29b2855c,expert_wires+checkpoint,1,1,1
model.language_model.layers.45.mlp.experts.228.down_proj,routed,TESSERA_E4M3_K1_R896,r896,1,1,0.00016745817265473306,4.442647256640569e-07,3695306,3695306,2519a577e6d8d696a92488e5c7a602be6aea0894442b8bb9bec5ce4b61094ec4,expert_wires+checkpoint,1,1,1
model.language_model.layers.45.mlp.experts.228.gate_proj,routed,TESSERA_BF16_K1_R896,r896,0,0,0.0019535417668521404,2.1308668642103372e-07,3707645,3707645,2a39cf035251fa33c0ef63a4a7a03d7f4d091595ed2d490c5c84aa45ada236fd,expert_wires+checkpoint,1,1,1
model.language_model.layers.45.mlp.experts.228.gate_proj,routed,TESSERA_E4M3_K1_R896,r896,1,1,0.0022573107853531837,5.329500106947317e-08,3691257,3691257,cc5773b050281a5679603d3fd054510a6bafda76a5304bc1d2afe280f7017260,expert_wires+checkpoint,1,1,1
model.language_model.layers.45.mlp.experts.228.up_proj,routed,TESSERA_BF16_K1_R896,r896,0,0,0.0020509420428425074,8.378183823482515e-07,3707645,3707645,718eb63255ed88e6e1fc625ff0a9603cbb44358d2e2c2563a52b59d82b4fa505,expert_wires+checkpoint,1,1,1
model.language_model.layers.45.mlp.experts.228.up_proj,routed,TESSERA_E4M3_K1_R896,r896,1,1,0.0023712841793894768,3.983196560339703e-07,3691257,3691257,ea56df00342d1ee27c0c4a8c779d48103ac425c43f9c7da1200daea9272d55fa,expert_wires+checkpoint,1,1,1
model.language_model.layers.45.mlp.experts.229.down_proj,routed,TESSERA_BF16_K1_R896,r896,0,0,0.0002574704703874886,1.717307160774804e-06,3711694,3711694,867ba2875d83356b456a7b623dc86e16a1f4a55b737544518210c8cea23c1b8e,expert_wires+checkpoint,1,1,1
model.language_model.layers.45.mlp.experts.229.down_proj,routed,TESSERA_E4M3_K1_R896,r896,1,1,0.0002804128162097186,1.128750129240564e-06,3695306,3695306,ea6ec006240b6fd47ec972c77253c47e8a74aa9a9d3a745801df0eb9c71cfbb6,expert_wires+checkpoint,1,1,1
model.language_model.layers.45.mlp.experts.229.gate_proj,routed,TESSERA_BF16_K1_R896,r896,0,0,0.0017082629492506385,7.520452540996613e-07,3707645,3707645,f8768add3155f7225f9e960a982d2868cbd6736e844f83da3a972ae6463f1e73,expert_wires+checkpoint,1,1,1
model.language_model.layers.45.mlp.experts.229.gate_proj,routed,TESSERA_E4M3_K1_R896,r896,1,1,0.002002269960939884,2.8830724195761298e-06,3691257,3691257,b5f38ba76bc71b9ec10f83d58ab07ed0015fdbdd392e503d37291ffdd4324db9,expert_wires+checkpoint,1,1,1
model.language_model.layers.45.mlp.experts.229.up_proj,routed,TESSERA_BF16_K1_R896,r896,0,0,0.0018053572857752442,8.74477677442466e-07,3707645,3707645,cd66ea0905b69737ed59bbcc58e692ee70801375889a06027f7e25a153f09f50,expert_wires+checkpoint,1,1,1
model.language_model.layers.45.mlp.experts.229.up_proj,routed,TESSERA_E4M3_K1_R896,r896,1,1,0.00210806867107749,6.238501205547975e-07,3691257,3691257,8e44d7e93e02a6a16c72484c5ffaa90e248fe31ab47422853d3f6f6253bac59a,expert_wires+checkpoint,1,1,1
model.language_model.layers.45.mlp.experts.23.down_proj,routed,TESSERA_BF16_K1_R896,r896,0,0,0.00037147640250623226,4.948328732084697e-07,3711694,3711694,509fe18bef4897bed3ca274f5b8dbee048e2d452de628b456147c0cbb25a0080,expert_wires+checkpoint,1,1,1
model.language_model.layers.45.mlp.experts.23.down_proj,routed,TESSERA_E4M3_K1_R896,r896,1,1,0.00040300609543919563,2.525426040136908e-06,3695306,3695306,ae0883db2deb063733db9f9164a880851df383f44519dbca5bc85e5514316101,expert_wires+checkpoint,1,1,1
model.language_model.layers.45.mlp.experts.23.gate_proj,routed,TESSERA_BF16_K1_R896,r896,0,0,0.0021803423296660185,6.36254218718593e-07,3707645,3707645,b3114b93f4101cc7c63c7536f663db4ee6801b845bb0be9dd94961f5a4b4ca95,expert_wires+checkpoint,1,1,1
model.language_model.layers.45.mlp.experts.23.gate_proj,routed,TESSERA_E4M3_K1_R896,r896,1,1,0.0025360295549035072,6.393914776230238e-07,3691257,3691257,fd9f46102a09c3f1fd5e02cd80c42d499d776fe8ed73661e5bc9d7a1cb319da8,expert_wires+checkpoint,1,1,1
model.language_model.layers.45.mlp.experts.23.up_proj,routed,TESSERA_BF16_K1_R896,r896,0,0,0.002252851612865925,7.70274149741716e-07,3707645,3707645,fb3b9f150cb8a4b1ab175ab9eb7fc8666878c132567b563c212fea3e55b0bfe8,expert_wires+checkpoint,1,1,1
model.language_model.layers.45.mlp.experts.23.up_proj,routed,TESSERA_E4M3_K1_R896,r896,1,1,0.0026301415637135506,7.063600667234254e-07,3691257,3691257,661f63938ae1fffb05725ee1d050562d7ab22d29c05555715efba7940b9c634b,expert_wires+checkpoint,1,1,1
model.language_model.layers.45.mlp.experts.230.down_proj,routed,TESSERA_BF16_K1_R896,r896,0,0,0.0007444574730470777,1.0059985206027968e-06,3711694,3711694,3dffe6a29f6203a41aa67bd08eb9ad3e8be376f2b0073c5116d86d48c727bbb6,expert_wires+checkpoint,1,1,1
model.language_model.layers.45.mlp.experts.230.down_proj,routed,TESSERA_E4M3_K1_R896,r896,1,1,0.0008060099789872766,4.4542670157789215e-06,3695306,3695306,b09727decde103bbd6a501493190fb2cd3d102a43c113a19d6b755ade53d6392,expert_wires+checkpoint,1,1,1
model.language_model.layers.45.mlp.experts.230.gate_proj,routed,TESSERA_BF16_K1_R896,r896,0,0,0.0022890781983733177,2.8361365359107103e-06,3707645,3707645,8341ad65b4682117a5c9dde0e74ced62730dcc1b1e9c5d3651cd4b03b6f0d7a3,expert_wires+checkpoint,1,1,1
model.language_model.layers.45.mlp.experts.230.gate_proj,routed,TESSERA_E4M3_K1_R896,r896,1,1,0.0026557298842817545,1.2877777710288907e-06,3691257,3691257,bad95ce55b835c3093f0ac668dc4b2e3d8fcd87cf4a6b719b98de8c18c377683,expert_wires+checkpoint,1,1,1
model.language_model.layers.45.mlp.experts.230.up_proj,routed,TESSERA_BF16_K1_R896,r896,0,0,0.002530947094783187,6.511209061187547e-07,3707645,3707645,330e3b27e65a889a67259d4857eaffd581406bf7108c4320e7cd811fe1bf8311,expert_wires+checkpoint,1,1,1
model.language_model.layers.45.mlp.experts.230.up_proj,routed,TESSERA_E4M3_K1_R896,r896,1,1,0.002928725443780422,3.0142577176125866e-07,3691257,3691257,581aff4e7efaecb5554589f76d0cb67e0ad011bd19aaa846f948f62005dc4f50,expert_wires+checkpoint,1,1,1
model.language_model.layers.45.mlp.experts.231.down_proj,routed,TESSERA_BF16_K1_R896,r896,0,0,0.0002969459746964276,2.0408156927873772e-07,3711694,3711694,74d8e06c160170994a73af930f3ddffa68ef883f304b1212b7e768cae00ac2a6,expert_wires+checkpoint,1,1,1
model.language_model.layers.45.mlp.experts.231.down_proj,routed,TESSERA_E4M3_K1_R896,r896,1,1,0.0003227645065635443,4.163915881160481e-07,3695306,3695306,6cb7858f7777c5c2f1e236e739f34724fcf11a60bf6903ba48ac94237e70c318,expert_wires+checkpoint,1,1,1
model.language_model.layers.45.mlp.experts.231.gate_proj,routed,TESSERA_BF16_K1_R896,r896,0,0,0.0017486929427832365,3.309512405164339e-07,3707645,3707645,abbe3367b7fbfe3b32519d5c37dbcdb9b5dc60626b87a43e9b8d9c6fb7afdefd,expert_wires+checkpoint,1,1,1
model.language_model.layers.45.mlp.experts.231.gate_proj,routed,TESSERA_E4M3_K1_R896,r896,1,1,0.002046855166554451,2.4254298254652664e-07,3691257,3691257,257487609d9c121aa0aab6028f77b84056ff4ab0627f405b2c40b81e63d11734,expert_wires+checkpoint,1,1,1
model.language_model.layers.45.mlp.experts.231.up_proj,routed,TESSERA_BF16_K1_R896,r896,0,0,0.0020332802087068558,3.7312196997927887e-07,3707645,3707645,5fd9669031602d2ac71091f0e0303433f3320cfc6d12fa13892ceae9a2216fb4,expert_wires+checkpoint,1,1,1
model.language_model.layers.45.mlp.experts.231.up_proj,routed,TESSERA_E4M3_K1_R896,r896,1,1,0.0023610792122781277,2.4175371822603995e-07,3691257,3691257,cdef2515cbba62ce12dee4c3846ab6072789eb9d0c997cde87ebf74daa239e5c,expert_wires+checkpoint,1,1,1
model.language_model.layers.45.mlp.experts.232.down_proj,routed,TESSERA_BF16_K1_R896,r896,0,0,0.00032298266887664795,3.974186850120276e-06,3711694,3711694,ca8bf9fa0e30d939dfc9e4251b6da20c0baa50c1695a386f83c0d1e4a1abc97a,expert_wires+checkpoint,1,1,1
model.language_model.layers.45.mlp.experts.232.down_proj,routed,TESSERA_E4M3_K1_R896,r896,1,1,0.000385023100534454,3.1106161995757032e-06,3695306,3695306,528e40bf1e5c4b2d2aa733f47f82cedab8d7cbd2ed01081a2c8b16e1070a54a5,expert_wires+checkpoint,1,1,1
model.language_model.layers.45.mlp.experts.232.gate_proj,routed,TESSERA_BF16_K1_R896,r896,0,0,0.0011944869766011834,2.783782575302226e-06,3707645,3707645,52c1e231bb5b95112d0ab6d8236b30a27ac980744e0f7a9842e4f6729264dfc6,expert_wires+checkpoint,1,1,1
model.language_model.layers.45.mlp.experts.232.gate_proj,routed,TESSERA_E4M3_K1_R896,r896,1,1,0.0015153621789067984,1.4259276706227219e-06,3691257,3691257,d7e93303c602956ad1e27d6b5b04fd9659369d5f8aab20e5ab6f812eb0465b24,expert_wires+checkpoint,1,1,1
model.language_model.layers.45.mlp.experts.232.up_proj,routed,TESSERA_BF16_K1_R896,r896,0,0,0.0013032134156674147,1.8768929373713222e-06,3707645,3707645,a7cea774c469585b9a8cdfbca4406a50048eb18f4c2e233a26b720cf01b2bfc3,expert_wires+checkpoint,1,1,1
model.language_model.layers.45.mlp.experts.232.up_proj,routed,TESSERA_E4M3_K1_R896,r896,1,1,0.0016433281125500798,6.921749623738848e-07,3691257,3691257,d0d743c84c3b07964df18faaef43f05e64afd5e266c4e60e6a05d29dadfdc67c,expert_wires+checkpoint,1,1,1
model.language_model.layers.45.mlp.experts.233.down_proj,routed,TESSERA_BF16_K1_R896,r896,0,0,0.000562034547328949,5.418453117517203e-07,3711694,3711694,7b75f3a352b36aa924b50f80c5a843e7e277d229b73b7387eb6e91417f2ce665,expert_wires+checkpoint,1,1,1
model.language_model.layers.45.mlp.experts.233.down_proj,routed,TESSERA_E4M3_K1_R896,r896,1,1,0.0006176690803840756,3.822140354923431e-06,3695306,3695306,020825c010d87941c6e839197c0aea18c1b1262f23a904e9bdbcc9c533bf1749,expert_wires+checkpoint,1,1,1
model.language_model.layers.45.mlp.experts.233.gate_proj,routed,TESSERA_BF16_K1_R896,r896,0,0,0.001776187215000391,1.9371104537485376e-06,3707645,3707645,ff50e0a12c6030444383b258b7179cbb73043bad7bea9a87021d62abd4c236d1,expert_wires+checkpoint,1,1,1
model.language_model.layers.45.mlp.experts.233.gate_proj,routed,TESSERA_E4M3_K1_R896,r896,1,1,0.002096068114042282,2.3755777361033345e-06,3691257,3691257,bca57b68e5bce43a9b1ab8b54204d472735d446f09de81be514b8697847c17c7,expert_wires+checkpoint,1,1,1
model.language_model.layers.45.mlp.experts.233.up_proj,routed,TESSERA_BF16_K1_R896,r896,0,0,0.0019776616245508194,2.926245039475224e-07,3707645,3707645,d175be150978b61e20339f13f923936728a524b94b3085d84fa5354ea2f0f7be,expert_wires+checkpoint,1,1,1
model.language_model.layers.45.mlp.experts.233.up_proj,routed,TESSERA_E4M3_K1_R896,r896,1,1,0.0023394206073135138,1.4875092572769886e-06,3691257,3691257,40ab08c8f92193f7f652514902740cac2aacb46b0c6af665988fbfb2f7f1dab4,expert_wires+checkpoint,1,1,1
model.language_model.layers.45.mlp.experts.234.down_proj,routed,TESSERA_BF16_K1_R896,r896,0,0,0.0008457588264718652,1.0123863440124593e-06,3711694,3711694,4069b2c6e94d2a406b2369f4fbcdb904ad4aa741f6e8127f27275879d8e7bded,expert_wires+checkpoint,1,1,1
model.language_model.layers.45.mlp.experts.234.down_proj,routed,TESSERA_E4M3_K1_R896,r896,1,1,0.0009481379529461265,1.202702211665461e-06,3695306,3695306,395c704328372feb9fbd8c9c0adf293f0c41241ed10da6845ab4286f30920237,expert_wires+checkpoint,1,1,1
model.language_model.layers.45.mlp.experts.234.gate_proj,routed,TESSERA_BF16_K1_R896,r896,0,0,0.0013733600499108434,6.190099614554314e-07,3707645,3707645,4fd887d5fd2c2e118466a4fadab3e34300b680d378220b3d3d6ce4c0daeec08f,expert_wires+checkpoint,1,1,1
model.language_model.layers.45.mlp.experts.234.gate_proj,routed,TESSERA_E4M3_K1_R896,r896,1,1,0.001644400297664106,9.544971087555396e-07,3691257,3691257,35426357f4e7ce50731a236faf7f1f97a51f44c2bd07d7801c8a702e11be1b31,expert_wires+checkpoint,1,1,1
model.language_model.layers.45.mlp.experts.234.up_proj,routed,TESSERA_BF16_K1_R896,r896,0,0,0.0016489543486386538,2.4736814311157087e-07,3707645,3707645,4edbe35cffd48a3128c57c91cafd36dd704d164b7f009bad57ca2b0f0af04959,expert_wires+checkpoint,1,1,1
model.language_model.layers.45.mlp.experts.234.up_proj,routed,TESSERA_E4M3_K1_R896,r896,1,1,0.0019796572159975767,7.847893725496876e-08,3691257,3691257,e1a283d6d1992e932f60ee222127389f5a1b8443e25bc9c213dd105e728a403f,expert_wires+checkpoint,1,1,1
model.language_model.layers.45.mlp.experts.235.down_proj,routed,TESSERA_BF16_K1_R896,r896,0,0,0.0006460734293796122,1.8302611280303396e-06,3711694,3711694,d0d537755c356bd8d57445184850518c5db1d9bce0da3f3b1c147097a8b3fd87,expert_wires+checkpoint,1,1,1
model.language_model.layers.45.mlp.experts.235.down_proj,routed,TESSERA_E4M3_K1_R896,r896,1,1,0.0007129812729544938,8.223056300156356e-06,3695306,3695306,8714788c4a42084112a66b2643a6181e25503c52a40a2f354dba3af18daa8764,expert_wires+checkpoint,1,1,1
model.language_model.layers.45.mlp.experts.235.gate_proj,routed,TESSERA_BF16_K1_R896,r896,0,0,0.0017526278970763087,1.50691761597597e-06,3707645,3707645,3093c25e55ea5f205ff12413ffd5b95d30b937373fe857558866d418259f9aa4,expert_wires+checkpoint,1,1,1
model.language_model.layers.45.mlp.experts.235.gate_proj,routed,TESSERA_E4M3_K1_R896,r896,1,1,0.002086432883515954,3.9775725578188873e-07,3691257,3691257,b0dd2ccdad70f499a8c7506c5c4cfdcf649bf115618e3200d6cc2ffa0d09e566,expert_wires+checkpoint,1,1,1
model.language_model.layers.45.mlp.experts.235.up_proj,routed,TESSERA_BF16_K1_R896,r896,0,0,0.0019160076044499874,3.263892873039521e-06,3707645,3707645,c1c6ed14a2c78fc9d3a68825cbb8c6a0ea440aaef99881a1bdcefbbe56607e8a,expert_wires+checkpoint,1,1,1
model.language_model.layers.45.mlp.experts.235.up_proj,routed,TESSERA_E4M3_K1_R896,r896,1,1,0.0022774823009967804,1.718224442628201e-06,3691257,3691257,0a392b8373f9aa0d51f954bb45fb507118cb69e3b8ebdc5c4b9d32ab2f512932,expert_wires+checkpoint,1,1,1
model.language_model.layers.45.mlp.experts.236.down_proj,routed,TESSERA_BF16_K1_R896,r896,0,0,0.0003894074761774391,9.464747410300531e-07,3711694,3711694,3614163392ddd795f2f3885d78c3da73070d81b1aecf789a54f8a44111556e7d,expert_wires+checkpoint,1,1,1
model.language_model.layers.45.mlp.experts.236.down_proj,routed,TESSERA_E4M3_K1_R896,r896,1,1,0.0004215800145175308,1.5031076348544062e-06,3695306,3695306,e04f2762944dc8bcc0f791119531e5759b187748cf0524ef4f8401fe8f196a5d,expert_wires+checkpoint,1,1,1
model.language_model.layers.45.mlp.experts.236.gate_proj,routed,TESSERA_BF16_K1_R896,r896,0,0,0.002022747416049242,1.9641974114381784e-06,3707645,3707645,450caf08afd192253db7d0854dde597a6b212f29444a872e83e29dfec92bd5dd,expert_wires+checkpoint,1,1,1
model.language_model.layers.45.mlp.experts.236.gate_proj,routed,TESSERA_E4M3_K1_R896,r896,1,1,0.002364594489336014,1.3332785960319887e-06,3691257,3691257,6f098b64e718300b348687002d11206d2523de32c43704063b96371cef52e9a8,expert_wires+checkpoint,1,1,1
model.language_model.layers.45.mlp.experts.236.up_proj,routed,TESSERA_BF16_K1_R896,r896,0,0,0.002112951362505555,1.9483624052721167e-06,3707645,3707645,b4db80102dafb004ededb19662336d231ba836b7a3e5567bb7f867ed0b438694,expert_wires+checkpoint,1,1,1
model.language_model.layers.45.mlp.experts.236.up_proj,routed,TESSERA_E4M3_K1_R896,r896,1,1,0.0024650846607983112,1.5601514062629095e-06,3691257,3691257,fbc54fb6f2461181042b222092f742722411435b04cc2cb1996302d9a58d1b3a,expert_wires+checkpoint,1,1,1
model.language_model.layers.45.mlp.experts.237.down_proj,routed,TESSERA_BF16_K1_R896,r896,0,0,0.0005577128613367677,5.277825543850242e-07,3711694,3711694,cc4cc9c985b9e187526e0cf5229c56fce25b33d39ca959af56212627100ef0e8,expert_wires+checkpoint,1,1,1
model.language_model.layers.45.mlp.experts.237.down_proj,routed,TESSERA_E4M3_K1_R896,r896,1,1,0.0006212210864759982,1.031626966805412e-06,3695306,3695306,b59966c2656cc0d283919cb9cc74eb9992c17e042b69034a0d333eb118d6f47d,expert_wires+checkpoint,1,1,1
model.language_model.layers.45.mlp.experts.237.gate_proj,routed,TESSERA_BF16_K1_R896,r896,0,0,0.00174812413752079,7.01111857034184e-08,3707645,3707645,80daa2e60b999f2cf53926a59134eb9ad4c9fd0cbe675841d9a98cf1742fa63a,expert_wires+checkpoint,1,1,1
model.language_model.layers.45.mlp.experts.237.gate_proj,routed,TESSERA_E4M3_K1_R896,r896,1,1,0.0021066709887236357,5.98446226665396e-07,3691257,3691257,e8f1393ed1ca3ebac77ccd31f932222f7e4c112c9bf875f1e4604c4051c89b05,expert_wires+checkpoint,1,1,1
model.language_model.layers.45.mlp.experts.237.up_proj,routed,TESSERA_BF16_K1_R896,r896,0,0,0.001916734385304153,6.64524231869883e-07,3707645,3707645,96baea9f1c3494a7b9be809ed7facd8d1beafbe5996c568e3d8a233620975f8d,expert_wires+checkpoint,1,1,1
model.language_model.layers.45.mlp.experts.237.up_proj,routed,TESSERA_E4M3_K1_R896,r896,1,1,0.002297972794622183,7.986520416841406e-08,3691257,3691257,54d576781cc66b8abfe90cf68e9866840dad1b4400293ded5612862d0a11d38b,expert_wires+checkpoint,1,1,1
model.language_model.layers.45.mlp.experts.238.down_proj,routed,TESSERA_BF16_K1_R896,r896,0,0,0.0005129750352352858,7.672471772365916e-07,3711694,3711694,0022ed5910f79507bb6c43eb6d1d88776984a3d5c302c24756e2177edfcb7c49,expert_wires+checkpoint,1,1,1
model.language_model.layers.45.mlp.experts.238.down_proj,routed,TESSERA_E4M3_K1_R896,r896,1,1,0.0005829934380017221,3.3877275704197443e-06,3695306,3695306,2078129f5410bc46fd8c021d9617c170205f4f4a7024ab9e2c8a808a0463b5bf,expert_wires+checkpoint,1,1,1
model.language_model.layers.45.mlp.experts.238.gate_proj,routed,TESSERA_BF16_K1_R896,r896,0,0,0.0011833342723548412,3.632885642251731e-07,3707645,3707645,72c02beac8ed493e133c20f33353cd281a2948acc6f295c8021cb1dedd1c98de,expert_wires+checkpoint,1,1,1
model.language_model.layers.45.mlp.experts.238.gate_proj,routed,TESSERA_E4M3_K1_R896,r896,1,1,0.0014627521159127355,3.557666165564803e-07,3691257,3691257,8b724c789eb82e1ef1d69246f67c44c763f5450f01c70eb81d6038963b4a6dec,expert_wires+checkpoint,1,1,1
model.language_model.layers.45.mlp.experts.238.up_proj,routed,TESSERA_BF16_K1_R896,r896,0,0,0.0013531951699405909,6.676564215486687e-07,3707645,3707645,cf318a08e0a2e6a85c0373157b7d29c0604b161adaff8cad27386886858b179b,expert_wires+checkpoint,1,1,1
model.language_model.layers.45.mlp.experts.238.up_proj,routed,TESSERA_E4M3_K1_R896,r896,1,1,0.0016774953110143542,5.477995889462423e-07,3691257,3691257,fde8eb5b4054fa3e9a25fe4dc6147455b07643b8700a7bc67c14f68479c72756,expert_wires+checkpoint,1,1,1
model.language_model.layers.45.mlp.experts.239.down_proj,routed,TESSERA_BF16_K1_R896,r896,0,0,0.00021310729789547622,2.7461051023760904e-07,3711694,3711694,62a8110bc503f8b1af742c16213a34aa0a9f328e43d1008dbaa513c744854e03,expert_wires+checkpoint,1,1,1
model.language_model.layers.45.mlp.experts.239.down_proj,routed,TESSERA_E4M3_K1_R896,r896,1,1,0.0002368066634517163,5.608233958553881e-07,3695306,3695306,63935142c4618a09e4a9913076a4d3d7830da8a64b800e0c02e7a2aff52de33b,expert_wires+checkpoint,1,1,1
model.language_model.layers.45.mlp.experts.239.gate_proj,routed,TESSERA_BF16_K1_R896,r896,0,0,0.00237083132378757,2.1851396892869196e-07,3707645,3707645,82917bf8f4b3118b416932213d4c2f0a9cc51de4bf6c274fb1d7a5f26a7abd81,expert_wires+checkpoint,1,1,1
model.language_model.layers.45.mlp.experts.239.gate_proj,routed,TESSERA_E4M3_K1_R896,r896,1,1,0.0027866701129823923,1.9953135398137684e-07,3691257,3691257,db03bee6aa6b96bed9374f7c6cdf2f0a3575a8d455382fd4d4eec99ab756c7af,expert_wires+checkpoint,1,1,1
model.language_model.layers.45.mlp.experts.239.up_proj,routed,TESSERA_BF16_K1_R896,r896,0,0,0.002333798911422491,1.3055482284378297e-07,3707645,3707645,261f0455f8c4996b3a7d97e1bd0b5334c2c34750f5b4c5096833b44423d78e80,expert_wires+checkpoint,1,1,1
model.language_model.layers.45.mlp.experts.239.up_proj,routed,TESSERA_E4M3_K1_R896,r896,1,1,0.0027153813280165195,2.996791696627283e-07,3691257,3691257,bd3e420d551765ef74111a97d2536baa1d79b06c6849b4bac2ca659c136c1451,expert_wires+checkpoint,1,1,1
model.language_model.layers.45.mlp.experts.24.down_proj,routed,TESSERA_BF16_K1_R896,r896,0,0,0.0006349533796310425,5.579491892454882e-07,3711694,3711694,8b298262b42dc1f84c3a5757351c44cc6083136c24d3629f2f211bd2d753596d,expert_wires+checkpoint,1,1,1
model.language_model.layers.45.mlp.experts.24.down_proj,routed,TESSERA_E4M3_K1_R896,r896,1,1,0.0007023109355941415,4.115878331113298e-06,3695306,3695306,dfc3e221097a91214ceadeae070bd07a01f7297eb7a7dbc619be6a61669ea90f,expert_wires+checkpoint,1,1,1
model.language_model.layers.45.mlp.experts.24.gate_proj,routed,TESSERA_BF16_K1_R896,r896,0,0,0.001920016366057098,5.056429776270782e-07,3707645,3707645,ad5f75b20ec25cbab695f24037917395f480821d8b1a232c3fe6d6987b7cfefd,expert_wires+checkpoint,1,1,1
model.language_model.layers.45.mlp.experts.24.gate_proj,routed,TESSERA_E4M3_K1_R896,r896,1,1,0.0022880195174366236,4.250503409611166e-06,3691257,3691257,0ae86b9e9d2e86e6a1886d2be44386637be0e7d32ccdeeca5fbe05374178ace5,expert_wires+checkpoint,1,1,1
model.language_model.layers.45.mlp.experts.24.up_proj,routed,TESSERA_BF16_K1_R896,r896,0,0,0.0020472712349146605,1.62886372674191e-06,3707645,3707645,9290b33552a0066101ed169fbe3ac9945236e67855d0ed1155451da1ecfdc266,expert_wires+checkpoint,1,1,1
model.language_model.layers.45.mlp.experts.24.up_proj,routed,TESSERA_E4M3_K1_R896,r896,1,1,0.0024326846469193697,5.068047051668488e-07,3691257,3691257,ed423a49fd0eec0f4fc4a529eea4813488db06a7d4a6d7ddc0ef1f2b9822e1c3,expert_wires+checkpoint,1,1,1
model.language_model.layers.45.mlp.experts.240.down_proj,routed,TESSERA_BF16_K1_R896,r896,0,0,0.0004007849202025682,1.5064728542217116e-07,3711694,3711694,ff696a48da027e65cf9e74de88547a2bf39247a87c358734ee6cd914a81f09b1,expert_wires+checkpoint,1,1,1
model.language_model.layers.45.mlp.experts.240.down_proj,routed,TESSERA_E4M3_K1_R896,r896,1,1,0.00043757219100371003,2.015312601961258e-06,3695306,3695306,efe57051151a3ab583c129c588d6be6e2571f072b2e85a088575e66489b70960,expert_wires+checkpoint,1,1,1
model.language_model.layers.45.mlp.experts.240.gate_proj,routed,TESSERA_BF16_K1_R896,r896,0,0,0.0018318990478292108,2.6889370405600053e-07,3707645,3707645,ff45a8a3228cac776927e0ab82fe59da55381f4991970c0bf26c2c63def1ad90,expert_wires+checkpoint,1,1,1
model.language_model.layers.45.mlp.experts.240.gate_proj,routed,TESSERA_E4M3_K1_R896,r896,1,1,0.0021461707074195147,1.7417376923470067e-07,3691257,3691257,fee9d6d8eb349a5bd6fd136ab4231163a37addd362fbfd0aac3b034df58076c4,expert_wires+checkpoint,1,1,1
model.language_model.layers.45.mlp.experts.240.up_proj,routed,TESSERA_BF16_K1_R896,r896,0,0,0.0020303039345890284,1.4938760725588603e-06,3707645,3707645,b61c99f19c9abc37c13cb7eb74229ba7d62ad143a09119a88245a31567eeeceb,expert_wires+checkpoint,1,1,1
model.language_model.layers.45.mlp.experts.240.up_proj,routed,TESSERA_E4M3_K1_R896,r896,1,1,0.0023705950006842613,2.508875167834515e-07,3691257,3691257,d652198dd1dc0531db56e0806f842c765778570c2005103be2fc07e65acbd35d,expert_wires+checkpoint,1,1,1
model.language_model.layers.45.mlp.experts.241.down_proj,routed,TESSERA_BF16_K1_R896,r896,0,0,0.0005421832320280373,1.1783560364959437e-07,3711694,3711694,213777526add71c976d61b73faebb80b2939168525876911a47eea43a493272c,expert_wires+checkpoint,1,1,1
model.language_model.layers.45.mlp.experts.241.down_proj,routed,TESSERA_E4M3_K1_R896,r896,1,1,0.0006189690320752561,2.180327830612241e-07,3695306,3695306,57a76460b73f31debbba8cbf626ed9e8039f697b1cd1204454e7a308e3416520,expert_wires+checkpoint,1,1,1
model.language_model.layers.45.mlp.experts.241.gate_proj,routed,TESSERA_BF16_K1_R896,r896,0,0,0.0010475756134837866,1.1444816580317298e-07,3707645,3707645,c33e77e6b4d5ea326f1e8803b714ff8a6ea9dd0f1ff3c6e7ffc677af22eb799d,expert_wires+checkpoint,1,1,1
model.language_model.layers.45.mlp.experts.241.gate_proj,routed,TESSERA_E4M3_K1_R896,r896,1,1,0.001338144182227552,3.5486440335670494e-08,3691257,3691257,8fdbddbc26f0b32d5856ba1342694230b6909be432f45b6dc86d03d62141903d,expert_wires+checkpoint,1,1,1
model.language_model.layers.45.mlp.experts.241.up_proj,routed,TESSERA_BF16_K1_R896,r896,0,0,0.0011977825779467821,1.0157046643249187e-07,3707645,3707645,d3012931f8b7c12178c0710771da536048418695aed283555ffaf55e6d43419c,expert_wires+checkpoint,1,1,1
model.language_model.layers.45.mlp.experts.241.up_proj,routed,TESSERA_E4M3_K1_R896,r896,1,1,0.0015288072172552347,1.5305058113334326e-07,3691257,3691257,1d3ea4a1a05313f57e3ecdc07012545df65c641dac2281c0812e488bf45a2f53,expert_wires+checkpoint,1,1,1
model.language_model.layers.45.mlp.experts.242.down_proj,routed,TESSERA_BF16_K1_R896,r896,0,0,0.0006600141641683877,2.547347654841958e-06,3711694,3711694,bfddf120e85c625f116a46a55b17825fa686d8e1337ea7bf0643b36424141ee4,expert_wires+checkpoint,1,1,1
model.language_model.layers.45.mlp.experts.242.down_proj,routed,TESSERA_E4M3_K1_R896,r896,1,1,0.0007097204215824604,1.783736784228086e-06,3695306,3695306,8cd231be8ae58a89d5a63c4dd0bdbdce3836a0089b460835c1055fca605fb8b2,expert_wires+checkpoint,1,1,1
model.language_model.layers.45.mlp.experts.242.gate_proj,routed,TESSERA_BF16_K1_R896,r896,0,0,0.0023565725423395634,9.707236172826298e-06,3707645,3707645,a5e0ed73fe2f8da8c4acb9e5c402fe1f193cf14abf3a3cd7ed9e0aa2d50b531f,expert_wires+checkpoint,1,1,1
model.language_model.layers.45.mlp.experts.242.gate_proj,routed,TESSERA_E4M3_K1_R896,r896,1,1,0.0027000773698091507,5.3535664763398345e-06,3691257,3691257,fa9f88d867dadac6f1bd1639898f566d22570ee3e6d4b824e1c99391a7ef51d6,expert_wires+checkpoint,1,1,1
model.language_model.layers.45.mlp.experts.242.up_proj,routed,TESSERA_BF16_K1_R896,r896,0,0,0.002444228855893016,1.160380048297829e-06,3707645,3707645,45dea7707c2d9cad67521b8b11cf22102fd7c8638831a4877a721a8abffedd13,expert_wires+checkpoint,1,1,1
model.language_model.layers.45.mlp.experts.242.up_proj,routed,TESSERA_E4M3_K1_R896,r896,1,1,0.0027852351777255535,1.9875039337179534e-06,3691257,3691257,32d2cdca36db0ec9043cfc745228e43056838514cdffd633cf6e525f01b65bac,expert_wires+checkpoint,1,1,1
model.language_model.layers.45.mlp.experts.243.down_proj,routed,TESSERA_BF16_K1_R896,r896,0,0,0.0008528116741217673,4.748699636893055e-06,3711694,3711694,702a8c3dfa397f410ca16e54ffecd2221deccb8fa18ca1e2b7cbdd110031930d,expert_wires+checkpoint,1,1,1
model.language_model.layers.45.mlp.experts.243.down_proj,routed,TESSERA_E4M3_K1_R896,r896,1,1,0.0009516972932033241,1.6404164545709984e-07,3695306,3695306,6bfd71c5083452ac7e91e1826d6dacb2736672c19811cb553002e7918ed7e97f,expert_wires+checkpoint,1,1,1
model.language_model.layers.45.mlp.experts.243.gate_proj,routed,TESSERA_BF16_K1_R896,r896,0,0,0.0016564737306907773,2.680734788824467e-07,3707645,3707645,0979a26856fdcb53e794ca580199842779b3b5b3a6d08c27f4f55a82131c55eb,expert_wires+checkpoint,1,1,1
model.language_model.layers.45.mlp.experts.243.gate_proj,routed,TESSERA_E4M3_K1_R896,r896,1,1,0.0019654552452266216,2.0514613722800437e-06,3691257,3691257,b21ddee8bc7a2450bd3ae4269b237a773c14dd031614e0381b28b81734a36346,expert_wires+checkpoint,1,1,1
model.language_model.layers.45.mlp.experts.243.up_proj,routed,TESSERA_BF16_K1_R896,r896,0,0,0.0018664138624444604,3.399284486305226e-07,3707645,3707645,1291516d1f1daf4eba40e4b2fb09f48c5c2ff31eb2bbb5d440db877c0017bc27,expert_wires+checkpoint,1,1,1
model.language_model.layers.45.mlp.experts.243.up_proj,routed,TESSERA_E4M3_K1_R896,r896,1,1,0.0022049660328775644,4.2666977533085353e-07,3691257,3691257,f49c6480ce7a4411ccb4f841641a48ab4bb426c6d626be7f5f5886723e58567f,expert_wires+checkpoint,1,1,1
model.language_model.layers.45.mlp.experts.244.down_proj,routed,TESSERA_BF16_K1_R896,r896,0,0,0.0006503122858703136,1.9950730005448286e-06,3711694,3711694,6d37fbb74de9ace52051904962a5c3f120432d5fcb2f186c17166949700f7def,expert_wires+checkpoint,1,1,1
model.language_model.layers.45.mlp.experts.244.down_proj,routed,TESSERA_E4M3_K1_R896,r896,1,1,0.000701709883287549,4.252151113398124e-06,3695306,3695306,cbc950ea5f3ed3a9e38998fd0688032c99b283d3887bc463cdc2f994d0213a2f,expert_wires+checkpoint,1,1,1
model.language_model.layers.45.mlp.experts.244.gate_proj,routed,TESSERA_BF16_K1_R896,r896,0,0,0.0026672971434891224,1.9988498571069097e-06,3707645,3707645,0a2faf9d8c46fccb53dada4771c83ba18dae8df53818d2444f33deb6d669ccae,expert_wires+checkpoint,1,1,1
model.language_model.layers.45.mlp.experts.244.gate_proj,routed,TESSERA_E4M3_K1_R896,r896,1,1,0.003058814909309149,1.9911971161546807e-06,3691257,3691257,162964265232ebb04f77bdf746312226a249b4868d923f09af8844d4753b105e,expert_wires+checkpoint,1,1,1
model.language_model.layers.45.mlp.experts.244.up_proj,routed,TESSERA_BF16_K1_R896,r896,0,0,0.0028892941772937775,1.4049805598269087e-06,3707645,3707645,e9989f5c1c7e3f6ea30b1a418f1c53d2fddcad2999e4997b4d5fcbe8da62bcc8,expert_wires+checkpoint,1,1,1
model.language_model.layers.45.mlp.experts.244.up_proj,routed,TESSERA_E4M3_K1_R896,r896,1,1,0.003306829370558262,3.972172181151367e-07,3691257,3691257,152ae1e96ebeeb23ebc56a222d557c525b7f6f15c9e33efe47dabab7e647bc46,expert_wires+checkpoint,1,1,1
model.language_model.layers.45.mlp.experts.245.down_proj,routed,TESSERA_BF16_K1_R896,r896,0,0,0.0002521687129046768,7.576712475236819e-07,3711694,3711694,09b0cd3effc5a5bc6b50c54fab00d27fd56de218dbfc9063f3494cef381949b8,expert_wires+checkpoint,1,1,1
model.language_model.layers.45.mlp.experts.245.down_proj,routed,TESSERA_E4M3_K1_R896,r896,1,1,0.0002823299146257341,9.374425951070156e-07,3695306,3695306,c95dc620c5c28f5fd18dd8b43405b393b156a65935249f6b70136f6da242d36e,expert_wires+checkpoint,1,1,1
model.language_model.layers.45.mlp.experts.245.gate_proj,routed,TESSERA_BF16_K1_R896,r896,0,0,0.0015621304046362638,3.4414717885392023e-07,3707645,3707645,000f591e95942d7ef1e35223e98d2db996e5db2457eaf73c7a0e0f19a2133e7c,expert_wires+checkpoint,1,1,1
model.language_model.layers.45.mlp.experts.245.gate_proj,routed,TESSERA_E4M3_K1_R896,r896,1,1,0.0018735767807811499,1.7193776614435833e-07,3691257,3691257,698eb2f2c29a8eecb020ddd2fb6f9283b106d0eebe4fb78d596a6f81b69ec13a,expert_wires+checkpoint,1,1,1
model.language_model.layers.45.mlp.experts.245.up_proj,routed,TESSERA_BF16_K1_R896,r896,0,0,0.0017300248146057129,1.2911157746848836e-07,3707645,3707645,681d60aee483cd2651572e31526b8706770221c5d0a015519bfdbdd80c15a957,expert_wires+checkpoint,1,1,1
model.language_model.layers.45.mlp.experts.245.up_proj,routed,TESSERA_E4M3_K1_R896,r896,1,1,0.0020613600499927998,2.6224639438338803e-07,3691257,3691257,a7a92ca4bd05ea17aedd6a9f7d21de404bd2d86aedbff25b91147c5f08089b07,expert_wires+checkpoint,1,1,1
model.language_model.layers.45.mlp.experts.246.down_proj,routed,TESSERA_BF16_K1_R896,r896,0,0,0.00039879902033135295,1.5847739320496763e-06,3711694,3711694,1958ee3a991102057ad5b9f12f0f6916c54b737b351b0f716c62ef929bb3c180,expert_wires+checkpoint,1,1,1
model.language_model.layers.45.mlp.experts.246.down_proj,routed,TESSERA_E4M3_K1_R896,r896,1,1,0.0004368554218672216,4.599612668221064e-07,3695306,3695306,d608ad12788b004b14bc3a2d971007d692a17dc2dedd8461dc90bc41f1eb0bb9,expert_wires+checkpoint,1,1,1
model.language_model.layers.45.mlp.experts.246.gate_proj,routed,TESSERA_BF16_K1_R896,r896,0,0,0.002016283106058836,1.0242981201734855e-06,3707645,3707645,0b80fd9d939a6352e6b021a42781f03d32305a12d4bd1036a21f40c8efa9e6f8,expert_wires+checkpoint,1,1,1
model.language_model.layers.45.mlp.experts.246.gate_proj,routed,TESSERA_E4M3_K1_R896,r896,1,1,0.0023641115985810757,7.512567549308696e-07,3691257,3691257,ca36282893e7343661c244e1ee3bba30cd598faea2c7cbf1007e80a847421c29,expert_wires+checkpoint,1,1,1
model.language_model.layers.45.mlp.experts.246.up_proj,routed,TESSERA_BF16_K1_R896,r896,0,0,0.0020887567661702633,1.7168436743791177e-08,3707645,3707645,a7ea827cd8cafd322361bdee42cc0f32a87bd838d2329bd7356e987bcedcf53a,expert_wires+checkpoint,1,1,1
model.language_model.layers.45.mlp.experts.246.up_proj,routed,TESSERA_E4M3_K1_R896,r896,1,1,0.0024467294570058584,2.799137763955509e-07,3691257,3691257,0eb1096b4466fc22a883cd0892afe21dfae637834e62e72b05a713851680b628,expert_wires+checkpoint,1,1,1
model.language_model.layers.45.mlp.experts.247.down_proj,routed,TESSERA_BF16_K1_R896,r896,0,0,0.0011960864067077637,1.6903350877744635e-05,3711694,3711694,e93bbf5139cbc1ead3ee8f0459df46fe5d807f51ef54ada9e61bd1ae3f82841d,expert_wires+checkpoint,1,1,1
model.language_model.layers.45.mlp.experts.247.down_proj,routed,TESSERA_E4M3_K1_R896,r896,1,1,0.0012039453722536564,1.9982178599094477e-05,3695306,3695306,fb172618a8f0c249e2b156b879243bb9116caac63a973563c02282e9f63d4b54,expert_wires+checkpoint,1,1,1
model.language_model.layers.45.mlp.experts.247.gate_proj,routed,TESSERA_BF16_K1_R896,r896,0,0,0.0025700004771351814,7.992832887394179e-07,3707645,3707645,d65035fad1f53ea1c47117c443270f56b17b0e8508acb1c8bb63f3249a83d084,expert_wires+checkpoint,1,1,1
model.language_model.layers.45.mlp.experts.247.gate_proj,routed,TESSERA_E4M3_K1_R896,r896,1,1,0.0029519847594201565,8.10495321600007e-07,3691257,3691257,8b2be4cd41de5176c04ae34530d0b9047ebbe9020477b3f4b6e2b6cd89a3ecd8,expert_wires+checkpoint,1,1,1
model.language_model.layers.45.mlp.experts.247.up_proj,routed,TESSERA_BF16_K1_R896,r896,0,0,0.0026718638837337494,1.6831103169817097e-06,3707645,3707645,7fd252338b6878d880962bab582cd55ee93d71b84a6b1b6d6eb3b5ed75f9a7b6,expert_wires+checkpoint,1,1,1
model.language_model.layers.45.mlp.experts.247.up_proj,routed,TESSERA_E4M3_K1_R896,r896,1,1,0.0030659413896501064,3.6287123158087424e-06,3691257,3691257,a3ac01eafd01cad504149a019ee408ad4e05b23078e863405cadb7066aae7598,expert_wires+checkpoint,1,1,1
model.language_model.layers.45.mlp.experts.248.down_proj,routed,TESSERA_BF16_K1_R896,r896,0,0,0.0007466334500350058,4.855755987276511e-07,3711694,3711694,7be46628d342b53253baf6bf692af04ed9fdff843581069f3815c6b05b5277e5,expert_wires+checkpoint,1,1,1
model.language_model.layers.45.mlp.experts.248.down_proj,routed,TESSERA_E4M3_K1_R896,r896,1,1,0.0008483983692713082,1.129651641768483e-06,3695306,3695306,0ae9e3865a47175d1b23ab12297171ea7f6637ab7b3dc9ead80ec90373c7e00b,expert_wires+checkpoint,1,1,1
model.language_model.layers.45.mlp.experts.248.gate_proj,routed,TESSERA_BF16_K1_R896,r896,0,0,0.001139820902608335,7.668971241827905e-07,3707645,3707645,395f0843b17e13c6ed8842972c91efe716160675ade567cbb451c2ec2105d75c,expert_wires+checkpoint,1,1,1
model.language_model.layers.45.mlp.experts.248.gate_proj,routed,TESSERA_E4M3_K1_R896,r896,1,1,0.0014099961845204234,8.157104590332246e-07,3691257,3691257,14db02dba31602a615a35da085d7f61f1e01cdb78c732ee32004a24ef18a5ff4,expert_wires+checkpoint,1,1,1
model.language_model.layers.45.mlp.experts.248.up_proj,routed,TESSERA_BF16_K1_R896,r896,0,0,0.0013998562935739756,2.5256454714860024e-07,3707645,3707645,bebae99869eec8c195a3a89c20ed3797742389e7026c3712befdc358871f2041,expert_wires+checkpoint,1,1,1
model.language_model.layers.45.mlp.experts.248.up_proj,routed,TESSERA_E4M3_K1_R896,r896,1,1,0.0017301840707659721,5.019039817458458e-07,3691257,3691257,c47dfb1960ee56a5b23a34ad9235e448a93732a9d4de5b28c55c3ef7aa478e55,expert_wires+checkpoint,1,1,1
model.language_model.layers.45.mlp.experts.249.down_proj,routed,TESSERA_BF16_K1_R896,r896,0,0,0.00015237170737236738,6.292535350734955e-07,3711694,3711694,e7068cc0e59195c5e524d1d1624179ada761970b036ecb1ba21091ccae1cec8e,expert_wires+checkpoint,1,1,1
model.language_model.layers.45.mlp.experts.249.down_proj,routed,TESSERA_E4M3_K1_R896,r896,1,1,0.0001694921520538628,2.899450350860311e-07,3695306,3695306,32c31ad3ed9c4cb533001560e3e5ab8dede313d471daa0fb5347492bd1da1223,expert_wires+checkpoint,1,1,1
model.language_model.layers.45.mlp.experts.249.gate_proj,routed,TESSERA_BF16_K1_R896,r896,0,0,0.0018307110294699669,2.9560537408210247e-07,3707645,3707645,6fce6368b0ff3beb3bc7b12707b7c69d634b528eed145e4ec05fa3beb4854876,expert_wires+checkpoint,1,1,1
model.language_model.layers.45.mlp.experts.249.gate_proj,routed,TESSERA_E4M3_K1_R896,r896,1,1,0.0021605980582535267,2.1705263636200032e-07,3691257,3691257,4033ef7ecbb24072e054ef58a66b141db25753d88c33b6dcf913215e27ec2cfd,expert_wires+checkpoint,1,1,1
model.language_model.layers.45.mlp.experts.249.up_proj,routed,TESSERA_BF16_K1_R896,r896,0,0,0.0018581155454739928,7.151732020893514e-07,3707645,3707645,cc8109a31a2b0b49e9b3234aaae5aa6c31ed1d397809003ee44e35e758c054b6,expert_wires+checkpoint,1,1,1
model.language_model.layers.45.mlp.experts.249.up_proj,routed,TESSERA_E4M3_K1_R896,r896,1,1,0.0021796617656946182,4.0532888305301427e-07,3691257,3691257,60909eb3483a64a082f2a5ceccb3f1317f458e207b4f17d3ba10e331e8e7d663,expert_wires+checkpoint,1,1,1
model.language_model.layers.45.mlp.experts.25.down_proj,routed,TESSERA_BF16_K1_R896,r896,0,0,0.000331281655235216,4.141078323005201e-06,3711694,3711694,4a3aaefea0fdcad0271b4521a54f2771e97675aba9272623ba8983122440583a,expert_wires+checkpoint,1,1,1
model.language_model.layers.45.mlp.experts.25.down_proj,routed,TESSERA_E4M3_K1_R896,r896,1,1,0.0003580041811801493,1.2056492794730523e-06,3695306,3695306,b5393344a6ef92497895baf2cf5b24e2fbdb8ee47390d2629dc45e3b1a0f2e8b,expert_wires+checkpoint,1,1,1
model.language_model.layers.45.mlp.experts.25.gate_proj,routed,TESSERA_BF16_K1_R896,r896,0,0,0.002664660569280386,5.484081350158101e-07,3707645,3707645,6f21970a0d45e92f8cfc936841e5ae67fb51a331a9de5a45aa907613d1572269,expert_wires+checkpoint,1,1,1
model.language_model.layers.45.mlp.experts.25.gate_proj,routed,TESSERA_E4M3_K1_R896,r896,1,1,0.003035135567188263,1.3290534737409692e-06,3691257,3691257,3cb453481f32434bf84f5d51a566f2f6496b2f6ca0b79c8b1b80e996a51edd64,expert_wires+checkpoint,1,1,1
model.language_model.layers.45.mlp.experts.25.up_proj,routed,TESSERA_BF16_K1_R896,r896,0,0,0.002864920999854803,9.495891229498004e-07,3707645,3707645,25222e559420f26e51b26b050f7eb169fe7e4d0ceea52e491a9c93661e90fcaf,expert_wires+checkpoint,1,1,1
model.language_model.layers.45.mlp.experts.25.up_proj,routed,TESSERA_E4M3_K1_R896,r896,1,1,0.0032706931233406067,1.360639892309465e-06,3691257,3691257,ff7523083e1a9895336b56bdf0b892b9855b37f5b7293a8b76856d782ad390f4,expert_wires+checkpoint,1,1,1
model.language_model.layers.45.mlp.experts.250.down_proj,routed,TESSERA_BF16_K1_R896,r896,0,0,0.00023292985861189663,2.7097540443842506e-06,3711694,3711694,f9fa2ec1dc755aa96c6109812076ff65d3d7d45a12623ca96bcbf575c468ed4b,expert_wires+checkpoint,1,1,1
model.language_model.layers.45.mlp.experts.250.down_proj,routed,TESSERA_E4M3_K1_R896,r896,1,1,0.00025296848616562784,1.856060050078882e-06,3695306,3695306,ed3e9d81c43d88b086357f93ba3c2cc79a2459f9d02ba93b19dffb07cfb80cbe,expert_wires+checkpoint,1,1,1
model.language_model.layers.45.mlp.experts.250.gate_proj,routed,TESSERA_BF16_K1_R896,r896,0,0,0.001999325817450881,1.6393457856236916e-06,3707645,3707645,4f6e809758b7be78c53d9edb6580895071e49bb2c2649dd407cbfa046597f517,expert_wires+checkpoint,1,1,1
model.language_model.layers.45.mlp.experts.250.gate_proj,routed,TESSERA_E4M3_K1_R896,r896,1,1,0.0023095200303941965,1.214847457134614e-06,3691257,3691257,4e8adb083cbdf70ec0ab8553003266a393b3dd97b26cf1a81574cb3956d0cac3,expert_wires+checkpoint,1,1,1
model.language_model.layers.45.mlp.experts.250.up_proj,routed,TESSERA_BF16_K1_R896,r896,0,0,0.002230997895821929,2.3245178088065877e-06,3707645,3707645,ebe560f0c031e3ffaff24e255f6a7c0d81fb38e38cedc5351a0ab4aa14d1bea4,expert_wires+checkpoint,1,1,1
model.language_model.layers.45.mlp.experts.250.up_proj,routed,TESSERA_E4M3_K1_R896,r896,1,1,0.002558001084253192,1.699428323005691e-06,3691257,3691257,5c575d973ab97a2393fb3325956310bb2ff123d19e03ec746f3a7c3eb387cbfc,expert_wires+checkpoint,1,1,1
model.language_model.layers.45.mlp.experts.251.down_proj,routed,TESSERA_BF16_K1_R896,r896,0,0,0.0005535946693271399,4.758953642390896e-06,3711694,3711694,b185fc6f6a4e7a0adfbcb265795b70fc6daa7a4ef557ff4bd5aaa86b47236e80,expert_wires+checkpoint,1,1,1
model.language_model.layers.45.mlp.experts.251.down_proj,routed,TESSERA_E4M3_K1_R896,r896,1,1,0.0006423162412829697,9.787447928499992e-07,3695306,3695306,e1af722da8924cca269ca45a30fb3421b78c7a2f250e802c37ff4780c7f8889f,expert_wires+checkpoint,1,1,1
model.language_model.layers.45.mlp.experts.251.gate_proj,routed,TESSERA_BF16_K1_R896,r896,0,0,0.0014124833978712559,4.275034493421424e-07,3707645,3707645,e9d5071370a2beb135fc3c04d617c4170a018cc1caf61f8a8f90106ab06ebedf,expert_wires+checkpoint,1,1,1
model.language_model.layers.45.mlp.experts.251.gate_proj,routed,TESSERA_E4M3_K1_R896,r896,1,1,0.001820848323404789,8.665010389688975e-07,3691257,3691257,814dc223ccce27b5753c9474ace93261a10a81f6348a99560ffedebd69cd6a71,expert_wires+checkpoint,1,1,1
model.language_model.layers.45.mlp.experts.251.up_proj,routed,TESSERA_BF16_K1_R896,r896,0,0,0.001420236425474286,1.202322830475055e-06,3707645,3707645,d6b98c6ee47d29cc3ad684c073274219cce26fe79be5116dcffba9a697920fc3,expert_wires+checkpoint,1,1,1
model.language_model.layers.45.mlp.experts.251.up_proj,routed,TESSERA_E4M3_K1_R896,r896,1,1,0.001805045292712748,1.0056413362616377e-06,3691257,3691257,6ce7092d41f43fe13dd0a5ec4241b2baa0dae4d2bf9c72148da31a8dd2f994f0,expert_wires+checkpoint,1,1,1
model.language_model.layers.45.mlp.experts.252.down_proj,routed,TESSERA_BF16_K1_R896,r896,0,0,0.0008103126892820001,3.3511896065126387e-06,3711694,3711694,21fc8ef4ecd28ef6a5c61e25229d300d7c947bc1915d7985912f7c2f89051f21,expert_wires+checkpoint,1,1,1
model.language_model.layers.45.mlp.experts.252.down_proj,routed,TESSERA_E4M3_K1_R896,r896,1,1,0.000894389406312257,8.767418756885408e-07,3695306,3695306,83192d30dad541f013881062d71fb8a8172a96e9d0f383d4bef3f4ae39bdee46,expert_wires+checkpoint,1,1,1
model.language_model.layers.45.mlp.experts.252.gate_proj,routed,TESSERA_BF16_K1_R896,r896,0,0,0.0016682851128280163,7.952585751446707e-07,3707645,3707645,177ef588d925c313c43010801b7e469aca7997d631bf6c1b884764c09800e2fb,expert_wires+checkpoint,1,1,1
model.language_model.layers.45.mlp.experts.252.gate_proj,routed,TESSERA_E4M3_K1_R896,r896,1,1,0.0019577625207602978,1.0087140788524347e-06,3691257,3691257,d8dd72332c1ab5e4114d3203d1fefb59cf1d345e929f3d05cb1236f973a58fb8,expert_wires+checkpoint,1,1,1
model.language_model.layers.45.mlp.experts.252.up_proj,routed,TESSERA_BF16_K1_R896,r896,0,0,0.001887235906906426,1.5720861721819401e-06,3707645,3707645,c879ab55ce96c4448aaf3bcc9f570c733174de2505b94ea9051106745aaba5a9,expert_wires+checkpoint,1,1,1
model.language_model.layers.45.mlp.experts.252.up_proj,routed,TESSERA_E4M3_K1_R896,r896,1,1,0.002216589404270053,2.000091763805158e-06,3691257,3691257,38599c0fddbad8168c7b19a4ed7743e5355cb0c4a5589109e27ed6cebf5b728e,expert_wires+checkpoint,1,1,1
model.language_model.layers.45.mlp.experts.253.down_proj,routed,TESSERA_BF16_K1_R896,r896,0,0,0.0005601762095466256,1.7856291425580587e-06,3711694,3711694,6a69ffbadd95b802005a9a93e0cafdd0a769663a4ff9f27c15db077c6085b52a,expert_wires+checkpoint,1,1,1
model.language_model.layers.45.mlp.experts.253.down_proj,routed,TESSERA_E4M3_K1_R896,r896,1,1,0.0006126592634245753,4.109864168027283e-06,3695306,3695306,7d769654acfa613282640941ab343d823c6c4d04e840ed3245883b32d218161e,expert_wires+checkpoint,1,1,1
model.language_model.layers.45.mlp.experts.253.gate_proj,routed,TESSERA_BF16_K1_R896,r896,0,0,0.0020306557416915894,3.097043195525722e-06,3707645,3707645,1557ab3a0c830f6dc4046768975b661827fa42e91f51ab5875b98c7c993bfc0f,expert_wires+checkpoint,1,1,1
model.language_model.layers.45.mlp.experts.253.gate_proj,routed,TESSERA_E4M3_K1_R896,r896,1,1,0.002370245987549424,4.856413848978937e-06,3691257,3691257,a10ecace00cd635b1117f78a1b1347b7a8389473dcba4fb1546deee67cec6bad,expert_wires+checkpoint,1,1,1
model.language_model.layers.45.mlp.experts.253.up_proj,routed,TESSERA_BF16_K1_R896,r896,0,0,0.0021328264847397804,2.3762954285235828e-06,3707645,3707645,fce7fe28dffe33c740f9a86f82e948a0cb1ec8541c2949b0b8af74d1d85fb325,expert_wires+checkpoint,1,1,1
model.language_model.layers.45.mlp.experts.253.up_proj,routed,TESSERA_E4M3_K1_R896,r896,1,1,0.0024812971241772175,3.913661305763323e-06,3691257,3691257,ddb0afa320f72bd5c3abadb0e3dfc95332f091f542dfb8be41ddbe84ab04bc94,expert_wires+checkpoint,1,1,1
model.language_model.layers.45.mlp.experts.254.down_proj,routed,TESSERA_BF16_K1_R896,r896,0,0,0.00080857053399086,3.268141196320469e-06,3711694,3711694,2e04e62504ff6c5386134bb271e4e03ce86c962a4f35ee966e2b66de218fca49,expert_wires+checkpoint,1,1,1
model.language_model.layers.45.mlp.experts.254.down_proj,routed,TESSERA_E4M3_K1_R896,r896,1,1,0.0008941152482293546,3.7206283385672055e-06,3695306,3695306,9a6d40fcf00a4e8971a5ec1d37a632b9ceb2d2aad179a5760a734eda07ea5065,expert_wires+checkpoint,1,1,1
model.language_model.layers.45.mlp.experts.254.gate_proj,routed,TESSERA_BF16_K1_R896,r896,0,0,0.001604435034096241,7.640137788949407e-07,3707645,3707645,34b72c5f94c94f2eecc84c73fe7e5d44f262da8677fe4c11b589cab414dfc325,expert_wires+checkpoint,1,1,1
model.language_model.layers.45.mlp.experts.254.gate_proj,routed,TESSERA_E4M3_K1_R896,r896,1,1,0.0018857110990211368,8.80996165758003e-06,3691257,3691257,53048a966bacb1d0b778628ebcd6e98104ca5aae6a489370646731c117b1af92,expert_wires+checkpoint,1,1,1
model.language_model.layers.45.mlp.experts.254.up_proj,routed,TESSERA_BF16_K1_R896,r896,0,0,0.0018556390423327684,1.4927806677929836e-06,3707645,3707645,252a9992c81ab9c5a8f1405f707fbfb88f3708424ea21065e68543efb1ca6b63,expert_wires+checkpoint,1,1,1
model.language_model.layers.45.mlp.experts.254.up_proj,routed,TESSERA_E4M3_K1_R896,r896,1,1,0.002185586839914322,1.317434627286487e-06,3691257,3691257,ac23ccd7b0607ab227265ab749462760b353ee8fdd9e24e3feaa3d3c4784d253,expert_wires+checkpoint,1,1,1
model.language_model.layers.45.mlp.experts.255.down_proj,routed,TESSERA_BF16_K1_R896,r896,0,0,0.0007025828817859292,2.4726984954347094e-06,3711694,3711694,ed0392756e3c9eda579096acc3a684842e56797ad19bfa12dc750b6701b5e974,expert_wires+checkpoint,1,1,1
model.language_model.layers.45.mlp.experts.255.down_proj,routed,TESSERA_E4M3_K1_R896,r896,1,1,0.000748987658880651,9.188743616640163e-06,3695306,3695306,b9a373daf7144674875f679f05500f68cf3c26b37bc202b200b53c531f0c4615,expert_wires+checkpoint,1,1,1
model.language_model.layers.45.mlp.experts.255.gate_proj,routed,TESSERA_BF16_K1_R896,r896,0,0,0.0020728791132569313,6.365384086030818e-07,3707645,3707645,9ac303862a2e02eac3a52ccade6f445f79ba42a48737b253585745165e30f81f,expert_wires+checkpoint,1,1,1
model.language_model.layers.45.mlp.experts.255.gate_proj,routed,TESSERA_E4M3_K1_R896,r896,1,1,0.002436363836750388,9.739202011227982e-07,3691257,3691257,aaeb9c2eb1a9b10fb692a968588b82ae73caec93a9b363aead373f3fcbb16870,expert_wires+checkpoint,1,1,1
model.language_model.layers.45.mlp.experts.255.up_proj,routed,TESSERA_BF16_K1_R896,r896,0,0,0.002251914469525218,1.4672725683675038e-06,3707645,3707645,14b187b7e895343688786e4cdb53177c413acde292585b60fb45112d891bc478,expert_wires+checkpoint,1,1,1
model.language_model.layers.45.mlp.experts.255.up_proj,routed,TESSERA_E4M3_K1_R896,r896,1,1,0.0026339523028582335,1.2698096886812052e-06,3691257,3691257,1b679c5c2c90a3f4d93909af41efab90850f2c3fb17e6681436d97eeba549533,expert_wires+checkpoint,1,1,1
model.language_model.layers.45.mlp.experts.256.down_proj,routed,TESSERA_BF16_K1_R896,r896,0,0,0.0004844364302698523,1.4317652283913632e-06,3711694,3711694,6db572c54ade3d4b3f86b8fcf4cf9707cd35100bf62bd895594080e58582d5ac,expert_wires+checkpoint,1,1,1
model.language_model.layers.45.mlp.experts.256.down_proj,routed,TESSERA_E4M3_K1_R896,r896,1,1,0.0005357588524930179,5.818953925121287e-06,3695306,3695306,aa408adddb442adc430b28274e94bc48a2d84272630e602b6d120c2ab1ea5e77,expert_wires+checkpoint,1,1,1
model.language_model.layers.45.mlp.experts.256.gate_proj,routed,TESSERA_BF16_K1_R896,r896,0,0,0.0018909922800958157,1.734190336464623e-06,3707645,3707645,a232611848397a3a23449f051576c3d34574d20e4af401ac9880db476eed5113,expert_wires+checkpoint,1,1,1
model.language_model.layers.45.mlp.experts.256.gate_proj,routed,TESSERA_E4M3_K1_R896,r896,1,1,0.0022658410016447306,1.5364488584871697e-06,3691257,3691257,dfac8386fb2bf11f7aab2155d9500db465c419864a4e34e34186f7080565f041,expert_wires+checkpoint,1,1,1
model.language_model.layers.45.mlp.experts.256.up_proj,routed,TESSERA_BF16_K1_R896,r896,0,0,0.0018579121679067612,1.5887682518765326e-06,3707645,3707645,2962152e94d885f6338b76ce79add21dd70fca4bf8416aebda173b853225a404,expert_wires+checkpoint,1,1,1
model.language_model.layers.45.mlp.experts.256.up_proj,routed,TESSERA_E4M3_K1_R896,r896,1,1,0.00222740788012743,1.2077505441835504e-06,3691257,3691257,650852ee4cc8ebb4eaafe83191415341cbdece9b1851cc3365f00ef71941b765,expert_wires+checkpoint,1,1,1
model.language_model.layers.45.mlp.experts.257.down_proj,routed,TESSERA_BF16_K1_R896,r896,0,0,0.0006543296040035784,2.0523127119796324e-06,3711694,3711694,0449a8e9b333302546e4f00b8fcd60416beeee88fd3acd81f08c9ccabcebc28f,expert_wires+checkpoint,1,1,1
model.language_model.layers.45.mlp.experts.257.down_proj,routed,TESSERA_E4M3_K1_R896,r896,1,1,0.0007189415628090501,4.945996251400227e-06,3695306,3695306,e3ffbac53120a96b41c8cfe6fd56bb026ccf7c6ca8daedaa842c7c0eac327dca,expert_wires+checkpoint,1,1,1
model.language_model.layers.45.mlp.experts.257.gate_proj,routed,TESSERA_BF16_K1_R896,r896,0,0,0.002138011157512665,3.390275679699114e-07,3707645,3707645,5f7205873819a3b0d8532f1f29fc36928520b5342b7dfa0183642aa61b5a8b6e,expert_wires+checkpoint,1,1,1
model.language_model.layers.45.mlp.experts.257.gate_proj,routed,TESSERA_E4M3_K1_R896,r896,1,1,0.002533275168389082,1.3243834745953095e-06,3691257,3691257,768ded01bfa82c7ae9533cf004c58275ee626628a4f69f9fc909f7f974f5c1d4,expert_wires+checkpoint,1,1,1
model.language_model.layers.45.mlp.experts.257.up_proj,routed,TESSERA_BF16_K1_R896,r896,0,0,0.002299338113516569,5.975989116067598e-06,3707645,3707645,963ccab5f15d9943ba7dc609081542b3729148311bbc3c12d4c9a1cbbd3381dc,expert_wires+checkpoint,1,1,1
model.language_model.layers.45.mlp.experts.257.up_proj,routed,TESSERA_E4M3_K1_R896,r896,1,1,0.0027066515758633614,1.0477767912802404e-06,3691257,3691257,6808436fff2094cdd338f44bb4fe4c3e69eb28f43f1b79211055144c9172db6b,expert_wires+checkpoint,1,1,1
model.language_model.layers.45.mlp.experts.258.down_proj,routed,TESSERA_BF16_K1_R896,r896,0,0,0.00022647526930086315,5.582993712363204e-06,3711694,3711694,46673e7cf52ca014e0f6c1afc1a80f05f87643254713af4cff1a75528d763d7c,expert_wires+checkpoint,1,1,1
model.language_model.layers.45.mlp.experts.258.down_proj,routed,TESSERA_E4M3_K1_R896,r896,1,1,0.0002503645373508334,5.172521803034956e-06,3695306,3695306,5244971237e5dfa36141ea9c1f41b95191ce883e9c9bedd789729cd73708eb12,expert_wires+checkpoint,1,1,1
model.language_model.layers.45.mlp.experts.258.gate_proj,routed,TESSERA_BF16_K1_R896,r896,0,0,0.0015739218797534704,1.8921487694525285e-06,3707645,3707645,bc3041a8ce2e889ece49dfee138da5aca37e6ed91461340137422a66108b7d18,expert_wires+checkpoint,1,1,1
model.language_model.layers.45.mlp.experts.258.gate_proj,routed,TESSERA_E4M3_K1_R896,r896,1,1,0.0018591934349387884,8.243336018482203e-07,3691257,3691257,e7a7ae54083eb3e06e7b93541be93890ecf837de669b6d50fe21b49a260aba15,expert_wires+checkpoint,1,1,1
model.language_model.layers.45.mlp.experts.258.up_proj,routed,TESSERA_BF16_K1_R896,r896,0,0,0.0015776294749230146,7.664719163333134e-07,3707645,3707645,d0ae8d0780216994e03cd217ae6ea6fe8312cb620fb0917509ffb8da9ef19455,expert_wires+checkpoint,1,1,1
model.language_model.layers.45.mlp.experts.258.up_proj,routed,TESSERA_E4M3_K1_R896,r896,1,1,0.0018617839086800814,8.889325881287959e-07,3691257,3691257,1e48248c469f90fe2ab56cddebc5a0070c1a21889460ad4fce697a93a96ef2ef,expert_wires+checkpoint,1,1,1
model.language_model.layers.45.mlp.experts.259.down_proj,routed,TESSERA_BF16_K1_R896,r896,0,0,0.0003804336884059012,4.6657458333873784e-06,3711694,3711694,6b1865dc1a6c8712e96cb6f2e19b78098eda850baf5abfb057d3021751134edc,expert_wires+checkpoint,1,1,1
model.language_model.layers.45.mlp.experts.259.down_proj,routed,TESSERA_E4M3_K1_R896,r896,1,1,0.000412616936955601,4.083554930996347e-06,3695306,3695306,f83936c671a3bf66fc1e492033ff32ee3ad403a011f010578df8e31c16f5fe63,expert_wires+checkpoint,1,1,1
model.language_model.layers.45.mlp.experts.259.gate_proj,routed,TESSERA_BF16_K1_R896,r896,0,0,0.002055261516943574,4.981440580010985e-07,3707645,3707645,4f51a37c554a57eca54f7de404a3b4329e44939b99966e64bba50cb418315094,expert_wires+checkpoint,1,1,1
model.language_model.layers.45.mlp.experts.259.gate_proj,routed,TESSERA_E4M3_K1_R896,r896,1,1,0.002437467686831951,2.4535599779301337e-06,3691257,3691257,23d44e5b490924cbb76244eb5fbc11da1ecaafdb81c928ccd5a41a7179d409c9,expert_wires+checkpoint,1,1,1
model.language_model.layers.45.mlp.experts.259.up_proj,routed,TESSERA_BF16_K1_R896,r896,0,0,0.002156705129891634,6.059376207618109e-07,3707645,3707645,bd506dba5bc7c7532c1f686d4a7ab3989ef22875fe9d288772b6248810fd02a8,expert_wires+checkpoint,1,1,1
model.language_model.layers.45.mlp.experts.259.up_proj,routed,TESSERA_E4M3_K1_R896,r896,1,1,0.0025445851497352123,8.967697757288575e-07,3691257,3691257,9ae154a8f60c6516db64cc92b3b4544b8a57cd3a07cbce447890d0e4cc929eb5,expert_wires+checkpoint,1,1,1
model.language_model.layers.45.mlp.experts.26.down_proj,routed,TESSERA_BF16_K1_R896,r896,0,0,0.00036823778646066785,7.534521349702647e-07,3711694,3711694,9636fb980a2145917c8a1f6d7c7967067422fc2f6c43577553e1c5d61ca2ec74,expert_wires+checkpoint,1,1,1
model.language_model.layers.45.mlp.experts.26.down_proj,routed,TESSERA_E4M3_K1_R896,r896,1,1,0.0004131923778913915,5.327780247730277e-07,3695306,3695306,4c24f22812c90f5ab06739da895711e4628fa19ae4fc31f08a45f672e156c980,expert_wires+checkpoint,1,1,1
model.language_model.layers.45.mlp.experts.26.gate_proj,routed,TESSERA_BF16_K1_R896,r896,0,0,0.0009779899846762419,6.881923369683524e-08,3707645,3707645,659790f02344abd7b59f0bc32699a5fb1d7f137fe3ff29620b44438ac1c30a0d,expert_wires+checkpoint,1,1,1
model.language_model.layers.45.mlp.experts.26.gate_proj,routed,TESSERA_E4M3_K1_R896,r896,1,1,0.001187278889119625,4.9537668265735984e-08,3691257,3691257,a9e4f01691876ab3644d6bf643fc85469e2d60704aff0bcc76865798e8d54aa1,expert_wires+checkpoint,1,1,1
model.language_model.layers.45.mlp.experts.26.up_proj,routed,TESSERA_BF16_K1_R896,r896,0,0,0.0011790256248787045,2.4936940952725894e-07,3707645,3707645,92fde5c00267cde62b057bc6bf4f18cfee21eb055eb1e9a7e6713a55019ef3cc,expert_wires+checkpoint,1,1,1
model.language_model.layers.45.mlp.experts.26.up_proj,routed,TESSERA_E4M3_K1_R896,r896,1,1,0.0014235589187592268,5.750201986565655e-07,3691257,3691257,e1322186ab2238d182a3e4b56b399a7cdb3003df5637fe9e0cbb878a8a88a7ae,expert_wires+checkpoint,1,1,1
model.language_model.layers.45.mlp.experts.260.down_proj,routed,TESSERA_BF16_K1_R896,r896,0,0,0.00024194325669668615,4.452668983144002e-08,3711694,3711694,1f925cab733e69da9fbd145d85d1d8c0b29bca09116c22f4f0b30b3e5e1fb870,expert_wires+checkpoint,1,1,1
model.language_model.layers.45.mlp.experts.260.down_proj,routed,TESSERA_E4M3_K1_R896,r896,1,1,0.0002640814636833966,2.094119291973035e-06,3695306,3695306,df8c2b5a589e3292497f5860299986554cc7021cde6445e95ebd29b9f5e2c19d,expert_wires+checkpoint,1,1,1
model.language_model.layers.45.mlp.experts.260.gate_proj,routed,TESSERA_BF16_K1_R896,r896,0,0,0.002128227148205042,3.403974702465643e-07,3707645,3707645,59e376e9954716866303d916811efbd7e46edb8caa40a7937b507182a264b65c,expert_wires+checkpoint,1,1,1
model.language_model.layers.45.mlp.experts.260.gate_proj,routed,TESSERA_E4M3_K1_R896,r896,1,1,0.0024374532513320446,7.957625720274098e-07,3691257,3691257,bdb4dd6a781eb95b1dc23a6a3bc51a58b81abe672db46b484eec5715ee98100a,expert_wires+checkpoint,1,1,1
model.language_model.layers.45.mlp.experts.260.up_proj,routed,TESSERA_BF16_K1_R896,r896,0,0,0.0023068804293870926,1.4523822056390923e-06,3707645,3707645,81cabe4e3fb4f1aa3868a3d710ecd628c485cadbdb50023b6953306907feeddd,expert_wires+checkpoint,1,1,1
model.language_model.layers.45.mlp.experts.260.up_proj,routed,TESSERA_E4M3_K1_R896,r896,1,1,0.002618855331093073,4.542850255368774e-07,3691257,3691257,ce8a5fa60ec4c205056db324699500bcf915c91467efdcde1b3e0ec9be75d18d,expert_wires+checkpoint,1,1,1
model.language_model.layers.45.mlp.experts.261.down_proj,routed,TESSERA_BF16_K1_R896,r896,0,0,0.0008803667733445764,2.7670242967165102e-06,3711694,3711694,4aa281430e71747bdc555325acdb3a5017895f99d10cc7d69baadbc7fc4df41d,expert_wires+checkpoint,1,1,1
model.language_model.layers.45.mlp.experts.261.down_proj,routed,TESSERA_E4M3_K1_R896,r896,1,1,0.0009673182503320277,2.474745124744124e-06,3695306,3695306,f31f8d19290582aca6e168cd2d61b604da1b6c21c3902b1c73f24c6baadae6cd,expert_wires+checkpoint,1,1,1
model.language_model.layers.45.mlp.experts.261.gate_proj,routed,TESSERA_BF16_K1_R896,r896,0,0,0.0018057378474622965,3.4130461359924663e-06,3707645,3707645,946c422dfabc25cc4755ff728dc787b5db32605f0765b311a5307a64645b49b9,expert_wires+checkpoint,1,1,1
model.language_model.layers.45.mlp.experts.261.gate_proj,routed,TESSERA_E4M3_K1_R896,r896,1,1,0.0020949640311300755,4.4306796076002717e-07,3691257,3691257,472be1d96851b9bda1ccee16e21ed1ff0bdc7b56a8adfc0f718a4ff3b8666648,expert_wires+checkpoint,1,1,1
model.language_model.layers.45.mlp.experts.261.up_proj,routed,TESSERA_BF16_K1_R896,r896,0,0,0.002125273924320936,9.642493570661743e-07,3707645,3707645,6720104d41e36da4f6b7b5b6ee0a23feead167b7033c33ca990c464c070bdb63,expert_wires+checkpoint,1,1,1
model.language_model.layers.45.mlp.experts.261.up_proj,routed,TESSERA_E4M3_K1_R896,r896,1,1,0.002460406394675374,8.954361318011764e-07,3691257,3691257,ca8d1cd79ce27fcd108ba40d16aa80623c8f3546e3515c077fdbc248b84ce8ee,expert_wires+checkpoint,1,1,1
model.language_model.layers.45.mlp.experts.262.down_proj,routed,TESSERA_BF16_K1_R896,r896,0,0,0.00030991199309937656,8.104158042013588e-07,3711694,3711694,9f25414670d25af66e9945391e5ab5e2c8d225b7cbfea6ed751e99f41bb9de95,expert_wires+checkpoint,1,1,1
model.language_model.layers.45.mlp.experts.262.down_proj,routed,TESSERA_E4M3_K1_R896,r896,1,1,0.00033908343175426126,7.5208286411049e-07,3695306,3695306,322075018296ca83a6fcbe1438c67e0d31f145b55e1b7e2b781439bb18de7160,expert_wires+checkpoint,1,1,1
model.language_model.layers.45.mlp.experts.262.gate_proj,routed,TESSERA_BF16_K1_R896,r896,0,0,0.0016478750621899962,2.3298708573559124e-07,3707645,3707645,92ef205daa363f1b5902e084841dc2608d1f7abe681834cef129eebf0e6b5090,expert_wires+checkpoint,1,1,1
model.language_model.layers.45.mlp.experts.262.gate_proj,routed,TESSERA_E4M3_K1_R896,r896,1,1,0.0019688555039465427,4.977051013200326e-08,3691257,3691257,db8f66366647b5dea2180ff409d0fa0d7cbacc6ea820e970c0c237fa2160d861,expert_wires+checkpoint,1,1,1
model.language_model.layers.45.mlp.experts.262.up_proj,routed,TESSERA_BF16_K1_R896,r896,0,0,0.0018113045953214169,4.781487241038054e-07,3707645,3707645,a599a0b92e7c6908f4fa4ce0389d360d421fbd042082f198c326870389778da0,expert_wires+checkpoint,1,1,1
model.language_model.layers.45.mlp.experts.262.up_proj,routed,TESSERA_E4M3_K1_R896,r896,1,1,0.002162603195756674,3.595025083279739e-07,3691257,3691257,36b4af6c54c9387addb5d94ce2e691bf898abcade0dfc111169a58df25e225e0,expert_wires+checkpoint,1,1,1
model.language_model.layers.45.mlp.experts.263.down_proj,routed,TESSERA_BF16_K1_R896,r896,0,0,0.00046503625344485044,2.510031841458415e-06,3711694,3711694,11146d03915c03591b93ce84ef27cee1762ceff09f2dc72861e59c7e7a966b2e,expert_wires+checkpoint,1,1,1
model.language_model.layers.45.mlp.experts.263.down_proj,routed,TESSERA_E4M3_K1_R896,r896,1,1,0.0005122713046148419,1.2627887854259331e-06,3695306,3695306,780f4112a5f80c7b0476ab0d4c09683f6eeaca36c4d536840a0980d9e08dd981,expert_wires+checkpoint,1,1,1
model.language_model.layers.45.mlp.experts.263.gate_proj,routed,TESSERA_BF16_K1_R896,r896,0,0,0.001715120393782854,6.652884491221961e-07,3707645,3707645,2504e9b634165b06ffeee4009153309d930b9d0774595c4466910da5d2c9816f,expert_wires+checkpoint,1,1,1
model.language_model.layers.45.mlp.experts.263.gate_proj,routed,TESSERA_E4M3_K1_R896,r896,1,1,0.0020388024859130383,8.702477653037448e-07,3691257,3691257,5e638dc38bd2e6b7ab4d064a89b4fbf39a353e1d8cac9d61c4fb9fb762af330c,expert_wires+checkpoint,1,1,1
model.language_model.layers.45.mlp.experts.263.up_proj,routed,TESSERA_BF16_K1_R896,r896,0,0,0.0018925770418718457,4.5996351605472473e-07,3707645,3707645,2aadbd664e205df69fc6b9c9a1e3a6c1613a7ff198a4d34d4711b38e208dbc58,expert_wires+checkpoint,1,1,1
model.language_model.layers.45.mlp.experts.263.up_proj,routed,TESSERA_E4M3_K1_R896,r896,1,1,0.002255259081721306,1.4015196223107394e-06,3691257,3691257,26d6b1407566fa25074b47eb8891dc5d33637c474960d84312d813a69c1c3556,expert_wires+checkpoint,1,1,1
model.language_model.layers.45.mlp.experts.264.down_proj,routed,TESSERA_BF16_K1_R896,r896,0,0,0.0011154107050970197,2.3012742341773355e-06,3711694,3711694,0dc9141fdc116aa4cbb2f5bd8602e3d932b9dc36eeec2920d3684014c7378583,expert_wires+checkpoint,1,1,1
model.language_model.layers.45.mlp.experts.264.down_proj,routed,TESSERA_E4M3_K1_R896,r896,1,1,0.0012609448749572039,3.4539266706415047e-06,3695306,3695306,c8df1c64239131f706862b0ba865669a10b479a3a1b54bb0e36607d77cbe76a9,expert_wires+checkpoint,1,1,1
model.language_model.layers.45.mlp.experts.264.gate_proj,routed,TESSERA_BF16_K1_R896,r896,0,0,0.0015345581341534853,3.198548027532493e-07,3707645,3707645,f3961ea18d39212b6ab7c8422f555e2bf7948ae854ef1c011b483f070f1af3d9,expert_wires+checkpoint,1,1,1
model.language_model.layers.45.mlp.experts.264.gate_proj,routed,TESSERA_E4M3_K1_R896,r896,1,1,0.001835143193602562,1.8464707115001842e-07,3691257,3691257,786600a0faf35fcdcf6d74d02a1e45ca853e38607888b22ffc193ad783e3c9fe,expert_wires+checkpoint,1,1,1
model.language_model.layers.45.mlp.experts.264.up_proj,routed,TESSERA_BF16_K1_R896,r896,0,0,0.0017628415953367949,1.3222331267881946e-07,3707645,3707645,f9292f584d7ca9b741798d12f1dcff7679e778c186f2627271bd67fa51cf6695,expert_wires+checkpoint,1,1,1
model.language_model.layers.45.mlp.experts.264.up_proj,routed,TESSERA_E4M3_K1_R896,r896,1,1,0.002105439780279994,5.373692281628382e-07,3691257,3691257,1ce0decbc57d62be1f9a1604c680b260c4010c1a3b16631c2330a3d570af998a,expert_wires+checkpoint,1,1,1
model.language_model.layers.45.mlp.experts.265.down_proj,routed,TESSERA_BF16_K1_R896,r896,0,0,0.0006134991417638958,8.31702225224307e-07,3711694,3711694,dcfe9c8b9bd68c82c6ad5bb109c9cbc6cd331d1eb6970b76b493610fd4b189c1,expert_wires+checkpoint,1,1,1
model.language_model.layers.45.mlp.experts.265.down_proj,routed,TESSERA_E4M3_K1_R896,r896,1,1,0.0006659516366198659,1.7625125255293232e-06,3695306,3695306,0e5c6e65d3b5a2248d3965211be2f9e4b66492f1e8582a8ab65ab3d684f82e65,expert_wires+checkpoint,1,1,1
model.language_model.layers.45.mlp.experts.265.gate_proj,routed,TESSERA_BF16_K1_R896,r896,0,0,0.0020784232765436172,2.0909492829997678e-07,3707645,3707645,64c9c581766d83acac4e8b10c8a102ec8ef0865c6d8bb72d1c86d18115c9a186,expert_wires+checkpoint,1,1,1
model.language_model.layers.45.mlp.experts.265.gate_proj,routed,TESSERA_E4M3_K1_R896,r896,1,1,0.0024284343235194683,4.4466792851148717e-07,3691257,3691257,b772973c612c03c2d7117236fe185b39ecda9e7aced29afbf893b9230790a5a1,expert_wires+checkpoint,1,1,1
model.language_model.layers.45.mlp.experts.265.up_proj,routed,TESSERA_BF16_K1_R896,r896,0,0,0.0022682216949760914,3.7153927912727986e-07,3707645,3707645,cbc04018ab000e910c1b758d5071f4b16fd57d0fae5838832b897a44a82bd7c3,expert_wires+checkpoint,1,1,1
model.language_model.layers.45.mlp.experts.265.up_proj,routed,TESSERA_E4M3_K1_R896,r896,1,1,0.0026460345834493637,5.9105959876205e-07,3691257,3691257,b477510b2d23e88b80bb2e95acd5dd59d6ecbc3604b75517a9f4b6c910383edf,expert_wires+checkpoint,1,1,1
model.language_model.layers.45.mlp.experts.266.down_proj,routed,TESSERA_BF16_K1_R896,r896,0,0,0.0011172014055773616,7.312778729223529e-06,3711694,3711694,de0435818093513c8dee20036b1dd82ed80140b483cb608c6912f290843b0563,expert_wires+checkpoint,1,1,1
model.language_model.layers.45.mlp.experts.266.down_proj,routed,TESSERA_E4M3_K1_R896,r896,1,1,0.0012193289585411549,4.08330878589843e-06,3695306,3695306,809553ce9fbdcab9fcd52adaa14fd913603440c1df0f3ee31eb989510204e019,expert_wires+checkpoint,1,1,1
model.language_model.layers.45.mlp.experts.266.gate_proj,routed,TESSERA_BF16_K1_R896,r896,0,0,0.0017951083136722445,1.5192161354487686e-06,3707645,3707645,2e9dd18e6bd63094e2a55e16c46ca47837fbe06f4d3c6231c90c612b2ad6648f,expert_wires+checkpoint,1,1,1
model.language_model.layers.45.mlp.experts.266.gate_proj,routed,TESSERA_E4M3_K1_R896,r896,1,1,0.0021225411910563707,3.3652779662796294e-06,3691257,3691257,9bfbf6893196d7a602255bee2a728a334e92539b2a997e0c59c3e386762b4af4,expert_wires+checkpoint,1,1,1
model.language_model.layers.45.mlp.experts.266.up_proj,routed,TESSERA_BF16_K1_R896,r896,0,0,0.0019710431806743145,3.684907084343819e-07,3707645,3707645,b0ebd4767466ba87dad6732c5748744abd18b0b0c647adf48b070c4e5c27abf1,expert_wires+checkpoint,1,1,1
model.language_model.layers.45.mlp.experts.266.up_proj,routed,TESSERA_E4M3_K1_R896,r896,1,1,0.002328204922378063,1.5244585369760722e-06,3691257,3691257,a2b421de07732ab543b3ad60345eef16b04f9fff357175c5854e3cea62fdd8f4,expert_wires+checkpoint,1,1,1
model.language_model.layers.45.mlp.experts.267.down_proj,routed,TESSERA_BF16_K1_R896,r896,0,0,0.00031784549355506897,2.7110207749344765e-06,3711694,3711694,052df6ffc313f57659f557695fa5a02ee2d0187445b2336dcbf9c8e5b9e31194,expert_wires+checkpoint,1,1,1
model.language_model.layers.45.mlp.experts.267.down_proj,routed,TESSERA_E4M3_K1_R896,r896,1,1,0.0003522304759826511,2.2962431348744655e-06,3695306,3695306,d0b40bf80bd30f4076c577e2907910ca6b69b09f7ee78c1bbf6b09d3bdf29673,expert_wires+checkpoint,1,1,1
model.language_model.layers.45.mlp.experts.267.gate_proj,routed,TESSERA_BF16_K1_R896,r896,0,0,0.0017651710659265518,1.0252340833689752e-06,3707645,3707645,3f2639894b8cc4cabf429a10024bb77cc0e29588560d4986b0d66a0bc2d3afbc,expert_wires+checkpoint,1,1,1
model.language_model.layers.45.mlp.experts.267.gate_proj,routed,TESSERA_E4M3_K1_R896,r896,1,1,0.0021033326629549265,8.059298726212819e-07,3691257,3691257,e8cba0ddcf7842c413f76b69bc60f4ea94985f1fe12cec568be62e92452e234a,expert_wires+checkpoint,1,1,1
model.language_model.layers.45.mlp.experts.267.up_proj,routed,TESSERA_BF16_K1_R896,r896,0,0,0.002115730196237564,1.073679828748393e-06,3707645,3707645,e7e1a9388723004aa2cd4aba06f26e4b4ce258e7e91271b5b4eabea69f4a58cc,expert_wires+checkpoint,1,1,1
model.language_model.layers.45.mlp.experts.267.up_proj,routed,TESSERA_E4M3_K1_R896,r896,1,1,0.002525444608181715,1.0242270902410398e-06,3691257,3691257,7b71c5283a0a8c49be0894ea33c5a732149bc3d4ab454f7c80f50d912bb75a80,expert_wires+checkpoint,1,1,1
model.language_model.layers.45.mlp.experts.268.down_proj,routed,TESSERA_BF16_K1_R896,r896,0,0,0.000285826827166602,1.0189036861081116e-06,3711694,3711694,d025e38734b193cf074502f220130777007bf32229999c039f99e924549f45db,expert_wires+checkpoint,1,1,1
model.language_model.layers.45.mlp.experts.268.down_proj,routed,TESSERA_E4M3_K1_R896,r896,1,1,0.0003180144412908703,3.4034002028183393e-06,3695306,3695306,349d7d76f36280559a5d821d158b8c15436191e7b0ceff04c8c26d9c8eab06af,expert_wires+checkpoint,1,1,1
model.language_model.layers.45.mlp.experts.268.gate_proj,routed,TESSERA_BF16_K1_R896,r896,0,0,0.001687061507254839,5.968164654888988e-07,3707645,3707645,482fce7dbc83f993c5de8f9359e0e6451bf8ade431f1ff8f3ad63f57d66e6a78,expert_wires+checkpoint,1,1,1
model.language_model.layers.45.mlp.experts.268.gate_proj,routed,TESSERA_E4M3_K1_R896,r896,1,1,0.0019962978549301624,6.687961056777428e-07,3691257,3691257,9d9259ab74cc27a8423158c7bbc441c7b793b08e335ede62904407589c1c7386,expert_wires+checkpoint,1,1,1
model.language_model.layers.45.mlp.experts.268.up_proj,routed,TESSERA_BF16_K1_R896,r896,0,0,0.001811634050682187,1.210145264448079e-06,3707645,3707645,b5ffcb5aba52d63f8e492673eda8795793b02f69f350b415c15afe570bef86d9,expert_wires+checkpoint,1,1,1
model.language_model.layers.45.mlp.experts.268.up_proj,routed,TESSERA_E4M3_K1_R896,r896,1,1,0.00214144098572433,1.5398325119463994e-06,3691257,3691257,b5aab71b7c92421d71e0476a5f72c1c0ba253decc32fcf7de9cc915028c61e95,expert_wires+checkpoint,1,1,1
model.language_model.layers.45.mlp.experts.269.down_proj,routed,TESSERA_BF16_K1_R896,r896,0,0,0.00048449571477249265,4.030755589856563e-07,3711694,3711694,ef1b72aecec8f5567fd1b2cb3478649c3ca50ef476c4bdda787fac7e9b463394,expert_wires+checkpoint,1,1,1
model.language_model.layers.45.mlp.experts.269.down_proj,routed,TESSERA_E4M3_K1_R896,r896,1,1,0.000531975063495338,1.4435490867298572e-06,3695306,3695306,bc1b5f1c81d004a1d85b3f1c71bb98e191d1f7dee6784c1fc3d320350b07a69b,expert_wires+checkpoint,1,1,1
model.language_model.layers.45.mlp.experts.269.gate_proj,routed,TESSERA_BF16_K1_R896,r896,0,0,0.001667829928919673,6.228722046767624e-07,3707645,3707645,1d54c7f8a52a098aa647ac6ecc3fec10c5b31a1a116e8dfefa5bb38d8db954f5,expert_wires+checkpoint,1,1,1
model.language_model.layers.45.mlp.experts.269.gate_proj,routed,TESSERA_E4M3_K1_R896,r896,1,1,0.001965153031051159,1.5543161529510762e-07,3691257,3691257,9299d951e2c1b2dc1a056f0e979ccb4807dc73609608275eaef87f1c555c867e,expert_wires+checkpoint,1,1,1
model.language_model.layers.45.mlp.experts.269.up_proj,routed,TESSERA_BF16_K1_R896,r896,0,0,0.002014491707086563,6.481120592369113e-07,3707645,3707645,67feeffbfa20cf07116a2b4a01599870b75c4c26830090812216b96b4f57525c,expert_wires+checkpoint,1,1,1
model.language_model.layers.45.mlp.experts.269.up_proj,routed,TESSERA_E4M3_K1_R896,r896,1,1,0.002362712286412716,3.3253170607591604e-07,3691257,3691257,85410ca2c75ac2b94928452728e255dcffcb407f914ed135635513c7d2410df1,expert_wires+checkpoint,1,1,1
model.language_model.layers.45.mlp.experts.27.down_proj,routed,TESSERA_BF16_K1_R896,r896,0,0,0.0004633119679056108,2.5670031140433404e-06,3711694,3711694,1dfe2219213f856d48a2f3ccc3b08d1a2da1fb62781500dccc5b4975e05e17f5,expert_wires+checkpoint,1,1,1
model.language_model.layers.45.mlp.experts.27.down_proj,routed,TESSERA_E4M3_K1_R896,r896,1,1,0.0005090394988656044,1.0957276167554045e-06,3695306,3695306,c9a2a0324742b1f03dc5798ca31f2957fe7e14a5f9ee94a2e9184d7e53faeb84,expert_wires+checkpoint,1,1,1
model.language_model.layers.45.mlp.experts.27.gate_proj,routed,TESSERA_BF16_K1_R896,r896,0,0,0.0017208794597536325,5.208237095965905e-07,3707645,3707645,8aa4f619b4432337c1eecd5281ddb0fb7c34fba473007c83e173106513fb60d3,expert_wires+checkpoint,1,1,1
model.language_model.layers.45.mlp.experts.27.gate_proj,routed,TESSERA_E4M3_K1_R896,r896,1,1,0.002052152529358864,2.0384836251401125e-07,3691257,3691257,dc5a5592a5acf6a912505323939cb8100d69244d96251f6393d4eaa37addabad,expert_wires+checkpoint,1,1,1
model.language_model.layers.45.mlp.experts.27.up_proj,routed,TESSERA_BF16_K1_R896,r896,0,0,0.0019147731363773346,1.7261160882018736e-06,3707645,3707645,19d5f17672f8cfdb3085bf42de94d71c2384af330e468bf2bd46d8ed517cdd55,expert_wires+checkpoint,1,1,1
model.language_model.layers.45.mlp.experts.27.up_proj,routed,TESSERA_E4M3_K1_R896,r896,1,1,0.0022822427563369274,3.0002479230759316e-07,3691257,3691257,25acc0ee7681e1e475bd6b0f857bada16c6c823ba17dfba7e87d4cf297db3aec,expert_wires+checkpoint,1,1,1
model.language_model.layers.45.mlp.experts.270.down_proj,routed,TESSERA_BF16_K1_R896,r896,0,0,0.0003133428399451077,2.889021633586652e-06,3711694,3711694,06fa6d3d6579f4b8358ec9b09d1470c942b0138394bec96179fa63c66c8952a8,expert_wires+checkpoint,1,1,1
model.language_model.layers.45.mlp.experts.270.down_proj,routed,TESSERA_E4M3_K1_R896,r896,1,1,0.00035701305023394525,1.0707424005997383e-06,3695306,3695306,ea2a6612a426f95061098d1fe9468ef3ab55c42e9078a43ea4f81d597a8650db,expert_wires+checkpoint,1,1,1
model.language_model.layers.45.mlp.experts.270.gate_proj,routed,TESSERA_BF16_K1_R896,r896,0,0,0.0014484276762232184,2.968297818182426e-06,3707645,3707645,93a0cef64ae6ab09d2081e87f9dc7694a50086ad74df40cdefa28340a5f34a18,expert_wires+checkpoint,1,1,1
model.language_model.layers.45.mlp.experts.270.gate_proj,routed,TESSERA_E4M3_K1_R896,r896,1,1,0.001770049100741744,2.0004699139012513e-06,3691257,3691257,cd45ed53de92c8e4d0bfee30b5f5f8c64bed3d256d543e8f6a4060f72800a5be,expert_wires+checkpoint,1,1,1
model.language_model.layers.45.mlp.experts.270.up_proj,routed,TESSERA_BF16_K1_R896,r896,0,0,0.0014351692516356707,8.768058471321502e-07,3707645,3707645,136a722586a21d443310bffbb206322bf308d15ab2fc3cfcb36a541f92c3f292,expert_wires+checkpoint,1,1,1
model.language_model.layers.45.mlp.experts.270.up_proj,routed,TESSERA_E4M3_K1_R896,r896,1,1,0.0017357411561533809,2.0665963433777744e-06,3691257,3691257,745aae05d2f761392efc2c26941bd8281d4a35c029a7c70af4eb5facb0d09a5a,expert_wires+checkpoint,1,1,1
model.language_model.layers.45.mlp.experts.271.down_proj,routed,TESSERA_BF16_K1_R896,r896,0,0,0.000697852112352848,2.043046269671258e-06,3711694,3711694,6747a0b2ac12398ed3854f7662604ac755424445e49531615fc77e423abf1791,expert_wires+checkpoint,1,1,1
model.language_model.layers.45.mlp.experts.271.down_proj,routed,TESSERA_E4M3_K1_R896,r896,1,1,0.0007750554941594601,4.977440442627028e-07,3695306,3695306,b28fba7d15645ebe4b4ede7fa29fd55ef0491cc6687ec5c5336d3c292816bef2,expert_wires+checkpoint,1,1,1
model.language_model.layers.45.mlp.experts.271.gate_proj,routed,TESSERA_BF16_K1_R896,r896,0,0,0.0016572705935686827,2.1502178980244408e-07,3707645,3707645,4b693b224b71516b0f5e1f971d1e32e6b262b902a6eb4c865167ec5ede050be1,expert_wires+checkpoint,1,1,1
model.language_model.layers.45.mlp.experts.271.gate_proj,routed,TESSERA_E4M3_K1_R896,r896,1,1,0.001959077548235655,4.3027349699033565e-07,3691257,3691257,8ffca1f9ec327ff4ca86e65e459396b3522c4afe496ca085eba0f828bf0b4e70,expert_wires+checkpoint,1,1,1
model.language_model.layers.45.mlp.experts.271.up_proj,routed,TESSERA_BF16_K1_R896,r896,0,0,0.0018870567437261343,7.971757058117973e-07,3707645,3707645,b3733775fa243318c4dce3f7545435f08b07e648bb1b28d44b37794835119dad,expert_wires+checkpoint,1,1,1
model.language_model.layers.45.mlp.experts.271.up_proj,routed,TESSERA_E4M3_K1_R896,r896,1,1,0.002227054676041007,9.596853054238138e-07,3691257,3691257,4f708f9348debc2e21a9f452e84c20302d87f322d04538d0b0571d67b16a9b91,expert_wires+checkpoint,1,1,1
model.language_model.layers.45.mlp.experts.272.down_proj,routed,TESSERA_BF16_K1_R896,r896,0,0,0.0004298014391679317,1.5325028871486803e-07,3711694,3711694,6923890e9749597f312c9226609e2a5c2affed39adecf37b439587389a403f9e,expert_wires+checkpoint,1,1,1
model.language_model.layers.45.mlp.experts.272.down_proj,routed,TESSERA_E4M3_K1_R896,r896,1,1,0.0004808153898920864,4.5193045526355685e-07,3695306,3695306,4810b1b589ca8a60319d5816254b9d267ef95be71a94b7674c9e098e96d672b6,expert_wires+checkpoint,1,1,1
model.language_model.layers.45.mlp.experts.272.gate_proj,routed,TESSERA_BF16_K1_R896,r896,0,0,0.0018675667233765125,7.43225620760163e-08,3707645,3707645,4b6fdad17e218abc07ea0e416ebb8aa420bc9080e232dfc55b78f063e820b867,expert_wires+checkpoint,1,1,1
model.language_model.layers.45.mlp.experts.272.gate_proj,routed,TESSERA_E4M3_K1_R896,r896,1,1,0.00226171244867146,3.2490671854380687e-07,3691257,3691257,ab0d30fd3905070c043287974f2d52137da094d97dd5b907a8e6fd272cd6b8cd,expert_wires+checkpoint,1,1,1
model.language_model.layers.45.mlp.experts.272.up_proj,routed,TESSERA_BF16_K1_R896,r896,0,0,0.0021799146197736263,1.9007403885121702e-07,3707645,3707645,2d1926c1e94ee3330f29ac4578625556e6e4133c3f2373a0f6ffeabf492b8dc2,expert_wires+checkpoint,1,1,1
model.language_model.layers.45.mlp.experts.272.up_proj,routed,TESSERA_E4M3_K1_R896,r896,1,1,0.002639045938849449,6.637013267922823e-07,3691257,3691257,55a67599c5565548e8d2e87ce1b44530ae771d165959871983fbe297be468b1e,expert_wires+checkpoint,1,1,1
model.language_model.layers.45.mlp.experts.273.down_proj,routed,TESSERA_BF16_K1_R896,r896,0,0,0.0009382697753608227,1.4908072923722466e-07,3711694,3711694,11b0e23dac57fde56baa3e1ab13af8491cd0d9800d4b1d64fd2c997078830c7a,expert_wires+checkpoint,1,1,1
model.language_model.layers.45.mlp.experts.273.down_proj,routed,TESSERA_E4M3_K1_R896,r896,1,1,0.0010772539535537362,8.766619173277475e-07,3695306,3695306,16c73461d2b79fbaf23692addf8a91dc73a8d843013b9363054cf6fd498786fa,expert_wires+checkpoint,1,1,1
model.language_model.layers.45.mlp.experts.273.gate_proj,routed,TESSERA_BF16_K1_R896,r896,0,0,0.0011367806000635028,5.035447967865658e-07,3707645,3707645,e9c5e9161cc041e40ad864e8dbf0b5a7a8c55fcb0addbdfe3eca7ae172e5176d,expert_wires+checkpoint,1,1,1
model.language_model.layers.45.mlp.experts.273.gate_proj,routed,TESSERA_E4M3_K1_R896,r896,1,1,0.0014096694067120552,3.3232354158575884e-07,3691257,3691257,e3dcce7b7fe466b799f3f5e1a9c827fbbc47cb790fe1a7221b524131e73498fe,expert_wires+checkpoint,1,1,1
model.language_model.layers.45.mlp.experts.273.up_proj,routed,TESSERA_BF16_K1_R896,r896,0,0,0.0013085631653666496,1.414908968711601e-07,3707645,3707645,2c5bd4d8d70f4b564907cb3b5933491f319876920351afcbd2bdf2f50a6e83fe,expert_wires+checkpoint,1,1,1
model.language_model.layers.45.mlp.experts.273.up_proj,routed,TESSERA_E4M3_K1_R896,r896,1,1,0.0016164492117241025,7.585474185425293e-07,3691257,3691257,1dfd9f99b24c6ace126a98cc624c2d9204a615dfa25ffbf714059fb29d4bb330,expert_wires+checkpoint,1,1,1
model.language_model.layers.45.mlp.experts.274.down_proj,routed,TESSERA_BF16_K1_R896,r896,0,0,0.0008234271663241088,1.3837182999481708e-06,3711694,3711694,1082c690373a734c102ab3b22225439c6c5462869321d178894bb637a421236c,expert_wires+checkpoint,1,1,1
model.language_model.layers.45.mlp.experts.274.down_proj,routed,TESSERA_E4M3_K1_R896,r896,1,1,0.0008906147559173405,2.041385113367581e-06,3695306,3695306,9fb8073ff4902e26a69547153c957535ae0a8e9a90e76918c9720a1340e25a28,expert_wires+checkpoint,1,1,1
model.language_model.layers.45.mlp.experts.274.gate_proj,routed,TESSERA_BF16_K1_R896,r896,0,0,0.002356126205995679,9.021278655120019e-07,3707645,3707645,e046111be2fcf6852896e7a399a6618062f389dca6cbf0867b363f233e93640e,expert_wires+checkpoint,1,1,1
model.language_model.layers.45.mlp.experts.274.gate_proj,routed,TESSERA_E4M3_K1_R896,r896,1,1,0.0027176227886229753,1.8356349696307896e-06,3691257,3691257,6bd9dd924757a1da25d3878e041e8f57b735df0ff128bce32cc080970c06209b,expert_wires+checkpoint,1,1,1
model.language_model.layers.45.mlp.experts.274.up_proj,routed,TESSERA_BF16_K1_R896,r896,0,0,0.002580864354968071,6.338513261179068e-07,3707645,3707645,7a73271582fd427eeaffaed3f6f4778558948e978e418460633c079aa3bea004,expert_wires+checkpoint,1,1,1
model.language_model.layers.45.mlp.experts.274.up_proj,routed,TESSERA_E4M3_K1_R896,r896,1,1,0.002972347429022193,2.0461342784043026e-06,3691257,3691257,011d51aa955fb1f0a578a6815b48a12c4cd72da47331ef0cd78fd2b95a62487e,expert_wires+checkpoint,1,1,1
model.language_model.layers.45.mlp.experts.275.down_proj,routed,TESSERA_BF16_K1_R896,r896,0,0,0.0004770875966642052,6.905658449227488e-07,3711694,3711694,ac7908b5df5fa10a214b34c49472dd892438b6b7d5f602e0035988d29fc930d2,expert_wires+checkpoint,1,1,1
model.language_model.layers.45.mlp.experts.275.down_proj,routed,TESSERA_E4M3_K1_R896,r896,1,1,0.0005242207553237677,1.113320895836004e-06,3695306,3695306,c568030a4a7d8d94f441cde170ef7918fb211abd4671f2950f825ee7fc2580ac,expert_wires+checkpoint,1,1,1
model.language_model.layers.45.mlp.experts.275.gate_proj,routed,TESSERA_BF16_K1_R896,r896,0,0,0.0018575484864413738,3.287137621547205e-07,3707645,3707645,4bf6cb7f55345434848ee80ee7fb662b08a6f65bcc81af91a19e2be752bcf0e1,expert_wires+checkpoint,1,1,1
model.language_model.layers.45.mlp.experts.275.gate_proj,routed,TESSERA_E4M3_K1_R896,r896,1,1,0.0022235987707972527,5.520231399546025e-07,3691257,3691257,ec153b87de36a32236c5381f31692a7f13f92f4d480e2c9a4e4bccd9faca759a,expert_wires+checkpoint,1,1,1
model.language_model.layers.45.mlp.experts.275.up_proj,routed,TESSERA_BF16_K1_R896,r896,0,0,0.00191253493539989,1.1257540628164693e-06,3707645,3707645,f7ae714f01dce9425fe792555c91824438300f2203e988479b6e1a30b637c391,expert_wires+checkpoint,1,1,1
model.language_model.layers.45.mlp.experts.275.up_proj,routed,TESSERA_E4M3_K1_R896,r896,1,1,0.002281655091792345,6.775455867727077e-07,3691257,3691257,449e49f20b5068b7b2ae5ad19ba1bbf488cf5380ed45568c24a7311fa0691385,expert_wires+checkpoint,1,1,1
model.language_model.layers.45.mlp.experts.276.down_proj,routed,TESSERA_BF16_K1_R896,r896,0,0,0.000506168114952743,1.5257626578024293e-07,3711694,3711694,0b134b4b90369f52c3a1cf14bbef0d2c69e6869edb6375c86e11d9d1b0b93e3f,expert_wires+checkpoint,1,1,1
model.language_model.layers.45.mlp.experts.276.down_proj,routed,TESSERA_E4M3_K1_R896,r896,1,1,0.0005766060203313828,9.76636077580542e-08,3695306,3695306,b655c27d5cf2a0ebd191564ce4904cb1eb5a02e12e9a12d97c325232011cf5c2,expert_wires+checkpoint,1,1,1
model.language_model.layers.45.mlp.experts.276.gate_proj,routed,TESSERA_BF16_K1_R896,r896,0,0,0.0012981290929019451,5.467524366172662e-07,3707645,3707645,25d4359e7ba5219be097db6b9c306c76bd72826a007ce8185b51682f608fce0b,expert_wires+checkpoint,1,1,1
model.language_model.layers.45.mlp.experts.276.gate_proj,routed,TESSERA_E4M3_K1_R896,r896,1,1,0.001606056815944612,3.9175567247672293e-07,3691257,3691257,8f138836030ccad767f1559a7a12d742feac87a6c1352baf92dfd77595e10525,expert_wires+checkpoint,1,1,1
model.language_model.layers.45.mlp.experts.276.up_proj,routed,TESSERA_BF16_K1_R896,r896,0,0,0.001413996098563075,2.5645987985600625e-07,3707645,3707645,c89151cd1149768ead386a75cc08e7d54dd36626ce5db5d8949633eb6d2df104,expert_wires+checkpoint,1,1,1
model.language_model.layers.45.mlp.experts.276.up_proj,routed,TESSERA_E4M3_K1_R896,r896,1,1,0.0017366160172969103,5.11352490289044e-07,3691257,3691257,c3bb3ff6f4830c2803af0a838c2abc4d1e51f39eb18e8295bbf35a8caf96be3b,expert_wires+checkpoint,1,1,1
model.language_model.layers.45.mlp.experts.277.down_proj,routed,TESSERA_BF16_K1_R896,r896,0,0,0.000757747096940875,3.766963165017568e-06,3711694,3711694,b8bae09cfb974b3e70b6328f57921c1a70339834f035cb7f432a06c944cd0d82,expert_wires+checkpoint,1,1,1
model.language_model.layers.45.mlp.experts.277.down_proj,routed,TESSERA_E4M3_K1_R896,r896,1,1,0.0008177893469110131,4.18394682096456e-06,3695306,3695306,6ceb2f22de6eb002e64b473c5376213ee60ee933f61fe92e7be49a7a96e06f53,expert_wires+checkpoint,1,1,1
model.language_model.layers.45.mlp.experts.277.gate_proj,routed,TESSERA_BF16_K1_R896,r896,0,0,0.002287802519276738,5.234908261962728e-06,3707645,3707645,d2909635c2ea589e8d306f575697c6709a4fbd60e02d0b2d1507387b774459db,expert_wires+checkpoint,1,1,1
model.language_model.layers.45.mlp.experts.277.gate_proj,routed,TESSERA_E4M3_K1_R896,r896,1,1,0.0026474969927221537,4.081653440980036e-06,3691257,3691257,1c82fa0078f7aec2031bb945b3eb28b3e89508dd08698e5d88de1efc9db1404f,expert_wires+checkpoint,1,1,1
model.language_model.layers.45.mlp.experts.277.up_proj,routed,TESSERA_BF16_K1_R896,r896,0,0,0.002584160305559635,4.215602716872811e-06,3707645,3707645,436f33d72ad25e8bfe2acaad4f53c7135e6e413ac367f4784f87af4067979c92,expert_wires+checkpoint,1,1,1
model.language_model.layers.45.mlp.experts.277.up_proj,routed,TESSERA_E4M3_K1_R896,r896,1,1,0.0029791740234941244,4.289082283630865e-06,3691257,3691257,314349ded135b14200ca39331037c984214ab9ca65c74b13e2f1e94265e7958e,expert_wires+checkpoint,1,1,1
model.language_model.layers.45.mlp.experts.278.down_proj,routed,TESSERA_BF16_K1_R896,r896,0,0,0.0006326800212264061,2.345762899047177e-06,3711694,3711694,b8a35c30840463c7372de2501da0c8061df7731485790b4dfc4eaae0303067c1,expert_wires+checkpoint,1,1,1
model.language_model.layers.45.mlp.experts.278.down_proj,routed,TESSERA_E4M3_K1_R896,r896,1,1,0.0007079113856889307,4.935508724639288e-07,3695306,3695306,c727db74207b1556ef579ce7e7362767a549a5ada582aac1668e065dd4a00bcd,expert_wires+checkpoint,1,1,1
model.language_model.layers.45.mlp.experts.278.gate_proj,routed,TESSERA_BF16_K1_R896,r896,0,0,0.0013980857329443097,5.975540426464995e-07,3707645,3707645,7cab4a05e79d549a67a71d2ea21285571cd7e93d0a0ea4e4204038762e0bc639,expert_wires+checkpoint,1,1,1
model.language_model.layers.45.mlp.experts.278.gate_proj,routed,TESSERA_E4M3_K1_R896,r896,1,1,0.001659814384765923,1.8354817769601887e-06,3691257,3691257,3ae10da803806c6534b67bd6a5743a68900a2dc1c644f1caf7798cc15dcd11f9,expert_wires+checkpoint,1,1,1
model.language_model.layers.45.mlp.experts.278.up_proj,routed,TESSERA_BF16_K1_R896,r896,0,0,0.0015812190249562263,9.478264949080958e-07,3707645,3707645,7bb40169c2f958dccdc7108a67ea48ce2ae9f4188be3f9454b96b856951679d8,expert_wires+checkpoint,1,1,1
model.language_model.layers.45.mlp.experts.278.up_proj,routed,TESSERA_E4M3_K1_R896,r896,1,1,0.0018748496659100056,1.5364932212598425e-06,3691257,3691257,241b433eb1b4036e0d0548b689f2906f7d8a05ae7b10b3c3faf9f41a0d00d17c,expert_wires+checkpoint,1,1,1
model.language_model.layers.45.mlp.experts.279.down_proj,routed,TESSERA_BF16_K1_R896,r896,0,0,0.0009049163199961185,5.009286892577131e-06,3711694,3711694,7210cd4beba1596217a611b8839c8a9bf874f4ae2bf7cd58bbe3ecb777d4d332,expert_wires+checkpoint,1,1,1
model.language_model.layers.45.mlp.experts.279.down_proj,routed,TESSERA_E4M3_K1_R896,r896,1,1,0.001021386357024312,1.7540947260875942e-06,3695306,3695306,db9cee516b06be9c4b5387defd10f4e9972349749fe8e375dfc7849e4cca4b54,expert_wires+checkpoint,1,1,1
model.language_model.layers.45.mlp.experts.279.gate_proj,routed,TESSERA_BF16_K1_R896,r896,0,0,0.0011282260529696941,4.761720142624558e-07,3707645,3707645,dd57ea65416414fe789e647148579ed8af77e7d19c4b8f1ccc31b9ea3208cd2e,expert_wires+checkpoint,1,1,1
model.language_model.layers.45.mlp.experts.279.gate_proj,routed,TESSERA_E4M3_K1_R896,r896,1,1,0.001356485765427351,5.713008264656165e-07,3691257,3691257,044042ba76fe2b646e2e8142eec159ad245d710c3677f40fe1e037a555107d7f,expert_wires+checkpoint,1,1,1
model.language_model.layers.45.mlp.experts.279.up_proj,routed,TESSERA_BF16_K1_R896,r896,0,0,0.0013861206825822592,5.689734732097345e-07,3707645,3707645,86689fa4040e8b50f15ee2c89ad33ec43698fe9ef884c868b63f6f9bfb5a908e,expert_wires+checkpoint,1,1,1
model.language_model.layers.45.mlp.experts.279.up_proj,routed,TESSERA_E4M3_K1_R896,r896,1,1,0.0016743766609579325,3.3316577838170544e-07,3691257,3691257,9fd7590f7fee810ea36b854cb71958e40102e41a25c8881df853ef7bd017b463,expert_wires+checkpoint,1,1,1
model.language_model.layers.45.mlp.experts.28.down_proj,routed,TESSERA_BF16_K1_R896,r896,0,0,0.0006608730764128268,3.67247495151574e-06,3711694,3711694,1d0a661629ffe312d5be11dd6342eb825f541e43912c8891ac55581f9ebccef1,expert_wires+checkpoint,1,1,1
model.language_model.layers.45.mlp.experts.28.down_proj,routed,TESSERA_E4M3_K1_R896,r896,1,1,0.0007132325554266572,6.482214479139289e-06,3695306,3695306,c788629751366c00abfadab8fd51990063743728e18c190bc64e12c9c70a6972,expert_wires+checkpoint,1,1,1
model.language_model.layers.45.mlp.experts.28.gate_proj,routed,TESSERA_BF16_K1_R896,r896,0,0,0.002193189226090908,1.8997451032973603e-06,3707645,3707645,29834ab8946ee049d8dd6b6ab73612ef316b3b88bf17ad00a8f55e9b8396d06b,expert_wires+checkpoint,1,1,1
model.language_model.layers.45.mlp.experts.28.gate_proj,routed,TESSERA_E4M3_K1_R896,r896,1,1,0.0025229505263268948,1.9775632251409093e-06,3691257,3691257,974cac83bb1b86d49ce761839deeee1ac813c9ad7b2703ec1283142046981568,expert_wires+checkpoint,1,1,1
model.language_model.layers.45.mlp.experts.28.up_proj,routed,TESSERA_BF16_K1_R896,r896,0,0,0.0025554944295436144,7.911559460114928e-08,3707645,3707645,4ac884724f5cc7b81c19fcf108f10e7b1737a0f4c1859761b65accdcfd20d763,expert_wires+checkpoint,1,1,1
model.language_model.layers.45.mlp.experts.28.up_proj,routed,TESSERA_E4M3_K1_R896,r896,1,1,0.002933371579274535,1.0703297558541876e-06,3691257,3691257,c87d45a9b0f62e13e57c30f34aa3190c8af73ca1692b35f8a5b4bf149eab0247,expert_wires+checkpoint,1,1,1
model.language_model.layers.45.mlp.experts.280.down_proj,routed,TESSERA_BF16_K1_R896,r896,0,0,0.0004361039027571678,2.1032937987668265e-06,3711694,3711694,b1ab43dc94b93c9d9a389bea1a158db026244341445fa6d963bd834be3529908,expert_wires+checkpoint,1,1,1
model.language_model.layers.45.mlp.experts.280.down_proj,routed,TESSERA_E4M3_K1_R896,r896,1,1,0.00048158428398892283,1.206249706378977e-06,3695306,3695306,4bab8dc48a1b3acff25c691457924f3e615201bffeace97e3bd8d82c06b72fb6,expert_wires+checkpoint,1,1,1
model.language_model.layers.45.mlp.experts.280.gate_proj,routed,TESSERA_BF16_K1_R896,r896,0,0,0.0017260083695873618,4.7117900504924925e-07,3707645,3707645,9a4e5962b0681706f80c764bd0da283b02c5979bc3dee690b6aef71624a48868,expert_wires+checkpoint,1,1,1
model.language_model.layers.45.mlp.experts.280.gate_proj,routed,TESSERA_E4M3_K1_R896,r896,1,1,0.002084199106320739,1.3588251660950253e-06,3691257,3691257,88abb1fd66b0a744138bd930ede075ae98d0e4bd841d2f5996b598b0cdc56b72,expert_wires+checkpoint,1,1,1
model.language_model.layers.45.mlp.experts.280.up_proj,routed,TESSERA_BF16_K1_R896,r896,0,0,0.0018311874009668827,1.440237022275157e-06,3707645,3707645,ed714e6c9c32cf0c4421c094f5a2ae07e60ac79fd7dcecc8d8c794413b99075d,expert_wires+checkpoint,1,1,1
model.language_model.layers.45.mlp.experts.280.up_proj,routed,TESSERA_E4M3_K1_R896,r896,1,1,0.002202429808676243,1.7474489055328738e-06,3691257,3691257,4ffff772cfcbacba673297719847cbc838a7d55738598eb32fff6b1caa663eac,expert_wires+checkpoint,1,1,1
model.language_model.layers.45.mlp.experts.281.down_proj,routed,TESSERA_BF16_K1_R896,r896,0,0,0.0005959640257060528,2.130450633330226e-06,3711694,3711694,1e723b2c08be7be95e718a90c41c1d53399aef3a5d696c00ad6f6ba97a8cdb14,expert_wires+checkpoint,1,1,1
model.language_model.layers.45.mlp.experts.281.down_proj,routed,TESSERA_E4M3_K1_R896,r896,1,1,0.0006421805010177195,4.735593925716193e-06,3695306,3695306,815d9abec1bf53887e08d3c7b78f9b3f38c84104a316a8fd776626f92310f310,expert_wires+checkpoint,1,1,1
model.language_model.layers.45.mlp.experts.281.gate_proj,routed,TESSERA_BF16_K1_R896,r896,0,0,0.0021491176448762417,7.414347715833273e-07,3707645,3707645,9e0980c709764f53466e680b42e78e12307ebc2b3e68ded3a0228fcce01a1d8d,expert_wires+checkpoint,1,1,1
model.language_model.layers.45.mlp.experts.281.gate_proj,routed,TESSERA_E4M3_K1_R896,r896,1,1,0.0024791196919977665,5.758333094417238e-07,3691257,3691257,5301a3e849902deef19bbd88e81f8329bbc89a7f369089f005f836c193a089b3,expert_wires+checkpoint,1,1,1
model.language_model.layers.45.mlp.experts.281.up_proj,routed,TESSERA_BF16_K1_R896,r896,0,0,0.002356567420065403,4.5067993487125474e-07,3707645,3707645,b1a4f073ee79b75a2c8ba2c7c4a461988404ef9900233b15f8342fe6381470b7,expert_wires+checkpoint,1,1,1
model.language_model.layers.45.mlp.experts.281.up_proj,routed,TESSERA_E4M3_K1_R896,r896,1,1,0.002709343796595931,2.6484812975499597e-07,3691257,3691257,026b43c8a5b2476f0a31db92d7ba12574f8a7225c04ac5e7820accb81516c14b,expert_wires+checkpoint,1,1,1
model.language_model.layers.45.mlp.experts.282.down_proj,routed,TESSERA_BF16_K1_R896,r896,0,0,0.0001621263800188899,1.0623188819448637e-07,3711694,3711694,e1eed3c10a8ebc724f6218ebdf11095c5caa435f81cf1f3ee6e1bcedfb60f644,expert_wires+checkpoint,1,1,1
model.language_model.layers.45.mlp.experts.282.down_proj,routed,TESSERA_E4M3_K1_R896,r896,1,1,0.0001812964037526399,1.7270764295668214e-07,3695306,3695306,0e3dd0d75cbdece30bf71173dbf3ecc466e9de08de31e371487a870447a5a094,expert_wires+checkpoint,1,1,1
model.language_model.layers.45.mlp.experts.282.gate_proj,routed,TESSERA_BF16_K1_R896,r896,0,0,0.0015631261048838496,1.3584928343878253e-07,3707645,3707645,923fd61ff52b065db1ca106c6dc52377646735b47909f0d5fbff8b267a1bd24c,expert_wires+checkpoint,1,1,1
model.language_model.layers.45.mlp.experts.282.gate_proj,routed,TESSERA_E4M3_K1_R896,r896,1,1,0.0018482266459614038,2.8046620005997216e-08,3691257,3691257,44c88cf843e859f958702f6ecfa477aa4a0f7bf9c21544e60568587cf9b50826,expert_wires+checkpoint,1,1,1
model.language_model.layers.45.mlp.experts.282.up_proj,routed,TESSERA_BF16_K1_R896,r896,0,0,0.0017596681136637926,4.756053245053557e-08,3707645,3707645,4d8e6d123ea4a3adbd3f4ee3f69d04eb072a008cdd0007f94a32bdd82a9c0685,expert_wires+checkpoint,1,1,1
model.language_model.layers.45.mlp.experts.282.up_proj,routed,TESSERA_E4M3_K1_R896,r896,1,1,0.0020738178864121437,3.2416019793290804e-07,3691257,3691257,85a465cd222d5f8f7cab0d8e4f7e99e678e4385c2df916937d519ecd84862d79,expert_wires+checkpoint,1,1,1
model.language_model.layers.45.mlp.experts.283.down_proj,routed,TESSERA_BF16_K1_R896,r896,0,0,0.00045613976544700563,4.41042735467632e-06,3711694,3711694,fd36f074dab377a1c142f5bfd0b964996027716d11df84a31d1ffb886b1e039c,expert_wires+checkpoint,1,1,1
model.language_model.layers.45.mlp.experts.283.down_proj,routed,TESSERA_E4M3_K1_R896,r896,1,1,0.0004954693140462041,8.737111913269188e-07,3695306,3695306,a0b8bcac1c78ae71a48760265ce3ceadd041304f918e3dd8e39330eea011539b,expert_wires+checkpoint,1,1,1
model.language_model.layers.45.mlp.experts.283.gate_proj,routed,TESSERA_BF16_K1_R896,r896,0,0,0.002017227467149496,2.3769405884954155e-07,3707645,3707645,064da9c18337bc07a281b4b1eaf6504efdb7972e01cc50b096c87c50428bfabf,expert_wires+checkpoint,1,1,1
model.language_model.layers.45.mlp.experts.283.gate_proj,routed,TESSERA_E4M3_K1_R896,r896,1,1,0.002376386895775795,6.961949492994631e-07,3691257,3691257,4ade9e4cd42d007c5b4509d12d1e17a3f90065dd0053400dd0bd58215960053a,expert_wires+checkpoint,1,1,1
model.language_model.layers.45.mlp.experts.283.up_proj,routed,TESSERA_BF16_K1_R896,r896,0,0,0.002104972954839468,2.67605786632049e-07,3707645,3707645,294ffbe93af0f2590cfb9ec3605ca992d037b4aa0dcccd8b174888ba903de693,expert_wires+checkpoint,1,1,1
model.language_model.layers.45.mlp.experts.283.up_proj,routed,TESSERA_E4M3_K1_R896,r896,1,1,0.002474837005138397,2.7943243146848803e-07,3691257,3691257,ef8b3e763897344ea3fff10643e76c53ac27320f15f6e273b59cc859b2afe14a,expert_wires+checkpoint,1,1,1
model.language_model.layers.45.mlp.experts.284.down_proj,routed,TESSERA_BF16_K1_R896,r896,0,0,0.0016327775083482265,9.259013428688219e-07,3711694,3711694,8fe246bbf44dc34007adb94882da49f066f09285aaf896681c82440a7c66d1a7,expert_wires+checkpoint,1,1,1
model.language_model.layers.45.mlp.experts.284.down_proj,routed,TESSERA_E4M3_K1_R896,r896,1,1,0.0018954994156956673,3.386248184746086e-06,3695306,3695306,703f973e62c35099a815ccd3f893f0aa0483944f423fbfaf6c3144da9da6ea38,expert_wires+checkpoint,1,1,1
model.language_model.layers.45.mlp.experts.284.gate_proj,routed,TESSERA_BF16_K1_R896,r896,0,0,0.0017339828191325068,3.3793894488113407e-07,3707645,3707645,e340dcd4dd57b072da61e4e434f0dec006641a6ac1c13795befd09e14d85c74d,expert_wires+checkpoint,1,1,1
model.language_model.layers.45.mlp.experts.284.gate_proj,routed,TESSERA_E4M3_K1_R896,r896,1,1,0.0021037450060248375,7.361173559532635e-08,3691257,3691257,e1927233659961feaa03d32444b71c377f3d4f039f8da7bd24169dd971314b46,expert_wires+checkpoint,1,1,1
model.language_model.layers.45.mlp.experts.284.up_proj,routed,TESSERA_BF16_K1_R896,r896,0,0,0.00185360386967659,5.45944972754851e-07,3707645,3707645,487ece4cbb135aac028afb1e047d0b41de098188f028865c85548094f3058ca6,expert_wires+checkpoint,1,1,1
model.language_model.layers.45.mlp.experts.284.up_proj,routed,TESSERA_E4M3_K1_R896,r896,1,1,0.00225250655785203,1.0458253612179943e-06,3691257,3691257,03199761a2952a31feb9202bb0e340b7c87f8073b0ec0a6e1cba41952282c682,expert_wires+checkpoint,1,1,1
model.language_model.layers.45.mlp.experts.285.down_proj,routed,TESSERA_BF16_K1_R896,r896,0,0,0.00036488979822024703,2.7331091277886604e-07,3711694,3711694,41c22d6a42af9e8fefa3208dc199814ff990e126f098a52beeb6e85d28febac7,expert_wires+checkpoint,1,1,1
model.language_model.layers.45.mlp.experts.285.down_proj,routed,TESSERA_E4M3_K1_R896,r896,1,1,0.00040266686119139194,1.593465455195251e-06,3695306,3695306,367ba072223c1a84001d19a993b0c80d2b55eebae38fa3d4331fcd0a9e60e864,expert_wires+checkpoint,1,1,1
model.language_model.layers.45.mlp.experts.285.gate_proj,routed,TESSERA_BF16_K1_R896,r896,0,0,0.0021122824400663376,5.054409534659334e-07,3707645,3707645,3599c51ac8c1845d9203bdfdb36fcc4e8fc64c8881bf139ba80f88e38a7db738,expert_wires+checkpoint,1,1,1
model.language_model.layers.45.mlp.experts.285.gate_proj,routed,TESSERA_E4M3_K1_R896,r896,1,1,0.002462855540215969,2.1251897039303857e-06,3691257,3691257,53b4557918618e39c9fe6c73e27ca085db18ccb65277de3598d00eaaff4d949e,expert_wires+checkpoint,1,1,1
model.language_model.layers.45.mlp.experts.285.up_proj,routed,TESSERA_BF16_K1_R896,r896,0,0,0.002364593558013439,4.169116042750106e-06,3707645,3707645,33b23c546368f6dd0b5169328a22033635825b660cbc2142a9c15d50a716260b,expert_wires+checkpoint,1,1,1
model.language_model.layers.45.mlp.experts.285.up_proj,routed,TESSERA_E4M3_K1_R896,r896,1,1,0.00275897397659719,8.063131364974223e-07,3691257,3691257,e246b2b1e6215af51866333071b3b41dfa0bda9b4c427b127cc5e48b38000452,expert_wires+checkpoint,1,1,1
model.language_model.layers.45.mlp.experts.286.down_proj,routed,TESSERA_BF16_K1_R896,r896,0,0,0.0002610956144053489,1.8802958576082206e-06,3711694,3711694,e68bc3cc2e6a9a9d308971a85a3f492f45ae54350c3d10be200328f6b6f25db8,expert_wires+checkpoint,1,1,1
model.language_model.layers.45.mlp.experts.286.down_proj,routed,TESSERA_E4M3_K1_R896,r896,1,1,0.0002986206382047385,2.7130816400147814e-06,3695306,3695306,4d847dbbf73833c361117df73f506eca7c140fb7e459954f491b385d4b3996af,expert_wires+checkpoint,1,1,1
model.language_model.layers.45.mlp.experts.286.gate_proj,routed,TESSERA_BF16_K1_R896,r896,0,0,0.0015140586765483022,3.470673934994477e-07,3707645,3707645,c1b13734c0cc682662f2c8771bfc65fab0b8ba0c2c650f99659ae86bdd8bb61b,expert_wires+checkpoint,1,1,1
model.language_model.layers.45.mlp.experts.286.gate_proj,routed,TESSERA_E4M3_K1_R896,r896,1,1,0.0018606429221108556,3.526635345403706e-06,3691257,3691257,d0b3f9b58e0e864278b8e678912c0a350464a06b016fb734000eb9d22bf9c572,expert_wires+checkpoint,1,1,1
model.language_model.layers.45.mlp.experts.286.up_proj,routed,TESSERA_BF16_K1_R896,r896,0,0,0.0015332303009927273,7.782551172238957e-07,3707645,3707645,dc497747f58ec53068b3eb001c00f4dfaca3d5c6bfca548cb0f22fb7c5a677ef,expert_wires+checkpoint,1,1,1
model.language_model.layers.45.mlp.experts.286.up_proj,routed,TESSERA_E4M3_K1_R896,r896,1,1,0.0018635414307937026,3.2957687807987683e-06,3691257,3691257,3cd80de59853c26a958260c55e9bbb0c548dcde24cba7820e65a5048f3d54662,expert_wires+checkpoint,1,1,1
model.language_model.layers.45.mlp.experts.287.down_proj,routed,TESSERA_BF16_K1_R896,r896,0,0,0.00023367221001535654,2.0250156779064698e-06,3711694,3711694,c9e11fe58d9c357f0359513d2c7d07095df9fa2ed8bf188b78292effe3aa76b4,expert_wires+checkpoint,1,1,1
model.language_model.layers.45.mlp.experts.287.down_proj,routed,TESSERA_E4M3_K1_R896,r896,1,1,0.0002568584168329835,2.96219221686629e-06,3695306,3695306,d2138f5e4a0fe5b4cf901f66598db61fcb2f80c1bcc179c489c5615ee25c7fbb,expert_wires+checkpoint,1,1,1
model.language_model.layers.45.mlp.experts.287.gate_proj,routed,TESSERA_BF16_K1_R896,r896,0,0,0.0016198932426050305,7.137805904483778e-07,3707645,3707645,08c38dd6fb4d44febbbd8bb79d44eb452041296b1041b76c54c0e406348dc5b6,expert_wires+checkpoint,1,1,1
model.language_model.layers.45.mlp.experts.287.gate_proj,routed,TESSERA_E4M3_K1_R896,r896,1,1,0.0019457153975963593,1.3945688800541772e-07,3691257,3691257,7ab00552d2880e9bf384cdad8c7b541d92d7c7e196af6d0cac0797f90ba7a913,expert_wires+checkpoint,1,1,1
model.language_model.layers.45.mlp.experts.287.up_proj,routed,TESSERA_BF16_K1_R896,r896,0,0,0.0016660008113831282,1.2174546146323509e-06,3707645,3707645,ae6eafaac5a30e94f898eed9195368daf539c3fd98621a1f9d8e14334aec1ded,expert_wires+checkpoint,1,1,1
model.language_model.layers.45.mlp.experts.287.up_proj,routed,TESSERA_E4M3_K1_R896,r896,1,1,0.001998706953600049,1.4640626346456478e-06,3691257,3691257,338d3bb58a0553e7b2dc05a7227233cafe754ade1f3173a7ca8184a64bdef9bf,expert_wires+checkpoint,1,1,1
model.language_model.layers.45.mlp.experts.29.down_proj,routed,TESSERA_BF16_K1_R896,r896,0,0,0.00042614442645572126,1.5595303973478918e-06,3711694,3711694,f2a92734de855bdc1e777b6bcce486320132e00dd579c1f9daf328e226f673aa,expert_wires+checkpoint,1,1,1
model.language_model.layers.45.mlp.experts.29.down_proj,routed,TESSERA_E4M3_K1_R896,r896,1,1,0.00045098827104084194,7.032177015880615e-06,3695306,3695306,c1b272d8a21037902b28e5c8e7ad913a2f928f749a746bf6635062edc364cfcb,expert_wires+checkpoint,1,1,1
model.language_model.layers.45.mlp.experts.29.gate_proj,routed,TESSERA_BF16_K1_R896,r896,0,0,0.0026309909299016,1.447967781602654e-06,3707645,3707645,6fa1d1896fc73cc70918c21c5611f21f4aaa218d901169841fd723c651995ea1,expert_wires+checkpoint,1,1,1
model.language_model.layers.45.mlp.experts.29.gate_proj,routed,TESSERA_E4M3_K1_R896,r896,1,1,0.003045655321329832,4.78503900650954e-06,3691257,3691257,3aa3dcdd3468c14341cbc01701c08011d843aa1ce4697b4a7e94fac49a60bfae,expert_wires+checkpoint,1,1,1
model.language_model.layers.45.mlp.experts.29.up_proj,routed,TESSERA_BF16_K1_R896,r896,0,0,0.0028721559792757034,7.745472154649764e-07,3707645,3707645,c69025133ee7ae03804f221b2542e7860a9e156bb2d36f64bfa6576f31cd08a6,expert_wires+checkpoint,1,1,1
model.language_model.layers.45.mlp.experts.29.up_proj,routed,TESSERA_E4M3_K1_R896,r896,1,1,0.0033168657682836056,4.79573853617369e-06,3691257,3691257,692ab399d070410c12e38cdedcd170553cfa16e73f20706a9231928c3cc58749,expert_wires+checkpoint,1,1,1
model.language_model.layers.45.mlp.experts.3.down_proj,routed,TESSERA_BF16_K1_R896,r896,0,0,0.000627688248641789,1.5493291405300605e-06,3711694,3711694,0c3671451140b19fd562e1451d71357b75efd58d7ee97acaafda0d5eafd3f347,expert_wires+checkpoint,1,1,1
model.language_model.layers.45.mlp.experts.3.down_proj,routed,TESSERA_E4M3_K1_R896,r896,1,1,0.0006886199698783457,3.673906489883232e-07,3695306,3695306,3bab8a8fba5773921e0fd6c78045e09f811a624c0f8d16fcbd2d40a2240571f8,expert_wires+checkpoint,1,1,1
model.language_model.layers.45.mlp.experts.3.gate_proj,routed,TESSERA_BF16_K1_R896,r896,0,0,0.00182449072599411,5.842900966521681e-07,3707645,3707645,09e272b28921f2f3110a9e069648ceabd7a734873db2adb4435f4c20e7c9a87d,expert_wires+checkpoint,1,1,1
model.language_model.layers.45.mlp.experts.3.gate_proj,routed,TESSERA_E4M3_K1_R896,r896,1,1,0.0021337633952498436,2.101288721963355e-06,3691257,3691257,ca457ecfe5b65748169ac178c00aecb8a5ee6dd66b8cee0e2b324a093819405d,expert_wires+checkpoint,1,1,1
model.language_model.layers.45.mlp.experts.3.up_proj,routed,TESSERA_BF16_K1_R896,r896,0,0,0.0020751995034515858,8.632076421354148e-07,3707645,3707645,9b8fc224f6ec0065663327d6dd3d8d9a17a212e578fd63bbcf25a19381d900c5,expert_wires+checkpoint,1,1,1
model.language_model.layers.45.mlp.experts.3.up_proj,routed,TESSERA_E4M3_K1_R896,r896,1,1,0.002418733201920986,3.593512536274027e-06,3691257,3691257,30a72070fcec76638cd2f711234b7a70184f7dfafa01ded3c74acf62f5a4a27a,expert_wires+checkpoint,1,1,1
model.language_model.layers.45.mlp.experts.30.down_proj,routed,TESSERA_BF16_K1_R896,r896,0,0,0.0006643970846198499,5.785092687678263e-07,3711694,3711694,dd9477aa711e433280bc5d20993571c1af34721bd23d75806199526cb8adf8f4,expert_wires+checkpoint,1,1,1
model.language_model.layers.45.mlp.experts.30.down_proj,routed,TESSERA_E4M3_K1_R896,r896,1,1,0.0007261260761879385,2.4836741545659913e-06,3695306,3695306,a5800e81b435e99752200637ed7b22d6d2916eee46a4480e5df009ce00159cf7,expert_wires+checkpoint,1,1,1
model.language_model.layers.45.mlp.experts.30.gate_proj,routed,TESSERA_BF16_K1_R896,r896,0,0,0.0023482218384742737,4.1770369138072033e-07,3707645,3707645,d26da7ab3662216c56b27830e71513ef318fb6a3ad05b54cd3d4312b9f2bb069,expert_wires+checkpoint,1,1,1
model.language_model.layers.45.mlp.experts.30.gate_proj,routed,TESSERA_E4M3_K1_R896,r896,1,1,0.002694514812901616,6.053460786542194e-07,3691257,3691257,de9843c124de787f8f2421dbda1b5a5637dc6f721289792cc3eabc421e7e69b7,expert_wires+checkpoint,1,1,1
model.language_model.layers.45.mlp.experts.30.up_proj,routed,TESSERA_BF16_K1_R896,r896,0,0,0.0025912087876349688,3.4106826749889074e-07,3707645,3707645,21726a537ee4e93068e18ffee4c61f9fe990e92b652535cb2acc20ada277f275,expert_wires+checkpoint,1,1,1
model.language_model.layers.45.mlp.experts.30.up_proj,routed,TESSERA_E4M3_K1_R896,r896,1,1,0.0029650297947227955,6.10100482950943e-07,3691257,3691257,13858a6ed118ecb54b6b41e3bc825c1c6f4b9e6618d18a5772e2cccbba057913,expert_wires+checkpoint,1,1,1
model.language_model.layers.45.mlp.experts.31.down_proj,routed,TESSERA_BF16_K1_R896,r896,0,0,0.00038153026252985,8.398220345167147e-07,3711694,3711694,b5a7f491187de2ba0a258e1c19db431e3dbdf5fe3d9e2d467b36daaa8d8bdfb1,expert_wires+checkpoint,1,1,1
model.language_model.layers.45.mlp.experts.31.down_proj,routed,TESSERA_E4M3_K1_R896,r896,1,1,0.00042581738671287894,1.2524198619440995e-07,3695306,3695306,c9f6d8eb2e02026e24688408569aa71b2b3a470478bc43f74122be61420a7947,expert_wires+checkpoint,1,1,1
model.language_model.layers.45.mlp.experts.31.gate_proj,routed,TESSERA_BF16_K1_R896,r896,0,0,0.001363478833809495,1.336983778342483e-07,3707645,3707645,b75a82f6112d5f8188e60a67080a22c0936190bfe92085b81fd34f2888af46da,expert_wires+checkpoint,1,1,1
model.language_model.layers.45.mlp.experts.31.gate_proj,routed,TESSERA_E4M3_K1_R896,r896,1,1,0.001668306882493198,2.3837519791902377e-07,3691257,3691257,805795e6791a843f031a476e40d6fbd14dbec8556e73316c19a47ef34087031d,expert_wires+checkpoint,1,1,1
model.language_model.layers.45.mlp.experts.31.up_proj,routed,TESSERA_BF16_K1_R896,r896,0,0,0.0016191699542105198,1.4692516979798164e-07,3707645,3707645,61e251cb0110c068fd1ee127b6588cf7bc2f6da97997582441d628e5ef053c31,expert_wires+checkpoint,1,1,1
model.language_model.layers.45.mlp.experts.31.up_proj,routed,TESSERA_E4M3_K1_R896,r896,1,1,0.0019867820665240288,2.277798696202826e-07,3691257,3691257,2ffcbff4ac910a2f4ad3a73e380385ea8260c999caaedcc0281d813b629992af,expert_wires+checkpoint,1,1,1
model.language_model.layers.45.mlp.experts.32.down_proj,routed,TESSERA_BF16_K1_R896,r896,0,0,0.00018976991123054177,4.53993924186539e-07,3711694,3711694,014fb0c3749ebbe124859d45d7df5faaa04f34a0d7db8cc330cdd8669ed0a0e0,expert_wires+checkpoint,1,1,1
model.language_model.layers.45.mlp.experts.32.down_proj,routed,TESSERA_E4M3_K1_R896,r896,1,1,0.0002094662340823561,9.80525844146402e-07,3695306,3695306,7ac5c363a926a5bb83107cbb4eacd47a1743958622e639cf1e29521fa8ad88cf,expert_wires+checkpoint,1,1,1
model.language_model.layers.45.mlp.experts.32.gate_proj,routed,TESSERA_BF16_K1_R896,r896,0,0,0.001765981549397111,1.0289400473938433e-07,3707645,3707645,3b2b26dc7d87c00cb1dc13b21b13acc5f2abf8740573d3bb1a741c85a629e7af,expert_wires+checkpoint,1,1,1
model.language_model.layers.45.mlp.experts.32.gate_proj,routed,TESSERA_E4M3_K1_R896,r896,1,1,0.00204609427601099,2.9170595494294947e-07,3691257,3691257,e17607149a01e5daa5905ae8ddbc66618e77b33742cd2069bbb9f65d1c1f6426,expert_wires+checkpoint,1,1,1
model.language_model.layers.45.mlp.experts.32.up_proj,routed,TESSERA_BF16_K1_R896,r896,0,0,0.001950445817783475,1.1886720487596238e-07,3707645,3707645,b581015c6a6547d6cd67627b5d96a5d44767cedce300126e4364dba142267898,expert_wires+checkpoint,1,1,1
model.language_model.layers.45.mlp.experts.32.up_proj,routed,TESSERA_E4M3_K1_R896,r896,1,1,0.002256445586681366,4.0590954187221766e-07,3691257,3691257,c9fa10909e9dc3677a4733fe29484f7903817373921910b47dbe666b7fe810c1,expert_wires+checkpoint,1,1,1
model.language_model.layers.45.mlp.experts.33.down_proj,routed,TESSERA_BF16_K1_R896,r896,0,0,0.0006321753025986254,4.4239102740766886e-07,3711694,3711694,b1a20ceeae95ac811953010923f640871cf427015222d856b8ee25cd33cc3869,expert_wires+checkpoint,1,1,1
model.language_model.layers.45.mlp.experts.33.down_proj,routed,TESSERA_E4M3_K1_R896,r896,1,1,0.0007117881905287504,1.3756115022942601e-06,3695306,3695306,150868f26407cd7f0adeb6602d744c569d3303a2a9a8c59f89714974f6872237,expert_wires+checkpoint,1,1,1
model.language_model.layers.45.mlp.experts.33.gate_proj,routed,TESSERA_BF16_K1_R896,r896,0,0,0.00149562768638134,2.411391577179433e-07,3707645,3707645,a6f63e1f94f081273a99f4b6a3863a3d003618454a2b493fd1add2bea71f407c,expert_wires+checkpoint,1,1,1
model.language_model.layers.45.mlp.experts.33.gate_proj,routed,TESSERA_E4M3_K1_R896,r896,1,1,0.0017585812602192163,1.386803121058741e-06,3691257,3691257,2694cebdd689580176d6d59b045b38dad7f2c17f9ac735cd4fbe43accec98c00,expert_wires+checkpoint,1,1,1
model.language_model.layers.45.mlp.experts.33.up_proj,routed,TESSERA_BF16_K1_R896,r896,0,0,0.0020027756690979004,7.675656385772395e-07,3707645,3707645,acf663bad6b275dde4e4b5f2773d8ab0979accccc9507133341804fe108cbafd,expert_wires+checkpoint,1,1,1
model.language_model.layers.45.mlp.experts.33.up_proj,routed,TESSERA_E4M3_K1_R896,r896,1,1,0.0023618971463292837,2.9574041580773453e-07,3691257,3691257,627a5859ba8c3a14a53d769a76726707cedaca9678482f1862b2e79f214343af,expert_wires+checkpoint,1,1,1
model.language_model.layers.45.mlp.experts.34.down_proj,routed,TESSERA_BF16_K1_R896,r896,0,0,0.0007919638883322477,3.096751343068247e-06,3711694,3711694,3e9b88921fd35647f74f0293eeee1b318ede7dd25d0b7137715f1c524e7c51ba,expert_wires+checkpoint,1,1,1
model.language_model.layers.45.mlp.experts.34.down_proj,routed,TESSERA_E4M3_K1_R896,r896,1,1,0.0008781311335042119,5.748453467996494e-07,3695306,3695306,a82cd90235d12546bfd9757358d218c8d66f9423b7277dc7cf225a4ab0c1520b,expert_wires+checkpoint,1,1,1
model.language_model.layers.45.mlp.experts.34.gate_proj,routed,TESSERA_BF16_K1_R896,r896,0,0,0.0015668870182707906,1.1543383084943807e-06,3707645,3707645,d5e1940f1889d32babf9bfab90b1dc31a491299a6d50b63e3733559dd1ae81c7,expert_wires+checkpoint,1,1,1
model.language_model.layers.45.mlp.experts.34.gate_proj,routed,TESSERA_E4M3_K1_R896,r896,1,1,0.0018599963514134288,1.7172946425959104e-06,3691257,3691257,aaff6987ec26153100996434b494f6a3024d6a13238ab95ec42526a6769092c9,expert_wires+checkpoint,1,1,1
model.language_model.layers.45.mlp.experts.34.up_proj,routed,TESSERA_BF16_K1_R896,r896,0,0,0.0018857980612665415,2.7585148343436935e-07,3707645,3707645,03403395f865c0ec113540d4dae7839dbe6275175e1a2bc2b5ac6c0c01ba36e2,expert_wires+checkpoint,1,1,1
model.language_model.layers.45.mlp.experts.34.up_proj,routed,TESSERA_E4M3_K1_R896,r896,1,1,0.002240471076220274,4.252236597521331e-07,3691257,3691257,55762f3028473738fb1c020eaa3ad8c6c411d7d0bcac8d5e6bd4e00e8f850794,expert_wires+checkpoint,1,1,1
model.language_model.layers.45.mlp.experts.35.down_proj,routed,TESSERA_BF16_K1_R896,r896,0,0,0.000418002309743315,3.7932796170585747e-06,3711694,3711694,4f300a36e0c5107d18a5cfe6a34a4b241ed62bbc8a8dadaeaa703d9060af6a67,expert_wires+checkpoint,1,1,1
model.language_model.layers.45.mlp.experts.35.down_proj,routed,TESSERA_E4M3_K1_R896,r896,1,1,0.00045021262485533953,2.775184719238199e-06,3695306,3695306,a3ed61308cc3bff6630dba7b71e81b4a791967c42caa62f9d1c253411bd15d9d,expert_wires+checkpoint,1,1,1
model.language_model.layers.45.mlp.experts.35.gate_proj,routed,TESSERA_BF16_K1_R896,r896,0,0,0.00246045202948153,2.8019747452491876e-06,3707645,3707645,dea467488be43b1a670f8ff54e904ac179bab8525fb7ad2aca4c865562cbcc97,expert_wires+checkpoint,1,1,1
model.language_model.layers.45.mlp.experts.35.gate_proj,routed,TESSERA_E4M3_K1_R896,r896,1,1,0.0028231702744960785,2.8376259817445626e-06,3691257,3691257,4ed94cb1a2fe505c84ac2e1cab6a5f471a1dff8c35e94e2f18c508ce2970d437,expert_wires+checkpoint,1,1,1
model.language_model.layers.45.mlp.experts.35.up_proj,routed,TESSERA_BF16_K1_R896,r896,0,0,0.0026589911431074142,7.869731314798771e-07,3707645,3707645,2fe4da2ae3f8fe5e3bfac7e29fa72857b48142bbe10a0cc45148709485475a55,expert_wires+checkpoint,1,1,1
model.language_model.layers.45.mlp.experts.35.up_proj,routed,TESSERA_E4M3_K1_R896,r896,1,1,0.0030290293507277966,1.5412314886646539e-06,3691257,3691257,64013793f19e96e861e5ae8e49cae583a9c4bf15d71869440e8473c6a59e426d,expert_wires+checkpoint,1,1,1
model.language_model.layers.45.mlp.experts.36.down_proj,routed,TESSERA_BF16_K1_R896,r896,0,0,0.00146426260471344,2.4221997075894004e-06,3711694,3711694,43d87e88b04cdc7d62b912f9006ccef731c39ff006e899c02fb994c3c36fe675,expert_wires+checkpoint,1,1,1
model.language_model.layers.45.mlp.experts.36.down_proj,routed,TESSERA_E4M3_K1_R896,r896,1,1,0.0016028168611228466,4.038133902963761e-06,3695306,3695306,7e8ccef23888471fcf5003aec6e648b51c4db9a29ea203c651b0da21b1885131,expert_wires+checkpoint,1,1,1
model.language_model.layers.45.mlp.experts.36.gate_proj,routed,TESSERA_BF16_K1_R896,r896,0,0,0.0022301487624645233,9.233995379299124e-07,3707645,3707645,33c9c33c031fc2515659dca3a03c517e929e50f589814d20901ebc7c69b7523b,expert_wires+checkpoint,1,1,1
model.language_model.layers.45.mlp.experts.36.gate_proj,routed,TESSERA_E4M3_K1_R896,r896,1,1,0.002567925723269582,2.2526264133802266e-06,3691257,3691257,7a5d57d1800a2ef00c15d2365717663a1d6711edc90617a2ca03d41f5d8627e2,expert_wires+checkpoint,1,1,1
model.language_model.layers.45.mlp.experts.36.up_proj,routed,TESSERA_BF16_K1_R896,r896,0,0,0.002418122487142682,1.6868952458470189e-06,3707645,3707645,98ae65183608412f48b6087884c1a20efe28ce1abc24217e7f78777d00b5a0bd,expert_wires+checkpoint,1,1,1
model.language_model.layers.45.mlp.experts.36.up_proj,routed,TESSERA_E4M3_K1_R896,r896,1,1,0.0027804330457001925,4.271476004593498e-06,3691257,3691257,304c38b4083cfa0d33c80e0ade30b468fb7b5fafa96ff9c803f5cb5c5478cefc,expert_wires+checkpoint,1,1,1
model.language_model.layers.45.mlp.experts.37.down_proj,routed,TESSERA_BF16_K1_R896,r896,0,0,0.0003401075955480337,1.7778358126945412e-06,3711694,3711694,9c5b725788b5211e67e4f465404f42e0ea01e6e98d7836777d1ccfd14f26f79e,expert_wires+checkpoint,1,1,1
model.language_model.layers.45.mlp.experts.37.down_proj,routed,TESSERA_E4M3_K1_R896,r896,1,1,0.0003676932828966528,1.2526513294568231e-06,3695306,3695306,f6b5a432cc9aaf499d97657f144b9a183e8fe31c4f21df0188e26bf372116e8c,expert_wires+checkpoint,1,1,1
model.language_model.layers.45.mlp.experts.37.gate_proj,routed,TESSERA_BF16_K1_R896,r896,0,0,0.001909003360196948,3.08374418188467e-07,3707645,3707645,687e6e4e01c72d1657e1fa620ac8ed1946b0ae9dfc3ef25602cb6511d8dbbd64,expert_wires+checkpoint,1,1,1
model.language_model.layers.45.mlp.experts.37.gate_proj,routed,TESSERA_E4M3_K1_R896,r896,1,1,0.0022342598531395197,8.523954870583297e-07,3691257,3691257,b394a34406c069b6f014ace366ed9818dd15e0fc09d4e1abbbfd72f7016d3422,expert_wires+checkpoint,1,1,1
model.language_model.layers.45.mlp.experts.37.up_proj,routed,TESSERA_BF16_K1_R896,r896,0,0,0.002082566265016794,1.3591084761982795e-06,3707645,3707645,a655bca62a1005eb749d292bf370140044a74521584a021dca3c0b7905304acc,expert_wires+checkpoint,1,1,1
model.language_model.layers.45.mlp.experts.37.up_proj,routed,TESSERA_E4M3_K1_R896,r896,1,1,0.0024417543318122625,3.800121257693568e-07,3691257,3691257,8e71d6be4bf8f7afd29e998c73bcbde71ec7f5f13c8b4ff98f3b53ae755da370,expert_wires+checkpoint,1,1,1
model.language_model.layers.45.mlp.experts.38.down_proj,routed,TESSERA_BF16_K1_R896,r896,0,0,0.0005495509249158204,3.232376722012664e-06,3711694,3711694,4423c4223e26a71d45c1aa853601180e67bcf0f66f06172c699fe55ddcfb599c,expert_wires+checkpoint,1,1,1
model.language_model.layers.45.mlp.experts.38.down_proj,routed,TESSERA_E4M3_K1_R896,r896,1,1,0.0005928186001256108,4.800097126192557e-06,3695306,3695306,8a10b2aab7f671977f74599a98cdbed554846c55eccd83b654c407ed96e558fb,expert_wires+checkpoint,1,1,1
model.language_model.layers.45.mlp.experts.38.gate_proj,routed,TESSERA_BF16_K1_R896,r896,0,0,0.002410554327070713,1.4765112579379668e-06,3707645,3707645,828aebc552c067794af4573bf9e2a6805cd2627b3132454df78f3b9b01486770,expert_wires+checkpoint,1,1,1
model.language_model.layers.45.mlp.experts.38.gate_proj,routed,TESSERA_E4M3_K1_R896,r896,1,1,0.0027881732676178217,1.4540386691729615e-06,3691257,3691257,157b0b34a44d854c71c2e7235d10e7fa72a3e47406b6ab8a63b920c8b70e3753,expert_wires+checkpoint,1,1,1
model.language_model.layers.45.mlp.experts.38.up_proj,routed,TESSERA_BF16_K1_R896,r896,0,0,0.002498442307114601,1.1259374801077122e-06,3707645,3707645,f0e9baad1f2f25553b8da35e7becc1d8e233a1879386f254826f6cc6ed7c485b,expert_wires+checkpoint,1,1,1
model.language_model.layers.45.mlp.experts.38.up_proj,routed,TESSERA_E4M3_K1_R896,r896,1,1,0.002883495530113578,8.632721522469423e-07,3691257,3691257,46a9a5545b55d230dc2a0508c9fbc3b2cbadd4587c15f709f7b2236d5fb4e789,expert_wires+checkpoint,1,1,1
model.language_model.layers.45.mlp.experts.39.down_proj,routed,TESSERA_BF16_K1_R896,r896,0,0,0.0006019212887622416,2.6870139148899946e-07,3711694,3711694,bddfe439d56322f158403a063fd717f04e24ed2bfa8a5e562e0866f25fd905e4,expert_wires+checkpoint,1,1,1
model.language_model.layers.45.mlp.experts.39.down_proj,routed,TESSERA_E4M3_K1_R896,r896,1,1,0.000689441105350852,1.8264387317066686e-07,3695306,3695306,7e252ac53bedc5aa62c594a1a47ed2f191ae675cb7a0f0cbe536c5d63f091705,expert_wires+checkpoint,1,1,1
model.language_model.layers.45.mlp.experts.39.gate_proj,routed,TESSERA_BF16_K1_R896,r896,0,0,0.0009178565815091133,3.258567260606049e-08,3707645,3707645,d2ac37a41eb0ca913ec75d8a50cfb8ecdae61416a229ae0eaa394321411164fa,expert_wires+checkpoint,1,1,1
model.language_model.layers.45.mlp.experts.39.gate_proj,routed,TESSERA_E4M3_K1_R896,r896,1,1,0.001179372426122427,1.6389896172622958e-07,3691257,3691257,c659829d45e06088e60c3cd7cd47f32a72f3e82d93cb3528e0e2f1530f81355a,expert_wires+checkpoint,1,1,1
model.language_model.layers.45.mlp.experts.39.up_proj,routed,TESSERA_BF16_K1_R896,r896,0,0,0.0010518789058551192,1.3936146733930613e-07,3707645,3707645,85e467c1e520a222daff30ed3611179a468a808e30daad94a3e49b10eef372c5,expert_wires+checkpoint,1,1,1
model.language_model.layers.45.mlp.experts.39.up_proj,routed,TESSERA_E4M3_K1_R896,r896,1,1,0.0013465466909110546,1.8633758224173966e-07,3691257,3691257,45d84ffee2c6354a1d59507d092af1316882ff9e04ac42580ed860f3703127b6,expert_wires+checkpoint,1,1,1
model.language_model.layers.45.mlp.experts.4.down_proj,routed,TESSERA_BF16_K1_R896,r896,0,0,0.0007296112016774714,1.4651116670164848e-06,3711694,3711694,c53cc70e0b298703770a5d12ae375336858fd1a5756d08927ff56e76b78d6c21,expert_wires+checkpoint,1,1,1
model.language_model.layers.45.mlp.experts.4.down_proj,routed,TESSERA_E4M3_K1_R896,r896,1,1,0.0008487680461257696,1.5868487558853389e-06,3695306,3695306,ac76cb4c8bccaf2a6cfe29ec388d6c0387e298379737629f977949fc1e0db64b,expert_wires+checkpoint,1,1,1
model.language_model.layers.45.mlp.experts.4.gate_proj,routed,TESSERA_BF16_K1_R896,r896,0,0,0.0011283495696261525,2.39535563640558e-07,3707645,3707645,21693e1ffd9e6133dd65492f2acd55bafae052f0bf478beaf57f8f68f9ddd55a,expert_wires+checkpoint,1,1,1
model.language_model.layers.45.mlp.experts.4.gate_proj,routed,TESSERA_E4M3_K1_R896,r896,1,1,0.0014441132079809904,4.5452480974522377e-07,3691257,3691257,9f4f3a718bcec3d227d92035b5d02a081ba5595e40811b082fa7ee8ead4e727a,expert_wires+checkpoint,1,1,1
model.language_model.layers.45.mlp.experts.4.up_proj,routed,TESSERA_BF16_K1_R896,r896,0,0,0.001257085707038641,2.424411851799992e-08,3707645,3707645,d095cc003c404b39e0579b5bfe1751f8940de57d5c62f42f761b00ea71d8cbb7,expert_wires+checkpoint,1,1,1
model.language_model.layers.45.mlp.experts.4.up_proj,routed,TESSERA_E4M3_K1_R896,r896,1,1,0.0015999816823750734,8.969956523902839e-07,3691257,3691257,4c7b127c478e6352b986515a92623cf33c6f7abf88728d9a3b2b1012f36a20cc,expert_wires+checkpoint,1,1,1
model.language_model.layers.45.mlp.experts.40.down_proj,routed,TESSERA_BF16_K1_R896,r896,0,0,0.00024722865782678127,8.637868590226744e-08,3711694,3711694,5ab01946492b17ad5e7db49db0fe2577185cec3bdf90de8e6cbf08e1d2357c1b,expert_wires+checkpoint,1,1,1
model.language_model.layers.45.mlp.experts.40.down_proj,routed,TESSERA_E4M3_K1_R896,r896,1,1,0.0002730721025727689,6.045956682488673e-07,3695306,3695306,6084e0d503a533d519b2ac053f0908238ca1b842cae77485a19cf991a17985dd,expert_wires+checkpoint,1,1,1
model.language_model.layers.45.mlp.experts.40.gate_proj,routed,TESSERA_BF16_K1_R896,r896,0,0,0.0014272475382313132,6.277486352629375e-07,3707645,3707645,55385aeef0620b67c11b079f182cd7270daa0f16787e4bd5fffab8ccef03812f,expert_wires+checkpoint,1,1,1
model.language_model.layers.45.mlp.experts.40.gate_proj,routed,TESSERA_E4M3_K1_R896,r896,1,1,0.0017045950517058372,7.068267818331321e-08,3691257,3691257,24c63d662eaa8a9312d930d48ec2401ef6c6ab399679c6388b19472d6deb73b7,expert_wires+checkpoint,1,1,1
model.language_model.layers.45.mlp.experts.40.up_proj,routed,TESSERA_BF16_K1_R896,r896,0,0,0.0016935215098783374,2.9806697670710036e-07,3707645,3707645,d88e820396e44921306d9011249104a7a0b2a4b273326daedea824752d2a7d13,expert_wires+checkpoint,1,1,1
model.language_model.layers.45.mlp.experts.40.up_proj,routed,TESSERA_E4M3_K1_R896,r896,1,1,0.0020118686370551586,1.8167728184253092e-07,3691257,3691257,f32bc29d78559f17e0e8156c3251b02ceb6847ebdae4853fbb8cb6424ee94b4e,expert_wires+checkpoint,1,1,1
model.language_model.layers.45.mlp.experts.41.down_proj,routed,TESSERA_BF16_K1_R896,r896,0,0,0.00026978066307492554,1.3010128107780205e-06,3711694,3711694,0912dcccb68788c0099ff4c7bdca25a980d6d4f70f201620a0c4581bd9051002,expert_wires+checkpoint,1,1,1
model.language_model.layers.45.mlp.experts.41.down_proj,routed,TESSERA_E4M3_K1_R896,r896,1,1,0.0002922198618762195,2.6652469741951867e-06,3695306,3695306,1e27ef269b189e60dc86f530a7926faf621787b775455a00b48c103381024090,expert_wires+checkpoint,1,1,1
model.language_model.layers.45.mlp.experts.41.gate_proj,routed,TESSERA_BF16_K1_R896,r896,0,0,0.00217208219692111,1.1706396321491443e-06,3707645,3707645,ef8e4f1c62ef60723caa866a3196866dd70ab881345cdaa044fde21d85992bfa,expert_wires+checkpoint,1,1,1
model.language_model.layers.45.mlp.experts.41.gate_proj,routed,TESSERA_E4M3_K1_R896,r896,1,1,0.002478610025718808,4.7626123860387064e-07,3691257,3691257,03324d708bbd6af5bbe90c2ea1192e2c19f53f326f3ac336e6aea257a071ba13,expert_wires+checkpoint,1,1,1
model.language_model.layers.45.mlp.experts.41.up_proj,routed,TESSERA_BF16_K1_R896,r896,0,0,0.002406567567959428,3.6053372532388366e-06,3707645,3707645,55bbf154560ccc2b3ab208d8d54c34f7babbb47078f64ff92777ca37d7f754bf,expert_wires+checkpoint,1,1,1
model.language_model.layers.45.mlp.experts.41.up_proj,routed,TESSERA_E4M3_K1_R896,r896,1,1,0.002750350860878825,1.0483311927278686e-06,3691257,3691257,8329983c4a061dabf4a3157655c269b239ee3d52b6b9c1523e1dfad616475a25,expert_wires+checkpoint,1,1,1
model.language_model.layers.45.mlp.experts.42.down_proj,routed,TESSERA_BF16_K1_R896,r896,0,0,0.0004481187497731298,3.1766064715820383e-06,3711694,3711694,fe0799390e11674857547892501099a8977f228c949b576908114ca5469083a4,expert_wires+checkpoint,1,1,1
model.language_model.layers.45.mlp.experts.42.down_proj,routed,TESSERA_E4M3_K1_R896,r896,1,1,0.0005010135937482119,2.043869683767147e-06,3695306,3695306,8a8ac5b60045e79ce5d9460fbf05bb2ff52615f204951c8de44635da45ee062b,expert_wires+checkpoint,1,1,1
model.language_model.layers.45.mlp.experts.42.gate_proj,routed,TESSERA_BF16_K1_R896,r896,0,0,0.0014773227740079165,2.543627487976594e-07,3707645,3707645,a1bb4cb79efe4ee3eae928f99717f45a33f4e1eeab1f87800313def969047338,expert_wires+checkpoint,1,1,1
model.language_model.layers.45.mlp.experts.42.gate_proj,routed,TESSERA_E4M3_K1_R896,r896,1,1,0.001745646819472313,1.6911740591495716e-06,3691257,3691257,1aa4e9584c8d974e1251eb17d072f34eb19386379228f98136132f085b0e9f51,expert_wires+checkpoint,1,1,1
model.language_model.layers.45.mlp.experts.42.up_proj,routed,TESSERA_BF16_K1_R896,r896,0,0,0.0015352300833910704,3.1454630654592227e-06,3707645,3707645,e01e881282c2b7feab70cdd9ba2bd4b0d0e48d2f6a17ff25bdf75b821953d585,expert_wires+checkpoint,1,1,1
model.language_model.layers.45.mlp.experts.42.up_proj,routed,TESSERA_E4M3_K1_R896,r896,1,1,0.001811022637411952,1.137626270942294e-06,3691257,3691257,8ec664d0d0fd0567eae4ad632be9a2aaaf5b27b7285058cc6e4497249d5cec0c,expert_wires+checkpoint,1,1,1
model.language_model.layers.45.mlp.experts.43.down_proj,routed,TESSERA_BF16_K1_R896,r896,0,0,0.0006311767501756549,8.3508597346858e-06,3711694,3711694,559a7235afbec55e02f2d8d79151526fc05d73b4389a48aa805755ceec9e75e6,expert_wires+checkpoint,1,1,1
model.language_model.layers.45.mlp.experts.43.down_proj,routed,TESSERA_E4M3_K1_R896,r896,1,1,0.0006970941904000938,2.0681627687215636e-06,3695306,3695306,f9eb7b5f05ba4e842c2bfa6d6b7c7431dd20ea1f4d018c093951995c330ea0f5,expert_wires+checkpoint,1,1,1
model.language_model.layers.45.mlp.experts.43.gate_proj,routed,TESSERA_BF16_K1_R896,r896,0,0,0.0024460661225020885,8.143406441458773e-07,3707645,3707645,85771c19d2405c5afa87cfd31a8e1e8b97be0713eab5c820035fadb93bbc3fb6,expert_wires+checkpoint,1,1,1
model.language_model.layers.45.mlp.experts.43.gate_proj,routed,TESSERA_E4M3_K1_R896,r896,1,1,0.002789369085803628,1.551278742826143e-06,3691257,3691257,e672f092692dcb3798ee272b40fcb938fc9e9e88ed3be5102e5778fa36e1c8f1,expert_wires+checkpoint,1,1,1
model.language_model.layers.45.mlp.experts.43.up_proj,routed,TESSERA_BF16_K1_R896,r896,0,0,0.002581014297902584,1.8814999088213625e-06,3707645,3707645,321060a9590a599e6f6d2c778089dc3516be8577a24b6d51f7e62e51b85a0513,expert_wires+checkpoint,1,1,1
model.language_model.layers.45.mlp.experts.43.up_proj,routed,TESSERA_E4M3_K1_R896,r896,1,1,0.002941638696938753,8.780653182375646e-08,3691257,3691257,c45b25e758f8961337a638fd211d80e31b8993b1bed300f0cf82ef0eb4a5b7f9,expert_wires+checkpoint,1,1,1
model.language_model.layers.45.mlp.experts.44.down_proj,routed,TESSERA_BF16_K1_R896,r896,0,0,0.0007102761883288622,1.1441505679727893e-06,3711694,3711694,5a48172dab179795a4261b1191a4819784a40aa082d70479ff59f73203268828,expert_wires+checkpoint,1,1,1
model.language_model.layers.45.mlp.experts.44.down_proj,routed,TESSERA_E4M3_K1_R896,r896,1,1,0.0007917660404928029,3.3939223583068e-06,3695306,3695306,056b6bb935a2e20169c0ee5283075b752e2c03d6edecb3a3bb3b9037c4207397,expert_wires+checkpoint,1,1,1
model.language_model.layers.45.mlp.experts.44.gate_proj,routed,TESSERA_BF16_K1_R896,r896,0,0,0.001647107070311904,4.3893557115254016e-07,3707645,3707645,2c19a34bbaa292bb08ea4b9e6201813271cc78deca7e12b383cf308dfd79e3c2,expert_wires+checkpoint,1,1,1
model.language_model.layers.45.mlp.experts.44.gate_proj,routed,TESSERA_E4M3_K1_R896,r896,1,1,0.0019577653147280216,3.226162670922062e-07,3691257,3691257,099f83e74fd0e7c9725cbf308dda43beef3bfdaf6bdf7a2d13124478386951f7,expert_wires+checkpoint,1,1,1
model.language_model.layers.45.mlp.experts.44.up_proj,routed,TESSERA_BF16_K1_R896,r896,0,0,0.0017473360057920218,1.2557409025374856e-07,3707645,3707645,87ad5aeef327c8278e196fd643277379cee62e3e2de63a323ea90fd00b6b0f03,expert_wires+checkpoint,1,1,1
model.language_model.layers.45.mlp.experts.44.up_proj,routed,TESSERA_E4M3_K1_R896,r896,1,1,0.002061136532574892,5.454434319431211e-07,3691257,3691257,6f3a27b3283cba73969a333e99401b90e00384837b24144979035c62d95b8bd0,expert_wires+checkpoint,1,1,1
model.language_model.layers.45.mlp.experts.45.down_proj,routed,TESSERA_BF16_K1_R896,r896,0,0,0.00021123824990354478,4.900396984689643e-07,3711694,3711694,1583b8875882467377f470d73cc723a79ba0f4edf5725067d144ca459799e52c,expert_wires+checkpoint,1,1,1
model.language_model.layers.45.mlp.experts.45.down_proj,routed,TESSERA_E4M3_K1_R896,r896,1,1,0.00023555500956717879,1.3149869751891164e-07,3695306,3695306,ff7f5bd835b91c29c1f142a53682d5166375449bf8b357fe8e7c6cd65c6608c7,expert_wires+checkpoint,1,1,1
model.language_model.layers.45.mlp.experts.45.gate_proj,routed,TESSERA_BF16_K1_R896,r896,0,0,0.0016844919882714748,1.9124491889798596e-07,3707645,3707645,0d9b148bdf26838aa52b05db7ccefcc6e6d99603a4b48428ab4843db5b56a11f,expert_wires+checkpoint,1,1,1
model.language_model.layers.45.mlp.experts.45.gate_proj,routed,TESSERA_E4M3_K1_R896,r896,1,1,0.0019792658276855946,3.205087861388446e-08,3691257,3691257,8716dd29a9cd722ee409a71d124f0f2a21cf485443980bee63df01ea6bf4722b,expert_wires+checkpoint,1,1,1
model.language_model.layers.45.mlp.experts.45.up_proj,routed,TESSERA_BF16_K1_R896,r896,0,0,0.0019811950623989105,9.071380128419302e-08,3707645,3707645,845815f29e5048346f0666b833a2b45365efdb7bdbf77de6d9598bce3d91feba,expert_wires+checkpoint,1,1,1
model.language_model.layers.45.mlp.experts.45.up_proj,routed,TESSERA_E4M3_K1_R896,r896,1,1,0.00232788291759789,1.3010232295787855e-07,3691257,3691257,fcb8701aa740c5719de3eb9447d8247b564b14a70cd38d17e0007365a27b1b4c,expert_wires+checkpoint,1,1,1
model.language_model.layers.45.mlp.experts.46.down_proj,routed,TESSERA_BF16_K1_R896,r896,0,0,0.0005755220190621912,1.422147837558902e-06,3711694,3711694,d74899cde89ae8745a8514c0403aef349ee56b8b4e31ef178ae119aa5cbcd34d,expert_wires+checkpoint,1,1,1
model.language_model.layers.45.mlp.experts.46.down_proj,routed,TESSERA_E4M3_K1_R896,r896,1,1,0.000648629677016288,1.963670493515383e-06,3695306,3695306,4e835eca230002389045aa7d523fd36a613504fae10f2f97f07fc94f2379d7a4,expert_wires+checkpoint,1,1,1
model.language_model.layers.45.mlp.experts.46.gate_proj,routed,TESSERA_BF16_K1_R896,r896,0,0,0.0015637861797586083,1.2477167499487083e-06,3707645,3707645,6eccb389f59bf55be1058378718afb75cded73fd5ed6da8297759fd1550c144a,expert_wires+checkpoint,1,1,1
model.language_model.layers.45.mlp.experts.46.gate_proj,routed,TESSERA_E4M3_K1_R896,r896,1,1,0.0019109705463051796,4.604978322227024e-07,3691257,3691257,4a1f702bbcb78f8c2531fd8c62107d7d040fdd8b241ba31ad645b614ec2b1035,expert_wires+checkpoint,1,1,1
model.language_model.layers.45.mlp.experts.46.up_proj,routed,TESSERA_BF16_K1_R896,r896,0,0,0.0014827738050371408,2.5221712292266803e-06,3707645,3707645,4cf73db946acef13393020766af038faa90bb10b36b1913fe94e09153455b9ea,expert_wires+checkpoint,1,1,1
model.language_model.layers.45.mlp.experts.46.up_proj,routed,TESSERA_E4M3_K1_R896,r896,1,1,0.0017951822374016047,1.2407783607297639e-06,3691257,3691257,7b9412d98d39e55112ccdb7908f08b6c71c31ebe923412f5b3fa020171d70104,expert_wires+checkpoint,1,1,1
model.language_model.layers.45.mlp.experts.47.down_proj,routed,TESSERA_BF16_K1_R896,r896,0,0,0.0004760399169754237,4.983407173594606e-07,3711694,3711694,cdc4b4399d815e63569e8bff29f6e0b954a6045c78e879b50db2da6af54e76fd,expert_wires+checkpoint,1,1,1
model.language_model.layers.45.mlp.experts.47.down_proj,routed,TESSERA_E4M3_K1_R896,r896,1,1,0.0005199346342124045,2.0000489049317967e-06,3695306,3695306,30dc8753f8c713824f9ad0fbdeb13b69b60dbc2abf0aabe08c765af1fe91b063,expert_wires+checkpoint,1,1,1
model.language_model.layers.45.mlp.experts.47.gate_proj,routed,TESSERA_BF16_K1_R896,r896,0,0,0.002016879850998521,6.472370585744233e-07,3707645,3707645,b2ce37d8d199141eeb522073d84d52da683d81d42265c55fb193f5a3814cd13e,expert_wires+checkpoint,1,1,1
model.language_model.layers.45.mlp.experts.47.gate_proj,routed,TESSERA_E4M3_K1_R896,r896,1,1,0.002373713068664074,1.174688136635074e-06,3691257,3691257,d839099f6df6742b1410fc3cbe06b0f9078af7ac6921748ff8a499831d6c7956,expert_wires+checkpoint,1,1,1
model.language_model.layers.45.mlp.experts.47.up_proj,routed,TESSERA_BF16_K1_R896,r896,0,0,0.002164863282814622,4.800385743311408e-07,3707645,3707645,b9999de6383f503f0250d52ef16a48444afff6fbb298697a7f98b30f95de7275,expert_wires+checkpoint,1,1,1
model.language_model.layers.45.mlp.experts.47.up_proj,routed,TESSERA_E4M3_K1_R896,r896,1,1,0.0025425360072404146,3.068394771021705e-07,3691257,3691257,c8c04911f1ae21c021af107c5dc0ad3347f0ed47573d5d0dba5f7a325fcf62f4,expert_wires+checkpoint,1,1,1
model.language_model.layers.45.mlp.experts.48.down_proj,routed,TESSERA_BF16_K1_R896,r896,0,0,0.0006613484583795071,7.1978811010021355e-06,3711694,3711694,a7f8b2352126dde94c5f3befbb1452b88838495a583c95bd0daad3766d31f6d6,expert_wires+checkpoint,1,1,1
model.language_model.layers.45.mlp.experts.48.down_proj,routed,TESSERA_E4M3_K1_R896,r896,1,1,0.0007343970937654376,2.7932850491199232e-06,3695306,3695306,83b19c74dfd0519148d5cd9f7f0959b3340010b849f5ce3ba8f4cd18add04b6f,expert_wires+checkpoint,1,1,1
model.language_model.layers.45.mlp.experts.48.gate_proj,routed,TESSERA_BF16_K1_R896,r896,0,0,0.0016685198061168194,1.6965313047452355e-06,3707645,3707645,33e797844a2dece7f104b186af72e0ec9e5c291d8d0b6c0eb185974af9677a42,expert_wires+checkpoint,1,1,1
model.language_model.layers.45.mlp.experts.48.gate_proj,routed,TESSERA_E4M3_K1_R896,r896,1,1,0.001966157229617238,1.0012380756715385e-06,3691257,3691257,4c3f016209f53bb9318280d95a20a394ff640d883cee57da2848808022000254,expert_wires+checkpoint,1,1,1
model.language_model.layers.45.mlp.experts.48.up_proj,routed,TESSERA_BF16_K1_R896,r896,0,0,0.0018831022316589952,2.97322224082675e-06,3707645,3707645,868d960916458e90e1f5f4690d6863e3d38684b4552517c65b835134cc83c070,expert_wires+checkpoint,1,1,1
model.language_model.layers.45.mlp.experts.48.up_proj,routed,TESSERA_E4M3_K1_R896,r896,1,1,0.0022121479269117117,1.1216633200529507e-06,3691257,3691257,dc3956d12cdfdc90b2c2d5c8a4ea74e69885441a8e4eebb0214f544f2be66048,expert_wires+checkpoint,1,1,1
model.language_model.layers.45.mlp.experts.49.down_proj,routed,TESSERA_BF16_K1_R896,r896,0,0,0.0007153881597332656,2.7166718168312383e-06,3711694,3711694,97ea8c77350158c0dcab29f97f68d93f8cc4bff1177028b9435b781e1785b73d,expert_wires+checkpoint,1,1,1
model.language_model.layers.45.mlp.experts.49.down_proj,routed,TESSERA_E4M3_K1_R896,r896,1,1,0.0007683729054406285,9.998157766445714e-06,3695306,3695306,16110835dcd6a836f469797fb81941a4fc36b803dd676ee4c8b04e75d2454633,expert_wires+checkpoint,1,1,1
model.language_model.layers.45.mlp.experts.49.gate_proj,routed,TESSERA_BF16_K1_R896,r896,0,0,0.0023941933177411556,1.5697650412921234e-06,3707645,3707645,634f761da9dfa16d96f28c6441d21975afc934474473bacaed25b16e02cd2d66,expert_wires+checkpoint,1,1,1
model.language_model.layers.45.mlp.experts.49.gate_proj,routed,TESSERA_E4M3_K1_R896,r896,1,1,0.002759126015007496,1.4792541757928223e-06,3691257,3691257,2392aa619cc7a477a9d42db6bfbd625c23037ebac02b740a19a2a18ca492ca02,expert_wires+checkpoint,1,1,1
model.language_model.layers.45.mlp.experts.49.up_proj,routed,TESSERA_BF16_K1_R896,r896,0,0,0.002595184836536646,2.828582578044013e-06,3707645,3707645,89abe9d8aa81dcf88bfd72b41975814732eb2706fa5aac5db2a40661b0ace6d5,expert_wires+checkpoint,1,1,1
model.language_model.layers.45.mlp.experts.49.up_proj,routed,TESSERA_E4M3_K1_R896,r896,1,1,0.0029865228570997715,5.302502042598667e-07,3691257,3691257,a05f2c6ecefe16e0f6e0a9301f19461dc8d026c2120cef7c3e98baa6bda4943e,expert_wires+checkpoint,1,1,1
model.language_model.layers.45.mlp.experts.5.down_proj,routed,TESSERA_BF16_K1_R896,r896,0,0,0.000573782657738775,1.6913743778943644e-06,3711694,3711694,820bddadbdadf8cd37a092930c06429359280c55b5bf5ec89835bed087381949,expert_wires+checkpoint,1,1,1
model.language_model.layers.45.mlp.experts.5.down_proj,routed,TESSERA_E4M3_K1_R896,r896,1,1,0.0006201806245371699,4.293311678017674e-07,3695306,3695306,4fbdeb3365787dfaace3ab80b9680b2f474a3ebb02917c74e0f786d709325897,expert_wires+checkpoint,1,1,1
model.language_model.layers.45.mlp.experts.5.gate_proj,routed,TESSERA_BF16_K1_R896,r896,0,0,0.0021804627031087875,4.0917021638544975e-07,3707645,3707645,c25ae1a2130ddca8d7e6bc089f3a50e6684745575ca9c75b5cbdb9a25eb0f26e,expert_wires+checkpoint,1,1,1
model.language_model.layers.45.mlp.experts.5.gate_proj,routed,TESSERA_E4M3_K1_R896,r896,1,1,0.002524073701351881,1.0441165905366624e-06,3691257,3691257,ccc9d48a39dc7050cf57c7eccefa22f3b6338d55938e74d53c5313d901dcc63b,expert_wires+checkpoint,1,1,1
model.language_model.layers.45.mlp.experts.5.up_proj,routed,TESSERA_BF16_K1_R896,r896,0,0,0.00255374307744205,6.4219055098914e-07,3707645,3707645,00ba2b2d033c14829aabac04bf9bc522b85395737e0fe96ee8fd4adc5413a696,expert_wires+checkpoint,1,1,1
model.language_model.layers.45.mlp.experts.5.up_proj,routed,TESSERA_E4M3_K1_R896,r896,1,1,0.002953978953883052,1.2360759623061518e-06,3691257,3691257,8a139c3f16a59440d781cbf3c0f7a883c8ecf6b63161a0624fff61d40209fb3f,expert_wires+checkpoint,1,1,1
model.language_model.layers.45.mlp.experts.50.down_proj,routed,TESSERA_BF16_K1_R896,r896,0,0,0.0003653175663203001,2.0973052325254272e-07,3711694,3711694,a45072274f83030a2e57323682cc7707cead450d6f97de84ca6c61bc475d892a,expert_wires+checkpoint,1,1,1
model.language_model.layers.45.mlp.experts.50.down_proj,routed,TESSERA_E4M3_K1_R896,r896,1,1,0.00042726407991722226,2.3492712673232478e-07,3695306,3695306,4ca629efeb3dd8f4ae80861d97b7ee2f9a0adffee00ce3ada67321d1a8901b07,expert_wires+checkpoint,1,1,1
model.language_model.layers.45.mlp.experts.50.gate_proj,routed,TESSERA_BF16_K1_R896,r896,0,0,0.0009635410970076919,1.659603051982473e-08,3707645,3707645,893ed83cbf7fb4b0b2b52926e7d71c3e8de13a22365b1d81bd0fd8a4dae161f7,expert_wires+checkpoint,1,1,1
model.language_model.layers.45.mlp.experts.50.gate_proj,routed,TESSERA_E4M3_K1_R896,r896,1,1,0.0012655049795284867,1.1677906295928642e-07,3691257,3691257,0d8c9f8dd13cf44c209f01f78030e3e3509b69e872bc43c477ecda617228c6af,expert_wires+checkpoint,1,1,1
model.language_model.layers.45.mlp.experts.50.up_proj,routed,TESSERA_BF16_K1_R896,r896,0,0,0.001093254890292883,4.077368362696207e-08,3707645,3707645,1a363b493bb7d0dd8649923ac2f5ac173b7c85b5eedcf67d120e08a20a69bd0c,expert_wires+checkpoint,1,1,1
model.language_model.layers.45.mlp.experts.50.up_proj,routed,TESSERA_E4M3_K1_R896,r896,1,1,0.0014280310133472085,1.5046143337099894e-07,3691257,3691257,de695d20addfaa15146af878b1d4d4dd5f51b44f6608743f6c345ec89f7d2040,expert_wires+checkpoint,1,1,1
model.language_model.layers.45.mlp.experts.51.down_proj,routed,TESSERA_BF16_K1_R896,r896,0,0,0.0006318131345324218,1.0143304788036898e-06,3711694,3711694,582a2199c25c0694c9f096ba76e910cf076e48fa705f1b293c9b0dd897b95f56,expert_wires+checkpoint,1,1,1
model.language_model.layers.45.mlp.experts.51.down_proj,routed,TESSERA_E4M3_K1_R896,r896,1,1,0.0006882068701088428,3.4423359088354594e-06,3695306,3695306,00479afddeb2dddd563eeec48eae612129d0c4b136f9d24935f73f14980ddc85,expert_wires+checkpoint,1,1,1
model.language_model.layers.45.mlp.experts.51.gate_proj,routed,TESSERA_BF16_K1_R896,r896,0,0,0.002196496119722724,3.402715810312776e-07,3707645,3707645,168886b2f259de9c4552c32a44dbed486cc6fc5b7e5a80aee7dae300387f7e4f,expert_wires+checkpoint,1,1,1
model.language_model.layers.45.mlp.experts.51.gate_proj,routed,TESSERA_E4M3_K1_R896,r896,1,1,0.0025413858238607645,8.443550950331817e-07,3691257,3691257,6e96ae87f55b1fa98180a8c32cf05a66e3ed1d04ed2aac0cc7b809b2c95d4249,expert_wires+checkpoint,1,1,1
model.language_model.layers.45.mlp.experts.51.up_proj,routed,TESSERA_BF16_K1_R896,r896,0,0,0.0024672653526067734,1.0928752464261024e-06,3707645,3707645,83a34ae69f8c6ddb0337e8e45b7e01a737a4c6fbe7411eb1e0e700b1dfc4e5aa,expert_wires+checkpoint,1,1,1
model.language_model.layers.45.mlp.experts.51.up_proj,routed,TESSERA_E4M3_K1_R896,r896,1,1,0.0028430502861738205,1.2662100968993157e-06,3691257,3691257,6bed67a4e7af2fd84e3691ee799e645ca3f13f80f9ae1575fa199ec66135fe0c,expert_wires+checkpoint,1,1,1
model.language_model.layers.45.mlp.experts.52.down_proj,routed,TESSERA_BF16_K1_R896,r896,0,0,0.0006354848155751824,2.852182124356781e-07,3711694,3711694,35f9545c6faa7b54223579c09a7feb49b686e47df13f7d8c886511c503ef79b6,expert_wires+checkpoint,1,1,1
model.language_model.layers.45.mlp.experts.52.down_proj,routed,TESSERA_E4M3_K1_R896,r896,1,1,0.000738755683414638,2.3738278429793022e-07,3695306,3695306,e911dee29ced0a5b39aa9bf8873e4c799fa34b9b12b32ccd6ff3d738bde28a57,expert_wires+checkpoint,1,1,1
model.language_model.layers.45.mlp.experts.52.gate_proj,routed,TESSERA_BF16_K1_R896,r896,0,0,0.0012539360905066133,1.454380092839221e-07,3707645,3707645,f0185befa41117515fba501547a35a4c72876a349acf639429495ef660d150ac,expert_wires+checkpoint,1,1,1
model.language_model.layers.45.mlp.experts.52.gate_proj,routed,TESSERA_E4M3_K1_R896,r896,1,1,0.0016523555386811495,1.5969931368917716e-07,3691257,3691257,8518a7755ed6e7790d8f6ba0dd066d3073804a5f13c099556f4880ec84323f23,expert_wires+checkpoint,1,1,1
model.language_model.layers.45.mlp.experts.52.up_proj,routed,TESSERA_BF16_K1_R896,r896,0,0,0.001241070101968944,1.0552192282509669e-07,3707645,3707645,334ec5e868d8420b5add8b05c9f4d5b33ab0fc21476498c68a8bb2eaa548d864,expert_wires+checkpoint,1,1,1
model.language_model.layers.45.mlp.experts.52.up_proj,routed,TESSERA_E4M3_K1_R896,r896,1,1,0.0016206384170800447,1.1454805529266912e-07,3691257,3691257,a97e7567d973fc9e6b960331277e8391124d84efa6baeb8ece20e10f5f23a8ff,expert_wires+checkpoint,1,1,1
model.language_model.layers.45.mlp.experts.53.down_proj,routed,TESSERA_BF16_K1_R896,r896,0,0,0.0006028133211657405,8.65933755258918e-07,3711694,3711694,363dda25219e4965c437873abfbdf979fa1494261af2a5c2a3164463bb98d4e9,expert_wires+checkpoint,1,1,1
model.language_model.layers.45.mlp.experts.53.down_proj,routed,TESSERA_E4M3_K1_R896,r896,1,1,0.0006822195136919618,8.289443740468509e-07,3695306,3695306,a2918d70ae18072ea869b895b937d63891b31cea8016652d7eceb652c7f27eda,expert_wires+checkpoint,1,1,1
model.language_model.layers.45.mlp.experts.53.gate_proj,routed,TESSERA_BF16_K1_R896,r896,0,0,0.0013361487071961164,2.602870632510551e-07,3707645,3707645,6ea9228447c716335776bd2d6e026e9615d82e03364dbfa0ea71125d08845139,expert_wires+checkpoint,1,1,1
model.language_model.layers.45.mlp.experts.53.gate_proj,routed,TESSERA_E4M3_K1_R896,r896,1,1,0.0016205215360969305,8.878374735723844e-07,3691257,3691257,8eb0a5858a937e4a37526139b48ce6ba84d6ab5c53037fa13b6cd45d063a80b5,expert_wires+checkpoint,1,1,1
model.language_model.layers.45.mlp.experts.53.up_proj,routed,TESSERA_BF16_K1_R896,r896,0,0,0.0014589743223041296,1.009934085968423e-06,3707645,3707645,66c06ccf91fa5e3561b25bd6da780ebdbf53c9546fc481a7dd24f7950209b2b7,expert_wires+checkpoint,1,1,1
model.language_model.layers.45.mlp.experts.53.up_proj,routed,TESSERA_E4M3_K1_R896,r896,1,1,0.0017773144645616412,2.78732310519968e-07,3691257,3691257,1cffa9754e8f61be26a1065d5901501002279c39a3ff9976e9c13ca04aa67fd6,expert_wires+checkpoint,1,1,1
model.language_model.layers.45.mlp.experts.54.down_proj,routed,TESSERA_BF16_K1_R896,r896,0,0,0.00027041888097301126,1.8545441117540722e-06,3711694,3711694,322dbf5da70fed34b5c70469b45781e3dabf9983b6982120f7124bb6076292bb,expert_wires+checkpoint,1,1,1
model.language_model.layers.45.mlp.experts.54.down_proj,routed,TESSERA_E4M3_K1_R896,r896,1,1,0.00029890023870393634,1.3248738086846352e-06,3695306,3695306,45b1448d82954d13e93f39cf0779c89bbb42dcc55a3d9606941094410cdb67e9,expert_wires+checkpoint,1,1,1
model.language_model.layers.45.mlp.experts.54.gate_proj,routed,TESSERA_BF16_K1_R896,r896,0,0,0.001999711850658059,2.4829783507384613e-07,3707645,3707645,1d896ddf8626387cd1e8a3cc59d5a5fcab9dd599d1271656518f5b199b0a732c,expert_wires+checkpoint,1,1,1
model.language_model.layers.45.mlp.experts.54.gate_proj,routed,TESSERA_E4M3_K1_R896,r896,1,1,0.0023126001469790936,1.4004158095123834e-07,3691257,3691257,1501409984b314f4833bd4c1b572a4b9d80fdb324588168d5541a4b137ed62dc,expert_wires+checkpoint,1,1,1
model.language_model.layers.45.mlp.experts.54.up_proj,routed,TESSERA_BF16_K1_R896,r896,0,0,0.002290689619258046,9.520311258567693e-07,3707645,3707645,58356238616b9345eaf2746cfd63294c0479bcdcd63e815dc48255ea1681013f,expert_wires+checkpoint,1,1,1
model.language_model.layers.45.mlp.experts.54.up_proj,routed,TESSERA_E4M3_K1_R896,r896,1,1,0.002646834123879671,2.0488515163896115e-07,3691257,3691257,d05a8c071a883973a0844370c06d991766551bfc33b47d904f35b41262792ca3,expert_wires+checkpoint,1,1,1
model.language_model.layers.45.mlp.experts.55.down_proj,routed,TESSERA_BF16_K1_R896,r896,0,0,0.0006357547827064991,7.57418949561319e-06,3711694,3711694,5076e707518784102c72b5937b36918e30f8cbd0625922a6914b1e8100d5b8ae,expert_wires+checkpoint,1,1,1
model.language_model.layers.45.mlp.experts.55.down_proj,routed,TESSERA_E4M3_K1_R896,r896,1,1,0.0007211692864075303,6.587167865007973e-06,3695306,3695306,b67f74c7e721b2a90173eb9002bca3d1b8c8a7212c154436cffcdd5077c987dc,expert_wires+checkpoint,1,1,1
model.language_model.layers.45.mlp.experts.55.gate_proj,routed,TESSERA_BF16_K1_R896,r896,0,0,0.0014214229304343462,6.348849646018666e-07,3707645,3707645,58263a00f0b9cf15ddb18563f065d46742f03d12c1ba298b0b29040da6e4c956,expert_wires+checkpoint,1,1,1
model.language_model.layers.45.mlp.experts.55.gate_proj,routed,TESSERA_E4M3_K1_R896,r896,1,1,0.0016885735094547272,8.545932840201396e-07,3691257,3691257,4fd65b106735197566746bad2eeac46401c30e0dcdd97aaec958c5faa1573d02,expert_wires+checkpoint,1,1,1
model.language_model.layers.45.mlp.experts.55.up_proj,routed,TESSERA_BF16_K1_R896,r896,0,0,0.0015616094460710883,1.6184479478283228e-06,3707645,3707645,754a64fc8e815a151add1fba42684614d99989800052c1d6bb3ba1fd3741bfbf,expert_wires+checkpoint,1,1,1
model.language_model.layers.45.mlp.experts.55.up_proj,routed,TESSERA_E4M3_K1_R896,r896,1,1,0.0018452794756740332,5.026223444380323e-06,3691257,3691257,01aca499608e3ca4c873f55e5a076e3c64420da90245eaa32374f5164371b88b,expert_wires+checkpoint,1,1,1
model.language_model.layers.45.mlp.experts.56.down_proj,routed,TESSERA_BF16_K1_R896,r896,0,0,0.0012238360941410065,8.013519964266721e-07,3711694,3711694,7f02ef05caec8ae4a3024bc31033d773dc66cb6acaeceb02d525aa66dfd4b288,expert_wires+checkpoint,1,1,1
model.language_model.layers.45.mlp.experts.56.down_proj,routed,TESSERA_E4M3_K1_R896,r896,1,1,0.0013141913805156946,1.0647637819265896e-06,3695306,3695306,4fb276ea6f7064de09a3d7bd6ef6b5316dd65fdcd319b7ee3dc9da3ccd7d9327,expert_wires+checkpoint,1,1,1
model.language_model.layers.45.mlp.experts.56.gate_proj,routed,TESSERA_BF16_K1_R896,r896,0,0,0.0010786110069602728,1.4908519503535829e-06,3707645,3707645,276aa378ea8a57c81ce82e4b10fd5984eab67df67461616454cff2f993234481,expert_wires+checkpoint,1,1,1
model.language_model.layers.45.mlp.experts.56.gate_proj,routed,TESSERA_E4M3_K1_R896,r896,1,1,0.0014275811845436692,2.947243245185618e-07,3691257,3691257,9d133e50383f90438189e40f6e0c44f26c2881744ccc0710be8bf7c3126edf2c,expert_wires+checkpoint,1,1,1
model.language_model.layers.45.mlp.experts.56.up_proj,routed,TESSERA_BF16_K1_R896,r896,0,0,0.001338958041742444,1.2064214597239176e-07,3707645,3707645,586cd623d306569f983f011820db6816b9159b02bea14869370d99aa2c668c42,expert_wires+checkpoint,1,1,1
model.language_model.layers.45.mlp.experts.56.up_proj,routed,TESSERA_E4M3_K1_R896,r896,1,1,0.001715957885608077,4.5707965815791663e-07,3691257,3691257,a06ba326528377540b2b5fc2fb2896e51d1699f6fecc6d5c2dc408651880be94,expert_wires+checkpoint,1,1,1
model.language_model.layers.45.mlp.experts.57.down_proj,routed,TESSERA_BF16_K1_R896,r896,0,0,0.0003192460280843079,2.0645007628345954e-06,3711694,3711694,cd915804907b8604a138df0cb760ef2a525b2bc68f8ce82bb595ee29f5a1cd17,expert_wires+checkpoint,1,1,1
model.language_model.layers.45.mlp.experts.57.down_proj,routed,TESSERA_E4M3_K1_R896,r896,1,1,0.0003487848152872175,1.5138074246976952e-06,3695306,3695306,eca7036cb99ff5c200b5843055cf072b4efbd83746f354f8ca16b0d5592a328f,expert_wires+checkpoint,1,1,1
model.language_model.layers.45.mlp.experts.57.gate_proj,routed,TESSERA_BF16_K1_R896,r896,0,0,0.002304126974195242,1.757085728056702e-06,3707645,3707645,f9c9a13bc84397ffaba4beef19bf8f18a18431c3f5ddb342f920704477acb468,expert_wires+checkpoint,1,1,1
model.language_model.layers.45.mlp.experts.57.gate_proj,routed,TESSERA_E4M3_K1_R896,r896,1,1,0.0026967281010001898,7.166819959198538e-07,3691257,3691257,3a2a68553467e05378764680961e9d74bcc6c579468242da4a9f6386f8848795,expert_wires+checkpoint,1,1,1
model.language_model.layers.45.mlp.experts.57.up_proj,routed,TESSERA_BF16_K1_R896,r896,0,0,0.0025001841131597757,1.670339661130802e-07,3707645,3707645,48e0a70c889ce7096dcfbb9fb63fbe09544af451f9c30433fb184566d196df0a,expert_wires+checkpoint,1,1,1
model.language_model.layers.45.mlp.experts.57.up_proj,routed,TESSERA_E4M3_K1_R896,r896,1,1,0.0029009280260652304,1.6849656654138813e-06,3691257,3691257,72e5801c4120efebf87c0b7a2d92c8115820b4e0b9e9fec7e02a5fbbe9e0c0ef,expert_wires+checkpoint,1,1,1
model.language_model.layers.45.mlp.experts.58.down_proj,routed,TESSERA_BF16_K1_R896,r896,0,0,0.00030911085195839405,1.4779473283829144e-06,3711694,3711694,d4134873731dae809c31ed4a51b69c98ccc58ed18e3c0994d50249096fb5f349,expert_wires+checkpoint,1,1,1
model.language_model.layers.45.mlp.experts.58.down_proj,routed,TESSERA_E4M3_K1_R896,r896,1,1,0.00033679965417832136,9.565570414795351e-08,3695306,3695306,8d9923cf53263cdc077f44dbfde2a951f20fc0c77052c9a6be5e4cd571be9bcb,expert_wires+checkpoint,1,1,1
model.language_model.layers.45.mlp.experts.58.gate_proj,routed,TESSERA_BF16_K1_R896,r896,0,0,0.0018809875473380089,3.1753662975539174e-07,3707645,3707645,856c325f37bd2cc7b05fe8e1333804162392ff07157f021e6d95d8a3d6007d83,expert_wires+checkpoint,1,1,1
model.language_model.layers.45.mlp.experts.58.gate_proj,routed,TESSERA_E4M3_K1_R896,r896,1,1,0.002217603614553809,3.1309959107660986e-07,3691257,3691257,1aea62042dfb38d57b1e76a7b7a1e14d84c15b5432877de7d5cfa38af37102bf,expert_wires+checkpoint,1,1,1
model.language_model.layers.45.mlp.experts.58.up_proj,routed,TESSERA_BF16_K1_R896,r896,0,0,0.00212657218798995,1.0670921476666034e-06,3707645,3707645,68115881517bf18fbf9aa2e5cafdac11b332c3d2ad08ac37bba2add9c840357d,expert_wires+checkpoint,1,1,1
model.language_model.layers.45.mlp.experts.58.up_proj,routed,TESSERA_E4M3_K1_R896,r896,1,1,0.0025034525897353888,4.5678769991587996e-07,3691257,3691257,ac14ba0aa5bf17f64670e26ef3757e9128ac3119f93a29b97117c705000d0b38,expert_wires+checkpoint,1,1,1
model.language_model.layers.45.mlp.experts.59.down_proj,routed,TESSERA_BF16_K1_R896,r896,0,0,0.0008297100430354476,3.494278239562509e-07,3711694,3711694,4cb534f8eed7413d04edcb788e20633dfc8ce9ff0c4251a9dbe951ab0f5289c0,expert_wires+checkpoint,1,1,1
model.language_model.layers.45.mlp.experts.59.down_proj,routed,TESSERA_E4M3_K1_R896,r896,1,1,0.0009620852652005851,1.681332022713469e-07,3695306,3695306,019f452cac84dcb08fac4d97af6ac458503abf9ac7932e58f30e843b5769e86b,expert_wires+checkpoint,1,1,1
model.language_model.layers.45.mlp.experts.59.gate_proj,routed,TESSERA_BF16_K1_R896,r896,0,0,0.0009807314490899444,1.2496349957428767e-08,3707645,3707645,8c2d2dbbb2148c3c44312d3ab41a42b02ad740e2af5bc55ccbab858e276464c1,expert_wires+checkpoint,1,1,1
model.language_model.layers.45.mlp.experts.59.gate_proj,routed,TESSERA_E4M3_K1_R896,r896,1,1,0.001237053656950593,9.313939733740566e-08,3691257,3691257,aee27e2d2593fab654542015371e499799cc678ccf77f56a8ad4816c6ca770c1,expert_wires+checkpoint,1,1,1
model.language_model.layers.45.mlp.experts.59.up_proj,routed,TESSERA_BF16_K1_R896,r896,0,0,0.0011778706684708595,9.150558763705553e-08,3707645,3707645,3ca89fce6c1511ad518406da9bbb9a56cf98cbd22dbe61198c3b94b49915f0af,expert_wires+checkpoint,1,1,1
model.language_model.layers.45.mlp.experts.59.up_proj,routed,TESSERA_E4M3_K1_R896,r896,1,1,0.0014813661109656096,1.0521365687383987e-07,3691257,3691257,3e182e9c8db645b3af60072573591d1bf688237c0a4c690f5d21ae4269a2b065,expert_wires+checkpoint,1,1,1
model.language_model.layers.45.mlp.experts.6.down_proj,routed,TESSERA_BF16_K1_R896,r896,0,0,0.001230540219694376,2.6245788242431888e-06,3711694,3711694,6663dd4b6e10003cae76a61f3cac5b4ef521c39d4a9b88a257551fe52ef88af0,expert_wires+checkpoint,1,1,1
model.language_model.layers.45.mlp.experts.6.down_proj,routed,TESSERA_E4M3_K1_R896,r896,1,1,0.0014004642143845558,8.266448629985094e-06,3695306,3695306,9145eefe6ecb249b975d6865f4ac628f1195b4448f343fc0c98c758f962d39ee,expert_wires+checkpoint,1,1,1
model.language_model.layers.45.mlp.experts.6.gate_proj,routed,TESSERA_BF16_K1_R896,r896,0,0,0.0015580387553200126,1.1204401121186072e-06,3707645,3707645,7979d3235fde664e0e3c0a503c2ea36315d3150875debeb8b9468f0894b78aaf,expert_wires+checkpoint,1,1,1
model.language_model.layers.45.mlp.experts.6.gate_proj,routed,TESSERA_E4M3_K1_R896,r896,1,1,0.0018668149132281542,2.1820131625885265e-07,3691257,3691257,a925b1f321eae2c7eb2d893d104a8cf03794fea75059d0071bad8d49d73050d6,expert_wires+checkpoint,1,1,1
model.language_model.layers.45.mlp.experts.6.up_proj,routed,TESSERA_BF16_K1_R896,r896,0,0,0.0017002366948872805,3.159484409654087e-06,3707645,3707645,9d274ed503c809db222e3e86d32622a31ee041e76e6926e7fd85c800df86d842,expert_wires+checkpoint,1,1,1
model.language_model.layers.45.mlp.experts.6.up_proj,routed,TESSERA_E4M3_K1_R896,r896,1,1,0.0020249513909220695,2.29917986768585e-06,3691257,3691257,34483d8d6696e8e69256cd3adfd182c27aad461122a3c1d810074f82061ea624,expert_wires+checkpoint,1,1,1
model.language_model.layers.45.mlp.experts.60.down_proj,routed,TESSERA_BF16_K1_R896,r896,0,0,0.0004697414697147906,3.191265156203164e-06,3711694,3711694,7da956063f05ca00315b3d3a97d6e29c47135363567594946ff7e44d662d42e4,expert_wires+checkpoint,1,1,1
model.language_model.layers.45.mlp.experts.60.down_proj,routed,TESSERA_E4M3_K1_R896,r896,1,1,0.0005122444126754999,1.7333778659768434e-06,3695306,3695306,424496288c6e2a8316c3f9a8a34d669e00b87a3398c4c37d5250a45964d69f8d,expert_wires+checkpoint,1,1,1
model.language_model.layers.45.mlp.experts.60.gate_proj,routed,TESSERA_BF16_K1_R896,r896,0,0,0.0019762511365115643,7.527062556939461e-08,3707645,3707645,ba6be7c3ec388ceaf98a5a85562d991a4db1659d2940fdb5f6ae79cb62aeaae6,expert_wires+checkpoint,1,1,1
model.language_model.layers.45.mlp.experts.60.gate_proj,routed,TESSERA_E4M3_K1_R896,r896,1,1,0.0023120110854506493,1.534336052444726e-06,3691257,3691257,8074b490146d93f00eb8eddb4d11e31bde80930ee80873295b1e6c9052056126,expert_wires+checkpoint,1,1,1
model.language_model.layers.45.mlp.experts.60.up_proj,routed,TESSERA_BF16_K1_R896,r896,0,0,0.0021701049990952015,5.949045635033804e-07,3707645,3707645,c771812a20903fe3c696a4d0370da3e157e2a21d1efa2c0bfc14eff02397e64a,expert_wires+checkpoint,1,1,1
model.language_model.layers.45.mlp.experts.60.up_proj,routed,TESSERA_E4M3_K1_R896,r896,1,1,0.002542939968407154,2.4043552329348428e-06,3691257,3691257,8574111c279dc43f6bfe610f271c543d35c5e8f642023de566a89cf57f1ce03c,expert_wires+checkpoint,1,1,1
model.language_model.layers.45.mlp.experts.61.down_proj,routed,TESSERA_BF16_K1_R896,r896,0,0,0.0003241973463445902,1.4718466356140298e-06,3711694,3711694,e122e441546731b159cf9351aa1009a267470b5fe5110276fbdf695be396944d,expert_wires+checkpoint,1,1,1
model.language_model.layers.45.mlp.experts.61.down_proj,routed,TESSERA_E4M3_K1_R896,r896,1,1,0.0003747340233530849,2.839034190480918e-06,3695306,3695306,9c67e513c3664963b48b755faf2a06e82385f674c0af335b2bf89b8f93d0f32f,expert_wires+checkpoint,1,1,1
model.language_model.layers.45.mlp.experts.61.gate_proj,routed,TESSERA_BF16_K1_R896,r896,0,0,0.0013028219109401107,5.381116085561806e-07,3707645,3707645,4fdfa35a30e7f638aa6eaa500d4ccd0e7eb3fc8a9b9916bc66f0fff074c109aa,expert_wires+checkpoint,1,1,1
model.language_model.layers.45.mlp.experts.61.gate_proj,routed,TESSERA_E4M3_K1_R896,r896,1,1,0.001627105288207531,5.809805787048953e-07,3691257,3691257,50ce2815611d99b9c87937083540cfd5be4c3af5a48c5f740e88499f18d2f287,expert_wires+checkpoint,1,1,1
model.language_model.layers.45.mlp.experts.61.up_proj,routed,TESSERA_BF16_K1_R896,r896,0,0,0.0013098511844873428,7.794815740860956e-07,3707645,3707645,056c5830d36b8993ea2aec4f1886edc36a4860c36c180cb322b025af04d9fe34,expert_wires+checkpoint,1,1,1
model.language_model.layers.45.mlp.experts.61.up_proj,routed,TESSERA_E4M3_K1_R896,r896,1,1,0.0016272151842713356,1.2705946386125598e-06,3691257,3691257,109393589acea9e971016529baa1102241e50694362a327409f18e13481f0d3c,expert_wires+checkpoint,1,1,1
model.language_model.layers.45.mlp.experts.62.down_proj,routed,TESSERA_BF16_K1_R896,r896,0,0,0.00028790830401703715,1.4479955347406825e-06,3711694,3711694,7af048f6f9fd829bd35ad739e318bb11dcdc68e3b0d0fe4744ec84617c1de064,expert_wires+checkpoint,1,1,1
model.language_model.layers.45.mlp.experts.62.down_proj,routed,TESSERA_E4M3_K1_R896,r896,1,1,0.0003130284312646836,1.4074017914658231e-06,3695306,3695306,fb9cdb891f1fd586cb43e233d5a4998fb2070aca13841148fff178191b07d089,expert_wires+checkpoint,1,1,1
model.language_model.layers.45.mlp.experts.62.gate_proj,routed,TESSERA_BF16_K1_R896,r896,0,0,0.0021120160818099976,3.2841103577842913e-06,3707645,3707645,7e8823fcad39c2326e19381475dc83d1c8a5c06f916a49c313ccd8b5b8077f33,expert_wires+checkpoint,1,1,1
model.language_model.layers.45.mlp.experts.62.gate_proj,routed,TESSERA_E4M3_K1_R896,r896,1,1,0.0024505991023033857,2.198780227563754e-06,3691257,3691257,e8d10ab0bc3a01e6d63358b214a1275dbf9b6977aaf31e1614eff6768b2e79ec,expert_wires+checkpoint,1,1,1
model.language_model.layers.45.mlp.experts.62.up_proj,routed,TESSERA_BF16_K1_R896,r896,0,0,0.0023441174998879433,1.1816571105384907e-07,3707645,3707645,f9cc78b82c31c68f2135f3f737ff95e866d7586017993b4673f7e78ec7847981,expert_wires+checkpoint,1,1,1
model.language_model.layers.45.mlp.experts.62.up_proj,routed,TESSERA_E4M3_K1_R896,r896,1,1,0.002714702161028981,4.565457118559917e-08,3691257,3691257,212cb4c7d1e200dc05f959164ea9649eaa7dd2a36b14bf84d0a4123548e28609,expert_wires+checkpoint,1,1,1
model.language_model.layers.45.mlp.experts.63.down_proj,routed,TESSERA_BF16_K1_R896,r896,0,0,0.0009317471995018423,6.940875650626982e-07,3711694,3711694,5f7b53e33060f8ce2468a904ba06fc954533a25d055958fe2b0a9e3e2abc4d9b,expert_wires+checkpoint,1,1,1
model.language_model.layers.45.mlp.experts.63.down_proj,routed,TESSERA_E4M3_K1_R896,r896,1,1,0.001034251181408763,1.2018043954377465e-06,3695306,3695306,987d616d2c5c5c410342f45778d7d611557763d753a5e24eb8d4996f750e1c2e,expert_wires+checkpoint,1,1,1
model.language_model.layers.45.mlp.experts.63.gate_proj,routed,TESSERA_BF16_K1_R896,r896,0,0,0.001763348700478673,1.3950515023159357e-06,3707645,3707645,c271cf8fe678e28b5f9e406b0ce4841164b322de04d3f1c876bb76ff940177d8,expert_wires+checkpoint,1,1,1
model.language_model.layers.45.mlp.experts.63.gate_proj,routed,TESSERA_E4M3_K1_R896,r896,1,1,0.002072688192129135,1.25715455807481e-06,3691257,3691257,ce86aeda57b4ff844fc03d6134ec8541bc18031d20f034264522613e2d16b93f,expert_wires+checkpoint,1,1,1
model.language_model.layers.45.mlp.experts.63.up_proj,routed,TESSERA_BF16_K1_R896,r896,0,0,0.0019253174541518092,1.0336951522255777e-06,3707645,3707645,56e6d6846a4b808547980cb656b7881056811a6e63f68893b83f15769852ffa7,expert_wires+checkpoint,1,1,1
model.language_model.layers.45.mlp.experts.63.up_proj,routed,TESSERA_E4M3_K1_R896,r896,1,1,0.002260120352730155,5.751424609185926e-07,3691257,3691257,962389c31a95f0763d5edbc362eb37840d402d542d36ea27ec062bf2044d0f2e,expert_wires+checkpoint,1,1,1
model.language_model.layers.45.mlp.experts.64.down_proj,routed,TESSERA_BF16_K1_R896,r896,0,0,0.0003868760250043124,6.599113922535255e-07,3711694,3711694,7d5c441a7efd54888960aa5f6732aa0a74da7f04a307f41571864fc9765827e3,expert_wires+checkpoint,1,1,1
model.language_model.layers.45.mlp.experts.64.down_proj,routed,TESSERA_E4M3_K1_R896,r896,1,1,0.00042193473200313747,1.812677212059414e-06,3695306,3695306,b25727f491292042eeb6db5b65515bfff48e491a9a0280faa4e41e44dddb825e,expert_wires+checkpoint,1,1,1
model.language_model.layers.45.mlp.experts.64.gate_proj,routed,TESSERA_BF16_K1_R896,r896,0,0,0.0019480336923152208,1.8058029845440026e-06,3707645,3707645,12475e282b038cd134ca4116323224344955863473d2e26f2cbd1191af8cc77e,expert_wires+checkpoint,1,1,1
model.language_model.layers.45.mlp.experts.64.gate_proj,routed,TESSERA_E4M3_K1_R896,r896,1,1,0.002278389409184456,1.2072907917197972e-06,3691257,3691257,f60f067c33a3e86b83d63b2c240d5498a2eac8969d847a21de9bcd8a539b3744,expert_wires+checkpoint,1,1,1
model.language_model.layers.45.mlp.experts.64.up_proj,routed,TESSERA_BF16_K1_R896,r896,0,0,0.002092367736622691,1.1137771403668355e-06,3707645,3707645,128fc012b92ed9baf5d3f85357a4cd68c8190c5890db56624e3f00dff6aaf9c4,expert_wires+checkpoint,1,1,1
model.language_model.layers.45.mlp.experts.64.up_proj,routed,TESSERA_E4M3_K1_R896,r896,1,1,0.00244572339579463,6.906325217988834e-07,3691257,3691257,3c0a700a25ad79f0289cc5938c4ea8857898ac2d2b470cd470a514a0206fa9a9,expert_wires+checkpoint,1,1,1
model.language_model.layers.45.mlp.experts.65.down_proj,routed,TESSERA_BF16_K1_R896,r896,0,0,0.0002120922872563824,7.177071859302203e-06,3711694,3711694,fe35d5917582441d74f13b99c2abaa106dc1a69dd200247c6f4da43b1c340189,expert_wires+checkpoint,1,1,1
model.language_model.layers.45.mlp.experts.65.down_proj,routed,TESSERA_E4M3_K1_R896,r896,1,1,0.00023263935872819275,2.2247463488880705e-06,3695306,3695306,c435710c5db8a24fd1eb7921864fb2176da697e20e237820ed4836d2b52da694,expert_wires+checkpoint,1,1,1
model.language_model.layers.45.mlp.experts.65.gate_proj,routed,TESSERA_BF16_K1_R896,r896,0,0,0.001621323637664318,1.9803752432628523e-06,3707645,3707645,027d5a31e9442123c6713607b9eb38849b5253f61dd7e14d088569043dff86a3,expert_wires+checkpoint,1,1,1
model.language_model.layers.45.mlp.experts.65.gate_proj,routed,TESSERA_E4M3_K1_R896,r896,1,1,0.001917162910103798,4.268202652328215e-06,3691257,3691257,5e8c98d66efcaa0c85254cdd4bd5895854ffdf7c3522388afd3ad84a72b1329d,expert_wires+checkpoint,1,1,1
model.language_model.layers.45.mlp.experts.65.up_proj,routed,TESSERA_BF16_K1_R896,r896,0,0,0.0017044679261744022,3.625060365879851e-07,3707645,3707645,807319caeded45323591dc44b3c6636dd62ffb329a30ffbe14767f0e1d66a5db,expert_wires+checkpoint,1,1,1
model.language_model.layers.45.mlp.experts.65.up_proj,routed,TESSERA_E4M3_K1_R896,r896,1,1,0.002002919092774391,5.096956905276408e-07,3691257,3691257,58a992ff9e3c0cfe5b9756046ed97eb7d5d36c17138a901893c0f292cf4c2a0f,expert_wires+checkpoint,1,1,1
model.language_model.layers.45.mlp.experts.66.down_proj,routed,TESSERA_BF16_K1_R896,r896,0,0,0.0007821738836355507,7.400468160177624e-08,3711694,3711694,aee866c6d01a1aa3a73e93249bb89d6ef1acd410a079affb2217380aa78147e7,expert_wires+checkpoint,1,1,1
model.language_model.layers.45.mlp.experts.66.down_proj,routed,TESSERA_E4M3_K1_R896,r896,1,1,0.0008457981748506427,2.9629728551629888e-06,3695306,3695306,52c8bfa0e0e7ab6dbfeac129332508979908e1221f9a519300e17d389e29221a,expert_wires+checkpoint,1,1,1
model.language_model.layers.45.mlp.experts.66.gate_proj,routed,TESSERA_BF16_K1_R896,r896,0,0,0.0023492600303143263,3.1311545830249196e-07,3707645,3707645,f8ea8287f6d67202cae5789749a963e4276106dd70de12d170b5c793b23beb17,expert_wires+checkpoint,1,1,1
model.language_model.layers.45.mlp.experts.66.gate_proj,routed,TESSERA_E4M3_K1_R896,r896,1,1,0.0027125487104058266,1.0299157189348543e-06,3691257,3691257,ad334caf53f5b13d63e16c02dd8b5b49ec5dcf64a33d58b3f9f8c88a770a88c0,expert_wires+checkpoint,1,1,1
model.language_model.layers.45.mlp.experts.66.up_proj,routed,TESSERA_BF16_K1_R896,r896,0,0,0.002620984334498644,1.981064688997413e-06,3707645,3707645,d7c07c781b9390f407b1dcdd21124c6442b101165b1b60fd4bdb230460e59ada,expert_wires+checkpoint,1,1,1
model.language_model.layers.45.mlp.experts.66.up_proj,routed,TESSERA_E4M3_K1_R896,r896,1,1,0.0030344435945153236,1.6388978434899243e-06,3691257,3691257,56fe749c0896aa3b17091689cee71d5966924b427239721c9b421aeeeca27861,expert_wires+checkpoint,1,1,1
model.language_model.layers.45.mlp.experts.67.down_proj,routed,TESSERA_BF16_K1_R896,r896,0,0,0.0015069422079250216,9.309884732246857e-07,3711694,3711694,53bdde06abb9215d2d010897a3fba7e19d530ad47372955a16a08dc8be3c6318,expert_wires+checkpoint,1,1,1
model.language_model.layers.45.mlp.experts.67.down_proj,routed,TESSERA_E4M3_K1_R896,r896,1,1,0.0016415809514001012,3.877106266183634e-06,3695306,3695306,8ba1202e98d0eab4021a315cfd9081e7cb13efc12271e10798a1d2668fb15bad,expert_wires+checkpoint,1,1,1
model.language_model.layers.45.mlp.experts.67.gate_proj,routed,TESSERA_BF16_K1_R896,r896,0,0,0.0026660917792469263,2.0349661094163385e-07,3707645,3707645,9124d09da3dfdb60fde82f23fa943d3eaca1852b64f4d07053178e9d183e36cd,expert_wires+checkpoint,1,1,1
model.language_model.layers.45.mlp.experts.67.gate_proj,routed,TESSERA_E4M3_K1_R896,r896,1,1,0.0030555431731045246,2.424035874198082e-06,3691257,3691257,0c13c015b97f8cd057a038cdfe6946207f74a6f38920c85ff108a70de20d172d,expert_wires+checkpoint,1,1,1
model.language_model.layers.45.mlp.experts.67.up_proj,routed,TESSERA_BF16_K1_R896,r896,0,0,0.0029259524308145046,6.250572719407473e-07,3707645,3707645,4d93d176e233cd63545adc3770eb52ffe99912f31b6ee8863bed77efda5605f3,expert_wires+checkpoint,1,1,1
model.language_model.layers.45.mlp.experts.67.up_proj,routed,TESSERA_E4M3_K1_R896,r896,1,1,0.003327387385070324,8.158660233539939e-07,3691257,3691257,2e1ae4644cefac348482d3f7bc886b96efd66995f934ed71a533959b7678c912,expert_wires+checkpoint,1,1,1
model.language_model.layers.45.mlp.experts.68.down_proj,routed,TESSERA_BF16_K1_R896,r896,0,0,0.0005491548799909651,4.6211833551693606e-07,3711694,3711694,3d60199a6b014f0293579675dc77568e6f83427d609634883067c78b27447e67,expert_wires+checkpoint,1,1,1
model.language_model.layers.45.mlp.experts.68.down_proj,routed,TESSERA_E4M3_K1_R896,r896,1,1,0.0006039231084287167,1.8992779480368557e-05,3695306,3695306,ef1fdd4f5f869c640112bec0281b71c447bc9f45cd9ead59c213895c1dde98b0,expert_wires+checkpoint,1,1,1
model.language_model.layers.45.mlp.experts.68.gate_proj,routed,TESSERA_BF16_K1_R896,r896,0,0,0.0017731721745803952,1.9971713985850303e-06,3707645,3707645,e4cf07bf45f758a0ffe91aa92be810933f154510f17ed6f875536195f290d42a,expert_wires+checkpoint,1,1,1
model.language_model.layers.45.mlp.experts.68.gate_proj,routed,TESSERA_E4M3_K1_R896,r896,1,1,0.0021017114631831646,2.1541965842553486e-06,3691257,3691257,2a51fc0345b3a81c3db29a2bfa53092ff0a13def53cec6e06f07fbaaa106d752,expert_wires+checkpoint,1,1,1
model.language_model.layers.45.mlp.experts.68.up_proj,routed,TESSERA_BF16_K1_R896,r896,0,0,0.001890840008854866,2.73200461896496e-06,3707645,3707645,97be99b1df4a34caaa3124e0027c3806ac9ef44b00543fe2bd33333e53e2dbe5,expert_wires+checkpoint,1,1,1
model.language_model.layers.45.mlp.experts.68.up_proj,routed,TESSERA_E4M3_K1_R896,r896,1,1,0.002229298697784543,1.390810918575403e-06,3691257,3691257,2130bdb38436099988c0d40e370f22c7f5186b468a01626085a142a6cd576069,expert_wires+checkpoint,1,1,1
model.language_model.layers.45.mlp.experts.69.down_proj,routed,TESSERA_BF16_K1_R896,r896,0,0,0.0008063780842348933,1.487173197664167e-06,3711694,3711694,11b96a78b89973ad3252c97e3dd8122505417d00026933d8d9d12f92a4c175fd,expert_wires+checkpoint,1,1,1
model.language_model.layers.45.mlp.experts.69.down_proj,routed,TESSERA_E4M3_K1_R896,r896,1,1,0.0008941289270296693,3.512602691852705e-06,3695306,3695306,64ad6caa51aa4968e442b77839109386eccc46fd902afc0c9ea939a200814a88,expert_wires+checkpoint,1,1,1
model.language_model.layers.45.mlp.experts.69.gate_proj,routed,TESSERA_BF16_K1_R896,r896,0,0,0.0016104711685329676,6.484072947135143e-07,3707645,3707645,74bb4ffc23d016776577492a795133d0ab4058e31ed2f734dfd05d871675f63f,expert_wires+checkpoint,1,1,1
model.language_model.layers.45.mlp.experts.69.gate_proj,routed,TESSERA_E4M3_K1_R896,r896,1,1,0.0019030645489692688,6.9507723096866e-07,3691257,3691257,bbf1733a27630fda6751f88b10f62d2f45e614c828cf61b43946e4384ea9e0f9,expert_wires+checkpoint,1,1,1
model.language_model.layers.45.mlp.experts.69.up_proj,routed,TESSERA_BF16_K1_R896,r896,0,0,0.0018714952748268843,9.86249838714904e-07,3707645,3707645,25dbd2f1ee8bc056b1858126af9cc0dca942b294ff99e1078e41a865f3f12ad5,expert_wires+checkpoint,1,1,1
model.language_model.layers.45.mlp.experts.69.up_proj,routed,TESSERA_E4M3_K1_R896,r896,1,1,0.0021941245067864656,4.361363589762167e-07,3691257,3691257,6bcf1f54edd5ccfebc593782131d8a6ce0f71aad2540ee601944aa5003366a2d,expert_wires+checkpoint,1,1,1
model.language_model.layers.45.mlp.experts.7.down_proj,routed,TESSERA_BF16_K1_R896,r896,0,0,0.0004942191881127656,2.857116355253685e-07,3711694,3711694,219c1e0943ed0f96252feb985298117433503b392e5898db4feb18f051db449b,expert_wires+checkpoint,1,1,1
model.language_model.layers.45.mlp.experts.7.down_proj,routed,TESSERA_E4M3_K1_R896,r896,1,1,0.0005704411305487156,3.1347984419260893e-07,3695306,3695306,e68674b2194544882b3a4199b1fc9e7177c142b4b92832c30ad2281f764e2b86,expert_wires+checkpoint,1,1,1
model.language_model.layers.45.mlp.experts.7.gate_proj,routed,TESSERA_BF16_K1_R896,r896,0,0,0.0008189306827262044,3.4042438862691736e-08,3707645,3707645,a5c1fb7a2d9b2aebaa84dfd9be8c2d3a893ef90e4d549c43d1a893239479f06c,expert_wires+checkpoint,1,1,1
model.language_model.layers.45.mlp.experts.7.gate_proj,routed,TESSERA_E4M3_K1_R896,r896,1,1,0.0010564045514911413,1.1244089456427499e-07,3691257,3691257,de44b552ed344defb040037a64e435a2f41dfaf8e4455a691da10be48495afc9,expert_wires+checkpoint,1,1,1
model.language_model.layers.45.mlp.experts.7.up_proj,routed,TESSERA_BF16_K1_R896,r896,0,0,0.0009219515486620367,1.0421514515396357e-07,3707645,3707645,4126c606b2ef3eb110a0d75e4df09b10be07fa07bc596b53b6bfd295735d43b9,expert_wires+checkpoint,1,1,1
model.language_model.layers.45.mlp.experts.7.up_proj,routed,TESSERA_E4M3_K1_R896,r896,1,1,0.0011832588352262974,5.706983655375419e-08,3691257,3691257,80241f4ced0731a38f217566591cb06719055f6182b97746356d9ecbcd890909,expert_wires+checkpoint,1,1,1
model.language_model.layers.45.mlp.experts.70.down_proj,routed,TESSERA_BF16_K1_R896,r896,0,0,0.001379817258566618,5.227655830671206e-06,3711694,3711694,7fb15ad3206b7b74f605c5ac77e8f6dee4461c091b0f7c19252ab60baab8de13,expert_wires+checkpoint,1,1,1
model.language_model.layers.45.mlp.experts.70.down_proj,routed,TESSERA_E4M3_K1_R896,r896,1,1,0.0015842876164242625,7.766831747938058e-06,3695306,3695306,48a0ed1fcdbbc9e08d07accaec68012848cb4bdfaf73b0f00cfde625e6192c17,expert_wires+checkpoint,1,1,1
model.language_model.layers.45.mlp.experts.70.gate_proj,routed,TESSERA_BF16_K1_R896,r896,0,0,0.0014793445589020848,2.7939602898883996e-06,3707645,3707645,941f2b59dbf3a4e02f3902e9a901477be74f88a4e9625b48a5bc7b38494b9491,expert_wires+checkpoint,1,1,1
model.language_model.layers.45.mlp.experts.70.gate_proj,routed,TESSERA_E4M3_K1_R896,r896,1,1,0.0017449231818318367,2.1574814552636588e-06,3691257,3691257,60530ce2b414e43422101ea3fa84791d984911a32f5634f043467d439254bab2,expert_wires+checkpoint,1,1,1
model.language_model.layers.45.mlp.experts.70.up_proj,routed,TESSERA_BF16_K1_R896,r896,0,0,0.002029554918408394,1.5380742966188792e-06,3707645,3707645,994107ad0dc0c20d9a1d171e696dfc34310ed8d6d3f7df2e247500ff37db8759,expert_wires+checkpoint,1,1,1
model.language_model.layers.45.mlp.experts.70.up_proj,routed,TESSERA_E4M3_K1_R896,r896,1,1,0.0024001889396458864,1.2902978758518356e-06,3691257,3691257,92a3be5bb069d6b99022d74cc23c0bab1bddf01d0999a77fb097026172491870,expert_wires+checkpoint,1,1,1
model.language_model.layers.45.mlp.experts.71.down_proj,routed,TESSERA_BF16_K1_R896,r896,0,0,0.00041960933594964445,5.008441959262151e-07,3711694,3711694,f6f4fe691bc4e437d7e376e3e1b664bb9c853d3d7f234c29494c0572dedd606b,expert_wires+checkpoint,1,1,1
model.language_model.layers.45.mlp.experts.71.down_proj,routed,TESSERA_E4M3_K1_R896,r896,1,1,0.0004698639386333525,6.114702659052583e-07,3695306,3695306,a98f3a8d5d80c30d0ba927e086818ca715d6608a7be407b9fca22336e00afe7f,expert_wires+checkpoint,1,1,1
model.language_model.layers.45.mlp.experts.71.gate_proj,routed,TESSERA_BF16_K1_R896,r896,0,0,0.0015438818372786045,1.2618333978439373e-06,3707645,3707645,7af437a5a9d9370541671e8b48272795eebf38ddf08663408fd7e59a2ab1bdfe,expert_wires+checkpoint,1,1,1
model.language_model.layers.45.mlp.experts.71.gate_proj,routed,TESSERA_E4M3_K1_R896,r896,1,1,0.0018669627606868744,4.316664319748105e-07,3691257,3691257,105de62c4346886960e5c216a50aa9e0c435b29e70db6d06b97cff6727a3e8a7,expert_wires+checkpoint,1,1,1
model.language_model.layers.45.mlp.experts.71.up_proj,routed,TESSERA_BF16_K1_R896,r896,0,0,0.0016365251503884792,1.2906095134681526e-06,3707645,3707645,8c552a388f2aada46c4afbc07ee8d8de960bfa37620c25f0fa4a302134e5268c,expert_wires+checkpoint,1,1,1
model.language_model.layers.45.mlp.experts.71.up_proj,routed,TESSERA_E4M3_K1_R896,r896,1,1,0.001980358734726906,2.384820055367955e-06,3691257,3691257,f9a07c9db7555ae964abbafe6353b0ff7a223eb9d52012a51c480e9a77fad5b0,expert_wires+checkpoint,1,1,1
model.language_model.layers.45.mlp.experts.72.down_proj,routed,TESSERA_BF16_K1_R896,r896,0,0,0.000507781864143908,1.0142984287101084e-06,3711694,3711694,0cfcdab68b81b9dd59779662af161d741cb715d89e0eb25314b315b20f39e109,expert_wires+checkpoint,1,1,1
model.language_model.layers.45.mlp.experts.72.down_proj,routed,TESSERA_E4M3_K1_R896,r896,1,1,0.0005544476443901658,1.4827140151577763e-06,3695306,3695306,05390cad3cca39ff688770f11278a08dcb70449b97686f7ca0c6199931543b40,expert_wires+checkpoint,1,1,1
model.language_model.layers.45.mlp.experts.72.gate_proj,routed,TESSERA_BF16_K1_R896,r896,0,0,0.0019327554618939757,1.0852413927294652e-06,3707645,3707645,180bb53438bf6c8906be8793e160d6a585b659c2085a818a5caba3dfccf322b8,expert_wires+checkpoint,1,1,1
model.language_model.layers.45.mlp.experts.72.gate_proj,routed,TESSERA_E4M3_K1_R896,r896,1,1,0.0022813924588263035,9.885607556331002e-07,3691257,3691257,9feb915ce3ce26e62f997b28aa50ae2897924994eda70d2461db7dac75611833,expert_wires+checkpoint,1,1,1
model.language_model.layers.45.mlp.experts.72.up_proj,routed,TESSERA_BF16_K1_R896,r896,0,0,0.0021216366440057755,1.646127077345111e-07,3707645,3707645,c013dd26ed80965a574bf350e25fb8dc7afdc46085bef0941d47eb6d260b23e8,expert_wires+checkpoint,1,1,1
model.language_model.layers.45.mlp.experts.72.up_proj,routed,TESSERA_E4M3_K1_R896,r896,1,1,0.00249723088927567,3.8539999349129756e-07,3691257,3691257,3eb8e88e16dcb9d327498a2bc5ec1ddd986f33ecbf1378e93e3952b576fd9b27,expert_wires+checkpoint,1,1,1
model.language_model.layers.45.mlp.experts.73.down_proj,routed,TESSERA_BF16_K1_R896,r896,0,0,0.001226305146701634,7.161520087203473e-07,3711694,3711694,08584e48f86e5c3e081f08b5f8bed74f036c6eae3e678c236b63fe679468a8b3,expert_wires+checkpoint,1,1,1
model.language_model.layers.45.mlp.experts.73.down_proj,routed,TESSERA_E4M3_K1_R896,r896,1,1,0.001343848300166428,1.3602890703975959e-06,3695306,3695306,cf74837aee4e45382b2a7dc76236019d062c27194a8b54753258a87782cab05c,expert_wires+checkpoint,1,1,1
model.language_model.layers.45.mlp.experts.73.gate_proj,routed,TESSERA_BF16_K1_R896,r896,0,0,0.0019168213475495577,1.7452105004262984e-06,3707645,3707645,8ef47be48fd2f7aafc365063ec469eda3ffcaf7e8668eb8f960b99091868b298,expert_wires+checkpoint,1,1,1
model.language_model.layers.45.mlp.experts.73.gate_proj,routed,TESSERA_E4M3_K1_R896,r896,1,1,0.002273778896778822,1.8971775077190402e-06,3691257,3691257,6302c659e98b1dfd76b6770f95e4aec756c78d9978b6817d92aa30454f0a67f2,expert_wires+checkpoint,1,1,1
model.language_model.layers.45.mlp.experts.73.up_proj,routed,TESSERA_BF16_K1_R896,r896,0,0,0.0021449713967740536,1.8672729161818287e-06,3707645,3707645,d33b7133f4e92de123af45edaced3baa91e31ddbc36dcc5c19361c674c0eda54,expert_wires+checkpoint,1,1,1
model.language_model.layers.45.mlp.experts.73.up_proj,routed,TESSERA_E4M3_K1_R896,r896,1,1,0.0025326034519821405,4.1700595619191725e-06,3691257,3691257,ce476da586784945081c97b3a52051a6ddf958a68310e8e01f573ab588f9acd0,expert_wires+checkpoint,1,1,1
model.language_model.layers.45.mlp.experts.74.down_proj,routed,TESSERA_BF16_K1_R896,r896,0,0,0.00028008664958178997,4.487224031960027e-07,3711694,3711694,2f5bc737dc8c594feb9a03bf80c5383f5e67864a1d061c7b8fff7c4f99c9734a,expert_wires+checkpoint,1,1,1
model.language_model.layers.45.mlp.experts.74.down_proj,routed,TESSERA_E4M3_K1_R896,r896,1,1,0.00030395781504921615,2.964558985443742e-06,3695306,3695306,825a8b87d6adc07e66a13cf01ffbd9c51385718a5163545e215ac1de899d4c7b,expert_wires+checkpoint,1,1,1
model.language_model.layers.45.mlp.experts.74.gate_proj,routed,TESSERA_BF16_K1_R896,r896,0,0,0.001818175194784999,6.249292549680242e-07,3707645,3707645,7502b5f31c24afc69a56199e80210aec4d70d4a30e5ff1e6caaf2644e9dd5caa,expert_wires+checkpoint,1,1,1
model.language_model.layers.45.mlp.experts.74.gate_proj,routed,TESSERA_E4M3_K1_R896,r896,1,1,0.0021160750184208155,8.733976925411172e-07,3691257,3691257,0f285b73f2af4e2e5549e7ab4ad0beb5b4f70f897e7d2b4c5e9c7fc516c621ad,expert_wires+checkpoint,1,1,1
model.language_model.layers.45.mlp.experts.74.up_proj,routed,TESSERA_BF16_K1_R896,r896,0,0,0.001869421685114503,1.3886599816270334e-06,3707645,3707645,6a81f0d02c236082c084aff64b0b83b7b77a056dd0523d049009c655dcfcd5c3,expert_wires+checkpoint,1,1,1
model.language_model.layers.45.mlp.experts.74.up_proj,routed,TESSERA_E4M3_K1_R896,r896,1,1,0.0021662551444023848,5.73746383181969e-07,3691257,3691257,10bf025541c23e0eedd8324ceda681fb67c845bdc3de7bd02dec0f05bb36cda0,expert_wires+checkpoint,1,1,1
model.language_model.layers.45.mlp.experts.75.down_proj,routed,TESSERA_BF16_K1_R896,r896,0,0,0.0005351845175027847,1.8329742323745493e-06,3711694,3711694,36946feac01381bf4354840b078466f35cacdbe733fdd8fa0ec70f9a9b8987e0,expert_wires+checkpoint,1,1,1
model.language_model.layers.45.mlp.experts.75.down_proj,routed,TESSERA_E4M3_K1_R896,r896,1,1,0.0005844102124683559,2.1224906665883544e-06,3695306,3695306,c398115b1a53ac34005dc9110ed8fdae0dd749c8d51b70a00330110cfd5f2a8f,expert_wires+checkpoint,1,1,1
model.language_model.layers.45.mlp.experts.75.gate_proj,routed,TESSERA_BF16_K1_R896,r896,0,0,0.001941518159583211,2.227748048465225e-06,3707645,3707645,938b74989eede17e696d6beb7f421b97e3530eedc51e23c40acd9a6efc15658c,expert_wires+checkpoint,1,1,1
model.language_model.layers.45.mlp.experts.75.gate_proj,routed,TESSERA_E4M3_K1_R896,r896,1,1,0.0022530402056872845,5.675489447629172e-06,3691257,3691257,8bf398e34a455b2fa6a83321832186e09c1fcde33b88d6f7b18ca70bd6115a20,expert_wires+checkpoint,1,1,1
model.language_model.layers.45.mlp.experts.75.up_proj,routed,TESSERA_BF16_K1_R896,r896,0,0,0.00220290245488286,1.6456039035517846e-06,3707645,3707645,1f3deb4b61f1173dfec080578c0b4a9f9472480d7f208c1576cad66c7d15f50a,expert_wires+checkpoint,1,1,1
model.language_model.layers.45.mlp.experts.75.up_proj,routed,TESSERA_E4M3_K1_R896,r896,1,1,0.002552592195570469,2.2238893175256607e-06,3691257,3691257,eeea162ae1b5f6507ddb473782e83e730bf6ff45fd7a62d1226a0e8161ba7422,expert_wires+checkpoint,1,1,1
model.language_model.layers.45.mlp.experts.76.down_proj,routed,TESSERA_BF16_K1_R896,r896,0,0,0.001136568607762456,3.662855001095578e-06,3711694,3711694,86e249582f7b451b8ad681439d1dcbe88a0e7109341e2e99cf618693ebf88e46,expert_wires+checkpoint,1,1,1
model.language_model.layers.45.mlp.experts.76.down_proj,routed,TESSERA_E4M3_K1_R896,r896,1,1,0.0012238934868946671,8.9253720393023e-06,3695306,3695306,7b50bc49a19882e7d05fd5e5c70a1ddedc568954ebf46b2ad19f9036e522738d,expert_wires+checkpoint,1,1,1
model.language_model.layers.45.mlp.experts.76.gate_proj,routed,TESSERA_BF16_K1_R896,r896,0,0,0.0023864484392106533,5.552411727188456e-07,3707645,3707645,c0354f7aface595a4a194b0978826b1760395a710dd3c2ba67e8668c1302dab8,expert_wires+checkpoint,1,1,1
model.language_model.layers.45.mlp.experts.76.gate_proj,routed,TESSERA_E4M3_K1_R896,r896,1,1,0.002738929819315672,1.1944849809065198e-06,3691257,3691257,a0e59c4428ad9966ada9395fc5e3b7b27ef87e3ff8080aae34046d3f9f82d7fb,expert_wires+checkpoint,1,1,1
model.language_model.layers.45.mlp.experts.76.up_proj,routed,TESSERA_BF16_K1_R896,r896,0,0,0.0026031031738966703,1.7951473603276694e-06,3707645,3707645,d481b3857702e9dc68b3829a287ea83f5afc91f554b3967a519e602e2d0f8a56,expert_wires+checkpoint,1,1,1
model.language_model.layers.45.mlp.experts.76.up_proj,routed,TESSERA_E4M3_K1_R896,r896,1,1,0.002988408785313368,7.701138005200837e-07,3691257,3691257,bc5b1a52381ffce2eab9250d7049ce2b66074a7f04837ffbc52af4bc7669a141,expert_wires+checkpoint,1,1,1
model.language_model.layers.45.mlp.experts.77.down_proj,routed,TESSERA_BF16_K1_R896,r896,0,0,0.0016346352640539408,7.160675422151354e-07,3711694,3711694,ebed9b9cf88cc0f1c1059ba731f98f106431cd803a461b664242b39a5b27fbc5,expert_wires+checkpoint,1,1,1
model.language_model.layers.45.mlp.experts.77.down_proj,routed,TESSERA_E4M3_K1_R896,r896,1,1,0.0018713145982474089,1.3309397871278468e-06,3695306,3695306,78a862f3eb4f31e7a104b47370aab0c59799ef147c36ecf52f5dbb73ab29ef84,expert_wires+checkpoint,1,1,1
model.language_model.layers.45.mlp.experts.77.gate_proj,routed,TESSERA_BF16_K1_R896,r896,0,0,0.001765433931723237,2.063655198004796e-06,3707645,3707645,fcefd1848c29b24ce7eabdbb88ba9db9fce2a519fb9f6e808ceb1f9e80cee4f5,expert_wires+checkpoint,1,1,1
model.language_model.layers.45.mlp.experts.77.gate_proj,routed,TESSERA_E4M3_K1_R896,r896,1,1,0.002113606780767441,8.536306701910365e-07,3691257,3691257,ba0258e91b5d19076a082c72cc8c42a56a8807cd9e57f34f332d5c6db70229f3,expert_wires+checkpoint,1,1,1
model.language_model.layers.45.mlp.experts.77.up_proj,routed,TESSERA_BF16_K1_R896,r896,0,0,0.0018753689946606755,1.502035870846646e-07,3707645,3707645,77678ed84b4567ad9b5c69cfe9a4731a90debb764e3ed4fdf91198f60a6dc4de,expert_wires+checkpoint,1,1,1
model.language_model.layers.45.mlp.experts.77.up_proj,routed,TESSERA_E4M3_K1_R896,r896,1,1,0.0022446573711931705,6.75639203467395e-07,3691257,3691257,e3f11e4d5524ca2c9db150d1aa45bb67609f0ad0f2c85c7d70d3ac3200385b81,expert_wires+checkpoint,1,1,1
model.language_model.layers.45.mlp.experts.78.down_proj,routed,TESSERA_BF16_K1_R896,r896,0,0,0.0004007436509709805,8.67532208199971e-07,3711694,3711694,2e17ce8b23ac03105bd4b83f88982fb3d2a62b68d46a1074f7c28951749c5f48,expert_wires+checkpoint,1,1,1
model.language_model.layers.45.mlp.experts.78.down_proj,routed,TESSERA_E4M3_K1_R896,r896,1,1,0.00043205401743762195,1.2771456229144148e-06,3695306,3695306,c8b08c2592360646a96c533519faadff61972fc5a1e72ff535d28ba28e48e3e9,expert_wires+checkpoint,1,1,1
model.language_model.layers.45.mlp.experts.78.gate_proj,routed,TESSERA_BF16_K1_R896,r896,0,0,0.002116838935762644,1.3691905941818774e-06,3707645,3707645,21b4917a423b7a82235b32eb21b7bd44f8d7d11f5d36d49fe0a782f13c58667e,expert_wires+checkpoint,1,1,1
model.language_model.layers.45.mlp.experts.78.gate_proj,routed,TESSERA_E4M3_K1_R896,r896,1,1,0.0024713361635804176,1.5139106612967451e-06,3691257,3691257,e2bf8e84d346cfaf5456cd2302e488f341caea329a4c2cc07daa222980ae1042,expert_wires+checkpoint,1,1,1
model.language_model.layers.45.mlp.experts.78.up_proj,routed,TESSERA_BF16_K1_R896,r896,0,0,0.002285621827468276,9.727070648179656e-07,3707645,3707645,32679c1d7462a305c29fabf9f69027230160b9a5f50215aa62859df83ca0e561,expert_wires+checkpoint,1,1,1
model.language_model.layers.45.mlp.experts.78.up_proj,routed,TESSERA_E4M3_K1_R896,r896,1,1,0.0026561254635453224,2.822220285209336e-07,3691257,3691257,d861f9384d970acfae83b26dd45115eedb595a00f5a4ca0e7f3a36dec2e318c4,expert_wires+checkpoint,1,1,1
model.language_model.layers.45.mlp.experts.79.down_proj,routed,TESSERA_BF16_K1_R896,r896,0,0,0.0005048023303970695,9.619968198114595e-07,3711694,3711694,b27e42010bf52c1046c32b6e0c984e241ad52a7ce4f159648a8f27e445fedf3b,expert_wires+checkpoint,1,1,1
model.language_model.layers.45.mlp.experts.79.down_proj,routed,TESSERA_E4M3_K1_R896,r896,1,1,0.0005457363440655172,4.2551588077930806e-07,3695306,3695306,0bf87811f11e6e73e7437a1c804fb298986c97ff5686d9d63c947b5bf21e9e31,expert_wires+checkpoint,1,1,1
model.language_model.layers.45.mlp.experts.79.gate_proj,routed,TESSERA_BF16_K1_R896,r896,0,0,0.0022181617096066475,1.256248250714739e-06,3707645,3707645,fa0ad0c8bd428f10b69215b06ee552a1294e0e247d97cdfe962eb2640b2bd537,expert_wires+checkpoint,1,1,1
model.language_model.layers.45.mlp.experts.79.gate_proj,routed,TESSERA_E4M3_K1_R896,r896,1,1,0.002580623608082533,1.921511510197466e-06,3691257,3691257,e48d421e409d47c599cc96abf28153005def45c6bbb35e8071b64d9118ed44aa,expert_wires+checkpoint,1,1,1
model.language_model.layers.45.mlp.experts.79.up_proj,routed,TESSERA_BF16_K1_R896,r896,0,0,0.0023927194997668266,2.320592835282526e-06,3707645,3707645,c1268955745cfa7e996e3ecdd5e0f494f53b73db615f95deb845aa5cbab674aa,expert_wires+checkpoint,1,1,1
model.language_model.layers.45.mlp.experts.79.up_proj,routed,TESSERA_E4M3_K1_R896,r896,1,1,0.0027788998559117317,1.593305766510903e-06,3691257,3691257,7a721a35297af427adc17167e332d51e3ad665f7d845429896e93a99a763f326,expert_wires+checkpoint,1,1,1
model.language_model.layers.45.mlp.experts.8.down_proj,routed,TESSERA_BF16_K1_R896,r896,0,0,0.0005723563954234123,7.81419987228948e-07,3711694,3711694,a3defe97322be9bb98f482c819659fd9ba681873a392adb9080ac0687dfccad3,expert_wires+checkpoint,1,1,1
model.language_model.layers.45.mlp.experts.8.down_proj,routed,TESSERA_E4M3_K1_R896,r896,1,1,0.0006265996489673853,1.4948364304336011e-06,3695306,3695306,4aef7d719af96114d7b105f97bc688b440f322dfd9e1bfa7b65bacf4c63cc8aa,expert_wires+checkpoint,1,1,1
model.language_model.layers.45.mlp.experts.8.gate_proj,routed,TESSERA_BF16_K1_R896,r896,0,0,0.0018734929617494345,4.544289846253106e-07,3707645,3707645,d3adaf8b77cf96984f77eadc336a9553dc76e1a2492026de07cef1177f4218d9,expert_wires+checkpoint,1,1,1
model.language_model.layers.45.mlp.experts.8.gate_proj,routed,TESSERA_E4M3_K1_R896,r896,1,1,0.002197546884417534,1.1366648986196211e-06,3691257,3691257,2c4d495cfa922fa85b7b904e743de10708556578f0fdb234db7af3054b6278a8,expert_wires+checkpoint,1,1,1
model.language_model.layers.45.mlp.experts.8.up_proj,routed,TESSERA_BF16_K1_R896,r896,0,0,0.0021117469295859337,1.4368760259276746e-06,3707645,3707645,92e3e29387731976adb19d03ad1501d8f22b1ec4309eb312a21bab71618903f8,expert_wires+checkpoint,1,1,1
model.language_model.layers.45.mlp.experts.8.up_proj,routed,TESSERA_E4M3_K1_R896,r896,1,1,0.002467881888151169,1.7638439361017254e-06,3691257,3691257,c02b955c70754fdbbe58ee24274269dbaba2cdf4534f4126c43e9875a9482458,expert_wires+checkpoint,1,1,1
model.language_model.layers.45.mlp.experts.80.down_proj,routed,TESSERA_BF16_K1_R896,r896,0,0,0.0002873677876777947,6.345477797075116e-07,3711694,3711694,7eb9b0c9e15ab22ce7bbdbe5d56591dfc5864238583609747c5dab04da63c1df,expert_wires+checkpoint,1,1,1
model.language_model.layers.45.mlp.experts.80.down_proj,routed,TESSERA_E4M3_K1_R896,r896,1,1,0.00032844458473846316,9.080764772427296e-07,3695306,3695306,4b2fc52129638a68b9d9be6167a5ca37087044b8bd216bb361cdb9a02ff3594e,expert_wires+checkpoint,1,1,1
model.language_model.layers.45.mlp.experts.80.gate_proj,routed,TESSERA_BF16_K1_R896,r896,0,0,0.0013260807609185576,8.430613662549974e-07,3707645,3707645,f2e86b9530dc8ce61210176c7a2b4d3fcd38a54c46e6808faff6c8b378032fad,expert_wires+checkpoint,1,1,1
model.language_model.layers.45.mlp.experts.80.gate_proj,routed,TESSERA_E4M3_K1_R896,r896,1,1,0.0016091178404167295,3.0553448885236904e-06,3691257,3691257,a56ef195df2945a68c9611cdcc2ad9a330a91f9c523d19e18c7240d33d81d509,expert_wires+checkpoint,1,1,1
model.language_model.layers.45.mlp.experts.80.up_proj,routed,TESSERA_BF16_K1_R896,r896,0,0,0.0013618017546832561,2.5773564758262534e-06,3707645,3707645,16122d57e85bc8bf5b9d8280366925b2417fc1f481a3d2e6ca8f39ca935558ae,expert_wires+checkpoint,1,1,1
model.language_model.layers.45.mlp.experts.80.up_proj,routed,TESSERA_E4M3_K1_R896,r896,1,1,0.001648851204663515,2.503538128061441e-06,3691257,3691257,0e1405f3c4b0f78c0fe1b8aa284e1fbf9359fd758544566c616ae3edf91224b9,expert_wires+checkpoint,1,1,1
model.language_model.layers.45.mlp.experts.81.down_proj,routed,TESSERA_BF16_K1_R896,r896,0,0,0.0004618276725523174,1.2713789841787106e-06,3711694,3711694,8a6cc681d7d36f54c282f7a719dd96b08568c98c66624e45914a98b5f00bfa9b,expert_wires+checkpoint,1,1,1
model.language_model.layers.45.mlp.experts.81.down_proj,routed,TESSERA_E4M3_K1_R896,r896,1,1,0.0005025472491979599,2.617293372741792e-06,3695306,3695306,ff5b4acf0556ae6bc3af87cfe297703ba1e9e6ee67eab5d35842df563353c0b9,expert_wires+checkpoint,1,1,1
model.language_model.layers.45.mlp.experts.81.gate_proj,routed,TESSERA_BF16_K1_R896,r896,0,0,0.0020014806650578976,1.0788428439467599e-06,3707645,3707645,cb6a7ebcac2ff76d1e9528841664de9270c36bccbbdc8d93e9eb43420c925a0e,expert_wires+checkpoint,1,1,1
model.language_model.layers.45.mlp.experts.81.gate_proj,routed,TESSERA_E4M3_K1_R896,r896,1,1,0.002336423844099045,1.9335044575850607e-06,3691257,3691257,931cc299beb07ef909dd99ff597e4140cadfeb2e1bc72793ee1cb3b717e7c2c0,expert_wires+checkpoint,1,1,1
model.language_model.layers.45.mlp.experts.81.up_proj,routed,TESSERA_BF16_K1_R896,r896,0,0,0.002548517659306526,2.651269197943822e-06,3707645,3707645,e29f550a42461f40cf23938ba1af8f8ef38beb02534f90b5db1b9e859b475af8,expert_wires+checkpoint,1,1,1
model.language_model.layers.45.mlp.experts.81.up_proj,routed,TESSERA_E4M3_K1_R896,r896,1,1,0.0029186359606683254,1.747381643300577e-06,3691257,3691257,10eda7a391fb0c33aef6ef4fec754df383579131857336d2f030d0d9fe5c2d0e,expert_wires+checkpoint,1,1,1
model.language_model.layers.45.mlp.experts.82.down_proj,routed,TESSERA_BF16_K1_R896,r896,0,0,0.00047753151739016175,1.118380333905739e-06,3711694,3711694,459cdfff0b7483012c279152c6be4d9d0b36d59b7b34d520ac45382bbbe2a2dc,expert_wires+checkpoint,1,1,1
model.language_model.layers.45.mlp.experts.82.down_proj,routed,TESSERA_E4M3_K1_R896,r896,1,1,0.0005176143022254109,2.0697117929241124e-06,3695306,3695306,3785a8432ba6a196e8370857ea3408d40da82374dd0e8e7c3c3155704718dce5,expert_wires+checkpoint,1,1,1
model.language_model.layers.45.mlp.experts.82.gate_proj,routed,TESSERA_BF16_K1_R896,r896,0,0,0.0019255164079368114,2.628680549796594e-06,3707645,3707645,9a6216a5d5504edab2d8ba50fbccbbc388153849adc3a83691541306281b7a3a,expert_wires+checkpoint,1,1,1
model.language_model.layers.45.mlp.experts.82.gate_proj,routed,TESSERA_E4M3_K1_R896,r896,1,1,0.00228704372420907,3.2925532838227515e-07,3691257,3691257,5392998e5348cd6d73dca119bb35811d3502f329f4d4ed365c31931e0d48fd20,expert_wires+checkpoint,1,1,1
model.language_model.layers.45.mlp.experts.82.up_proj,routed,TESSERA_BF16_K1_R896,r896,0,0,0.00203108717687428,4.614389363354578e-07,3707645,3707645,dd2ec1904208c0031ae86dc6a34d277fd5adb0de4f7a82a2aae2d7df750e507a,expert_wires+checkpoint,1,1,1
model.language_model.layers.45.mlp.experts.82.up_proj,routed,TESSERA_E4M3_K1_R896,r896,1,1,0.0024018478579819202,6.459866540885309e-07,3691257,3691257,6a976dc3c686a8d5e503300caade031c47ace997056c552d79090ae3e9a9858f,expert_wires+checkpoint,1,1,1
model.language_model.layers.45.mlp.experts.83.down_proj,routed,TESSERA_BF16_K1_R896,r896,0,0,0.00045053043868392706,2.653265343837685e-06,3711694,3711694,dccf700f9e1a0e18886aec4a29a9b92d30c8c8df283d7314585e7969e31c7ff7,expert_wires+checkpoint,1,1,1
model.language_model.layers.45.mlp.experts.83.down_proj,routed,TESSERA_E4M3_K1_R896,r896,1,1,0.00048735024756751955,7.587391331267341e-07,3695306,3695306,7d12454043f16418d99841aca4d8399dde3288d46e78a9c12d12069fb845fc0b,expert_wires+checkpoint,1,1,1
model.language_model.layers.45.mlp.experts.83.gate_proj,routed,TESSERA_BF16_K1_R896,r896,0,0,0.0020534847863018513,2.8151571153358216e-07,3707645,3707645,ac666a91ca6df14e8844338d34816336631caebf3a8eb801faaab3d9e2442708,expert_wires+checkpoint,1,1,1
model.language_model.layers.45.mlp.experts.83.gate_proj,routed,TESSERA_E4M3_K1_R896,r896,1,1,0.002388701541349292,1.1846264894953621e-06,3691257,3691257,eec588a4382d8be4e3e90bf3ebba2409d5e5d5fab0b040c89246dd7af584422c,expert_wires+checkpoint,1,1,1
model.language_model.layers.45.mlp.experts.83.up_proj,routed,TESSERA_BF16_K1_R896,r896,0,0,0.0022138955537229776,1.4071562149091167e-06,3707645,3707645,4d02a4a7ffbaaec071b0a9421b6b789741e59440991fd43df05594bb817803d5,expert_wires+checkpoint,1,1,1
model.language_model.layers.45.mlp.experts.83.up_proj,routed,TESSERA_E4M3_K1_R896,r896,1,1,0.002579321386292577,1.0084515517784979e-06,3691257,3691257,4d46e5125eabd9f38b81d9c7da85aba11db493ad07557a52c98beda47f863942,expert_wires+checkpoint,1,1,1
model.language_model.layers.45.mlp.experts.84.down_proj,routed,TESSERA_BF16_K1_R896,r896,0,0,0.0004915610188618302,8.897965778870888e-07,3711694,3711694,c942d8092b82230ee5b04079341db54e9a1fc73741977d26be1500d98f147cab,expert_wires+checkpoint,1,1,1
model.language_model.layers.45.mlp.experts.84.down_proj,routed,TESSERA_E4M3_K1_R896,r896,1,1,0.0005294291186146438,8.961828008389574e-07,3695306,3695306,40874e394d28e5d9cf30e27d3e5dd3ee7ec0c29383fccda3fd42c09037114344,expert_wires+checkpoint,1,1,1
model.language_model.layers.45.mlp.experts.84.gate_proj,routed,TESSERA_BF16_K1_R896,r896,0,0,0.002249147742986679,7.569643882763257e-07,3707645,3707645,8ee930f21eca9b499fee56a9207ff3da6d5f7988b47b64ddcc17aae2ad7af394,expert_wires+checkpoint,1,1,1
model.language_model.layers.45.mlp.experts.84.gate_proj,routed,TESSERA_E4M3_K1_R896,r896,1,1,0.0025932295247912407,1.486731502016758e-06,3691257,3691257,144d7c6014a8bb3fee766d5926e4dfc5297ad0012a0c0196b204057bf167d4d6,expert_wires+checkpoint,1,1,1
model.language_model.layers.45.mlp.experts.84.up_proj,routed,TESSERA_BF16_K1_R896,r896,0,0,0.002506918739527464,6.352220521140143e-07,3707645,3707645,89c1ccb978d3403c7c460db898573c84deb175ec339b83765fc400925b18133c,expert_wires+checkpoint,1,1,1
model.language_model.layers.45.mlp.experts.84.up_proj,routed,TESSERA_E4M3_K1_R896,r896,1,1,0.0029064116533845663,1.4664886719847132e-06,3691257,3691257,c301d07151f6d914f96b29e4fc119f92fec13eb1550eb1fddc8f5c8309919bb0,expert_wires+checkpoint,1,1,1
model.language_model.layers.45.mlp.experts.85.down_proj,routed,TESSERA_BF16_K1_R896,r896,0,0,0.0006400843267329037,2.9291771992346e-06,3711694,3711694,60f6c4de7487d641f42e986c59f750e7b43f5c46bee084e1e243f1cb31c5766d,expert_wires+checkpoint,1,1,1
model.language_model.layers.45.mlp.experts.85.down_proj,routed,TESSERA_E4M3_K1_R896,r896,1,1,0.0006889591459184885,2.111204780284576e-06,3695306,3695306,af5a4dc4bf99a14b25c1ad53b785e4ba19bb95a8b0214f0c8d8cfc4e97f26de4,expert_wires+checkpoint,1,1,1
model.language_model.layers.45.mlp.experts.85.gate_proj,routed,TESSERA_BF16_K1_R896,r896,0,0,0.002007707254961133,8.265501560189184e-07,3707645,3707645,7868ec35e82d32b3c6b96b1bd3b20f52158dd609ca89477028617576f355ecae,expert_wires+checkpoint,1,1,1
model.language_model.layers.45.mlp.experts.85.gate_proj,routed,TESSERA_E4M3_K1_R896,r896,1,1,0.0023355912417173386,1.9423826465857735e-07,3691257,3691257,c445f287eb011f3becb8e31794b69d70e010dcaadb97fc4d2af4d227fd28e2f4,expert_wires+checkpoint,1,1,1
model.language_model.layers.45.mlp.experts.85.up_proj,routed,TESSERA_BF16_K1_R896,r896,0,0,0.002578114625066519,1.6941303570558478e-06,3707645,3707645,f52de6706e41386f1a288480756bc204286c729ea8a7980da37341b2d3366e44,expert_wires+checkpoint,1,1,1
model.language_model.layers.45.mlp.experts.85.up_proj,routed,TESSERA_E4M3_K1_R896,r896,1,1,0.002952023409307003,4.3532625563095435e-06,3691257,3691257,f8aad759f09262087f78d97f8a78db643ea9e18ccd0e58b76362a9120470d70b,expert_wires+checkpoint,1,1,1
model.language_model.layers.45.mlp.experts.86.down_proj,routed,TESSERA_BF16_K1_R896,r896,0,0,0.0010608644224703312,3.173871679897098e-06,3711694,3711694,d4e71a137ca1328bcc9644e863da2c41537fe63af713254c619b133e5ec7605b,expert_wires+checkpoint,1,1,1
model.language_model.layers.45.mlp.experts.86.down_proj,routed,TESSERA_E4M3_K1_R896,r896,1,1,0.001191654009744525,5.69446674493973e-06,3695306,3695306,bdfcdb86734a8ac6521b9ecfb493a6704a655ba3a21bc76aa6f374a4a765b67c,expert_wires+checkpoint,1,1,1
model.language_model.layers.45.mlp.experts.86.gate_proj,routed,TESSERA_BF16_K1_R896,r896,0,0,0.0016432639677077532,4.71250257336956e-06,3707645,3707645,b17195fc16a3f6571ff9ac5a7252151403c696ddc90c3e765eb88a1b126816d9,expert_wires+checkpoint,1,1,1
model.language_model.layers.45.mlp.experts.86.gate_proj,routed,TESSERA_E4M3_K1_R896,r896,1,1,0.0019219120731577277,2.1789545289134996e-06,3691257,3691257,aec0bfc507a726d17aaf27cfbc08cfd5955de04ba035c4ec1d91f4f973e17146,expert_wires+checkpoint,1,1,1
model.language_model.layers.45.mlp.experts.86.up_proj,routed,TESSERA_BF16_K1_R896,r896,0,0,0.0023796125315129757,5.591754003556668e-06,3707645,3707645,fca90f9fdf981eea1f745c289635f78fc046a832893da65161fb0d598e979c09,expert_wires+checkpoint,1,1,1
model.language_model.layers.45.mlp.experts.86.up_proj,routed,TESSERA_E4M3_K1_R896,r896,1,1,0.0027809827588498592,6.012302470508259e-06,3691257,3691257,43b56d97d71310777521047c55b44baea93039da9d1127640e02c893b7c57ab5,expert_wires+checkpoint,1,1,1
model.language_model.layers.45.mlp.experts.87.down_proj,routed,TESSERA_BF16_K1_R896,r896,0,0,0.00034232420148327947,1.0205036059240537e-05,3711694,3711694,f94eae172cb86bc9a33bbb118879362182feb034b0bf13f86d5f72fc4cf90d8b,expert_wires+checkpoint,1,1,1
model.language_model.layers.45.mlp.experts.87.down_proj,routed,TESSERA_E4M3_K1_R896,r896,1,1,0.0003847404441330582,3.964584633002418e-06,3695306,3695306,a138a5d4cbd08767de7bb8402b7af912cf77aefdbade8cd87d9559920a3d77a6,expert_wires+checkpoint,1,1,1
model.language_model.layers.45.mlp.experts.87.gate_proj,routed,TESSERA_BF16_K1_R896,r896,0,0,0.0014804734382778406,1.961166350942934e-06,3707645,3707645,dc2008c322907bae8a5be06927c1ba9239e22f22ccc006839f9f8a8b05320301,expert_wires+checkpoint,1,1,1
model.language_model.layers.45.mlp.experts.87.gate_proj,routed,TESSERA_E4M3_K1_R896,r896,1,1,0.0017706658691167831,1.9160912800008215e-06,3691257,3691257,5da5fa8469271492044e5e1447bf2e958e95f3b227578dcaca1fa12aa9b43aef,expert_wires+checkpoint,1,1,1
model.language_model.layers.45.mlp.experts.87.up_proj,routed,TESSERA_BF16_K1_R896,r896,0,0,0.0015043788589537144,4.22239268870469e-06,3707645,3707645,b64af1fe230586cdf5eb20adb69e2c9825b2e3dbfd218a76b8fd7c450b5e6934,expert_wires+checkpoint,1,1,1
model.language_model.layers.45.mlp.experts.87.up_proj,routed,TESSERA_E4M3_K1_R896,r896,1,1,0.0017822582740336657,3.5682179160322857e-06,3691257,3691257,a998c38630683a2cfe24c7f25ed145d03e1214293271f96ee3e74a118a116529,expert_wires+checkpoint,1,1,1
model.language_model.layers.45.mlp.experts.88.down_proj,routed,TESSERA_BF16_K1_R896,r896,0,0,0.0007409274694509804,5.674374108602644e-07,3711694,3711694,c2a794e2981cd18edb56717472291d081a70c758674baa553477fb8b7350e738,expert_wires+checkpoint,1,1,1
model.language_model.layers.45.mlp.experts.88.down_proj,routed,TESSERA_E4M3_K1_R896,r896,1,1,0.0008216719143092632,5.791630371193709e-07,3695306,3695306,8f215add5625cb9ef33361dc23b5253897371c4ccc1db816d7675de0618119c0,expert_wires+checkpoint,1,1,1
model.language_model.layers.45.mlp.experts.88.gate_proj,routed,TESSERA_BF16_K1_R896,r896,0,0,0.0018400057451799512,2.881674766195354e-07,3707645,3707645,0292addb7b17da87f2360fd836f9215f8b1bab1d632c37c6ecca8205ff4f063e,expert_wires+checkpoint,1,1,1
model.language_model.layers.45.mlp.experts.88.gate_proj,routed,TESSERA_E4M3_K1_R896,r896,1,1,0.0021695380564779043,4.120347915954801e-07,3691257,3691257,cdbc19c4b3b1a2e1541038ff03b42451aaf0fd973da813951e498d124061da33,expert_wires+checkpoint,1,1,1
model.language_model.layers.45.mlp.experts.88.up_proj,routed,TESSERA_BF16_K1_R896,r896,0,0,0.0020668935030698776,4.369216811966376e-07,3707645,3707645,ef36035ab73d2f3f68e43c2ac406d251ceba37c0f52df338c04c98efca212948,expert_wires+checkpoint,1,1,1
model.language_model.layers.45.mlp.experts.88.up_proj,routed,TESSERA_E4M3_K1_R896,r896,1,1,0.002424650825560093,2.1283315822216798e-08,3691257,3691257,7a454570a50500ccb2f6fbfd63023daaaead31912734d8f6adcbdbc96dbcc810,expert_wires+checkpoint,1,1,1
model.language_model.layers.45.mlp.experts.89.down_proj,routed,TESSERA_BF16_K1_R896,r896,0,0,0.0003962578484788537,2.4968513380319967e-06,3711694,3711694,358f880ea4727932909ed7f7c9d1b59197febd2806a0ea1978b784d9a463cb74,expert_wires+checkpoint,1,1,1
model.language_model.layers.45.mlp.experts.89.down_proj,routed,TESSERA_E4M3_K1_R896,r896,1,1,0.00043255003402009606,5.047128273798377e-07,3695306,3695306,3656666f2a6dbabdbab0bb637db720dd6cc866fc6854f62d1593f5f4c9d8bf88,expert_wires+checkpoint,1,1,1
model.language_model.layers.45.mlp.experts.89.gate_proj,routed,TESSERA_BF16_K1_R896,r896,0,0,0.0018485167529433966,6.175903633527652e-07,3707645,3707645,437b71aec60c5464a5de870bc96ed49cf42d1faf85f6e6ba7bafc6742e988c7e,expert_wires+checkpoint,1,1,1
model.language_model.layers.45.mlp.experts.89.gate_proj,routed,TESSERA_E4M3_K1_R896,r896,1,1,0.0021850410848855972,8.207172878954133e-08,3691257,3691257,962a4742a3f83e919984f9573b0aabc22aaa31aebe5b26a5c409bef0ba22e5d9,expert_wires+checkpoint,1,1,1
model.language_model.layers.45.mlp.experts.89.up_proj,routed,TESSERA_BF16_K1_R896,r896,0,0,0.002031614538282156,3.035968792125402e-07,3707645,3707645,49ca8484bf4a0041f3bf4ee294ff423dfe9a850f7da014a09efa53b063e2bd48,expert_wires+checkpoint,1,1,1
model.language_model.layers.45.mlp.experts.89.up_proj,routed,TESSERA_E4M3_K1_R896,r896,1,1,0.0024019668344408274,4.7573069207178594e-07,3691257,3691257,f1a233bcdd15e615f611b97e3ffefe9c6e55faa78d06113786ee11aa6715c4fd,expert_wires+checkpoint,1,1,1
model.language_model.layers.45.mlp.experts.9.down_proj,routed,TESSERA_BF16_K1_R896,r896,0,0,0.0007991342572495341,1.5117734212562924e-06,3711694,3711694,3acce4b04e4a0ec8f8c74ab745181f030460e5ad4183a66b983ad2e57dd00069,expert_wires+checkpoint,1,1,1
model.language_model.layers.45.mlp.experts.9.down_proj,routed,TESSERA_E4M3_K1_R896,r896,1,1,0.0009320528479292989,4.3032790053501404e-07,3695306,3695306,0c74b0b9dd1fb5ee98c639251d8922a0a3a576f1d5763a4e83e64d233644c76c,expert_wires+checkpoint,1,1,1
model.language_model.layers.45.mlp.experts.9.gate_proj,routed,TESSERA_BF16_K1_R896,r896,0,0,0.0013064055237919092,3.822413843565112e-07,3707645,3707645,63b1ab47f2d00c16284d75c3a2c2c0ce7e732893ee947442f991c671750f70b1,expert_wires+checkpoint,1,1,1
model.language_model.layers.45.mlp.experts.9.gate_proj,routed,TESSERA_E4M3_K1_R896,r896,1,1,0.0016597022768110037,1.2239084128690068e-07,3691257,3691257,0e5ea77da582e48cfd88fd6396a79e645938c784c6ed4d48289fafede9c20c66,expert_wires+checkpoint,1,1,1
model.language_model.layers.45.mlp.experts.9.up_proj,routed,TESSERA_BF16_K1_R896,r896,0,0,0.0012824393343180418,2.5077665825857293e-07,3707645,3707645,2372d093e40edb5c8c499469e0d0c6f5e5673f3c3ae9dfc8c3848aff037c8a43,expert_wires+checkpoint,1,1,1
model.language_model.layers.45.mlp.experts.9.up_proj,routed,TESSERA_E4M3_K1_R896,r896,1,1,0.001622682553716004,8.864938067429957e-07,3691257,3691257,c78b119ad663e6a5c4e5904f8d34992f657953279d99198489b49850d38b6fa3,expert_wires+checkpoint,1,1,1
model.language_model.layers.45.mlp.experts.90.down_proj,routed,TESSERA_BF16_K1_R896,r896,0,0,0.00036230095429345965,1.2281622771938484e-06,3711694,3711694,d71b777517bd348bc55e749545d5f3ef842b298b6e8dc36b4a4fb2fc2104e7f4,expert_wires+checkpoint,1,1,1
model.language_model.layers.45.mlp.experts.90.down_proj,routed,TESSERA_E4M3_K1_R896,r896,1,1,0.00039270700654014945,7.507283644085223e-07,3695306,3695306,dbe79a89b4b00955cdd7f8e9a7927ee6ddbe94347d018a6492311bc4d95effb1,expert_wires+checkpoint,1,1,1
model.language_model.layers.45.mlp.experts.90.gate_proj,routed,TESSERA_BF16_K1_R896,r896,0,0,0.0021382200066000223,2.5524770289089064e-06,3707645,3707645,0f6da0566802449c622a17393ef6691f2668a9cbfe8a474623136116250c3e52,expert_wires+checkpoint,1,1,1
model.language_model.layers.45.mlp.experts.90.gate_proj,routed,TESSERA_E4M3_K1_R896,r896,1,1,0.002488231286406517,1.779364080054807e-06,3691257,3691257,81627d803795e34d4d9ef5e5a356475c80fbebd0c63beaff9e78aae79cc05e26,expert_wires+checkpoint,1,1,1
model.language_model.layers.45.mlp.experts.90.up_proj,routed,TESSERA_BF16_K1_R896,r896,0,0,0.0022565783001482487,5.245065158632645e-07,3707645,3707645,df5f3a540fd3ae24968f7ab805f1a89ba38a099426510a456faa3b55d156430f,expert_wires+checkpoint,1,1,1
model.language_model.layers.45.mlp.experts.90.up_proj,routed,TESSERA_E4M3_K1_R896,r896,1,1,0.0026272060349583626,1.6139723728453478e-06,3691257,3691257,d2626286d1fc1048a908200c351472d7dc1327a9e3673f44cce03337a0cdb4ef,expert_wires+checkpoint,1,1,1
model.language_model.layers.45.mlp.experts.91.down_proj,routed,TESSERA_BF16_K1_R896,r896,0,0,0.0004974306793883443,3.42472272979179e-06,3711694,3711694,f9ec6900069713636ef7609c71285aa06331d7cfbf44c7bf5bf68c2d838e726b,expert_wires+checkpoint,1,1,1
model.language_model.layers.45.mlp.experts.91.down_proj,routed,TESSERA_E4M3_K1_R896,r896,1,1,0.0005352043081074953,2.9712437040436156e-06,3695306,3695306,119ca0e2b19ac2d39f5b7de611a685bdb9af519f5019c042bafc4e0dd46f6432,expert_wires+checkpoint,1,1,1
model.language_model.layers.45.mlp.experts.91.gate_proj,routed,TESSERA_BF16_K1_R896,r896,0,0,0.0020527851302176714,3.684264674480217e-07,3707645,3707645,c15f6b4508318cbe93abf1f71b49024525c685949869e5e9f9c001eb9c8b2ab3,expert_wires+checkpoint,1,1,1
model.language_model.layers.45.mlp.experts.91.gate_proj,routed,TESSERA_E4M3_K1_R896,r896,1,1,0.0023839431814849377,2.1881823918741932e-07,3691257,3691257,021c0f018954c44374b4af9b6b109084126e50c93ea19482809ac6e00269e6bc,expert_wires+checkpoint,1,1,1
model.language_model.layers.45.mlp.experts.91.up_proj,routed,TESSERA_BF16_K1_R896,r896,0,0,0.0021987769287079573,5.868448862302723e-07,3707645,3707645,d571f6d72f38357c8839155bef64c0beef0f873edd82db121819e225bdf0d60b,expert_wires+checkpoint,1,1,1
model.language_model.layers.45.mlp.experts.91.up_proj,routed,TESSERA_E4M3_K1_R896,r896,1,1,0.0025657499209046364,1.1374668073635255e-06,3691257,3691257,75070ec659afa445624f0d8d4887a024d2d4947532b23326a0718befd86f72cd,expert_wires+checkpoint,1,1,1
model.language_model.layers.45.mlp.experts.92.down_proj,routed,TESSERA_BF16_K1_R896,r896,0,0,0.00451577827334404,3.180686339087987e-06,3711694,3711694,712e76a3240cddcfb39d2d2890d08aae5bf4888b1fe6ab7a7f2135a129feab32,expert_wires+checkpoint,1,1,1
model.language_model.layers.45.mlp.experts.92.down_proj,routed,TESSERA_E4M3_K1_R896,r896,1,1,0.005050312262028456,9.443997764082336e-06,3695306,3695306,59e94befabaff429733574b345482419234bbf0f4e07015d2dbb3c04f4449f8a,expert_wires+checkpoint,1,1,1
model.language_model.layers.45.mlp.experts.92.gate_proj,routed,TESSERA_BF16_K1_R896,r896,0,0,0.003009157720953226,2.0496596516789536e-06,3707645,3707645,13a4f98146e9db9edbdd05a96c65069482f27ad1ac74dc62019c8ef919bf356a,expert_wires+checkpoint,1,1,1
model.language_model.layers.45.mlp.experts.92.gate_proj,routed,TESSERA_E4M3_K1_R896,r896,1,1,0.003424576483666897,1.2572334456605407e-06,3691257,3691257,00990bd405911d96ba4bda0f64caf8d8403769d892a8d8e2bf4a11b4228f37fd,expert_wires+checkpoint,1,1,1
model.language_model.layers.45.mlp.experts.92.up_proj,routed,TESSERA_BF16_K1_R896,r896,0,0,0.0033526294864714146,7.647793376640917e-06,3707645,3707645,b91fb13989449e8682cae1dbd00c167c81eb3a00ad4556cb200a33b1e177a9fe,expert_wires+checkpoint,1,1,1
model.language_model.layers.45.mlp.experts.92.up_proj,routed,TESSERA_E4M3_K1_R896,r896,1,1,0.003813373390585184,1.0443056455625096e-06,3691257,3691257,4b070a7914100363bceaa06ce637b0adeddd6bac536c8de117a94e49544fa5c6,expert_wires+checkpoint,1,1,1
model.language_model.layers.45.mlp.experts.93.down_proj,routed,TESSERA_BF16_K1_R896,r896,0,0,0.0004164983984082937,1.1479029826920268e-06,3711694,3711694,c35ec76326e92550ec223d3ef24caac37826c0d897bfcf8b6a8bd9f8bdac56a1,expert_wires+checkpoint,1,1,1
model.language_model.layers.45.mlp.experts.93.down_proj,routed,TESSERA_E4M3_K1_R896,r896,1,1,0.0004531179438345134,2.649056124544697e-07,3695306,3695306,290260b499355dbfa0618f03cf0b5fa216da55a940e70e89b19c598670aa77da,expert_wires+checkpoint,1,1,1
model.language_model.layers.45.mlp.experts.93.gate_proj,routed,TESSERA_BF16_K1_R896,r896,0,0,0.0017101013800129294,2.1917750296889036e-07,3707645,3707645,9228b135b19992155ab655e60da111b457f913cfd4090649d0aa7d6a139ebc9a,expert_wires+checkpoint,1,1,1
model.language_model.layers.45.mlp.experts.93.gate_proj,routed,TESSERA_E4M3_K1_R896,r896,1,1,0.002018557395786047,1.7313252135558179e-07,3691257,3691257,aa6b0fa882f810d53fc9f9695ce41c886ca4c7407aaf40878dcec87efc8c95eb,expert_wires+checkpoint,1,1,1
model.language_model.layers.45.mlp.experts.93.up_proj,routed,TESSERA_BF16_K1_R896,r896,0,0,0.002000225940719247,5.09432861363784e-07,3707645,3707645,9292aa00e3166ca770cf7b66acee0a4225e75c5b6f88c98639ec489e0ab68fdc,expert_wires+checkpoint,1,1,1
model.language_model.layers.45.mlp.experts.93.up_proj,routed,TESSERA_E4M3_K1_R896,r896,1,1,0.0023549534380435944,3.5612351922903305e-07,3691257,3691257,b1d7e6d473b559dd25381f076731c4a3d8483a6891d58376a9cd9378feacdc4d,expert_wires+checkpoint,1,1,1
model.language_model.layers.45.mlp.experts.94.down_proj,routed,TESSERA_BF16_K1_R896,r896,0,0,0.00030437938403338194,2.273785974668352e-06,3711694,3711694,c97a371a17af2d2f3b0d852cfbd3d821920ffe6e00e15ed5efc9cea1fb6ee254,expert_wires+checkpoint,1,1,1
model.language_model.layers.45.mlp.experts.94.down_proj,routed,TESSERA_E4M3_K1_R896,r896,1,1,0.0003512173716444522,3.275069312003971e-06,3695306,3695306,cb8e39bf4694542fe20d857d78b73df1a42952f019830964f9bd1156f23d09d8,expert_wires+checkpoint,1,1,1
model.language_model.layers.45.mlp.experts.94.gate_proj,routed,TESSERA_BF16_K1_R896,r896,0,0,0.0013807585928589106,3.2991942491777087e-06,3707645,3707645,bdf836bd06e8f3cacf9c75f3c0c6867e35c2c78fe105ce124a3703cb8cded412,expert_wires+checkpoint,1,1,1
model.language_model.layers.45.mlp.experts.94.gate_proj,routed,TESSERA_E4M3_K1_R896,r896,1,1,0.0016803109319880605,2.6559213019028867e-06,3691257,3691257,09b5f8052b7a3348c3dbce2202f3a647316a1d21df3f4fde9b464493922013f3,expert_wires+checkpoint,1,1,1
model.language_model.layers.45.mlp.experts.94.up_proj,routed,TESSERA_BF16_K1_R896,r896,0,0,0.0013426659861579537,8.576581092412738e-07,3707645,3707645,d572ee4a3b04f62b12371c47075ccb6e451f82ba64703122c1c52d64432b7b6f,expert_wires+checkpoint,1,1,1
model.language_model.layers.45.mlp.experts.94.up_proj,routed,TESSERA_E4M3_K1_R896,r896,1,1,0.0016250337939709425,1.8827243605042566e-06,3691257,3691257,9cae4eac8009577a6ec1856dcc532e2b755abb9540e4c2816929842c496387ab,expert_wires+checkpoint,1,1,1
model.language_model.layers.45.mlp.experts.95.down_proj,routed,TESSERA_BF16_K1_R896,r896,0,0,0.00040380799327977,3.380310178805809e-06,3711694,3711694,d9f942716361582724e08ea37f9ad2e99f9ce2a47b72d15bbe0ff0754e1bb077,expert_wires+checkpoint,1,1,1
model.language_model.layers.45.mlp.experts.95.down_proj,routed,TESSERA_E4M3_K1_R896,r896,1,1,0.00043612238368950784,2.848558206113069e-06,3695306,3695306,0416228a2de3fedd30a4e32d30a6089f6257489b1e94966cf3f068b39e009d24,expert_wires+checkpoint,1,1,1
model.language_model.layers.45.mlp.experts.95.gate_proj,routed,TESSERA_BF16_K1_R896,r896,0,0,0.0023217150010168552,9.735291260434751e-08,3707645,3707645,9a2b44a4b546c8c1be954a30fd9649dcc7633939fec3dbda7f5680cc5bd25d49,expert_wires+checkpoint,1,1,1
model.language_model.layers.45.mlp.experts.95.gate_proj,routed,TESSERA_E4M3_K1_R896,r896,1,1,0.0026859843637794256,7.293956122255444e-07,3691257,3691257,f8a3182f2ecd0d29bc3d3dd7777efeed0846e8e4c17076b60ae10e245067c292,expert_wires+checkpoint,1,1,1
model.language_model.layers.45.mlp.experts.95.up_proj,routed,TESSERA_BF16_K1_R896,r896,0,0,0.0025033983401954174,8.771990043565391e-07,3707645,3707645,cced917b47dbd941a7d75e8bcd7582b2ceb8d84f6335528f1642c6a2bda9a2ad,expert_wires+checkpoint,1,1,1
model.language_model.layers.45.mlp.experts.95.up_proj,routed,TESSERA_E4M3_K1_R896,r896,1,1,0.002888322342187166,2.053033608058587e-07,3691257,3691257,c5c44569f2475ff4ae454a9f081f9189c2ce061d43c0c5afc11123006a50b68d,expert_wires+checkpoint,1,1,1
model.language_model.layers.45.mlp.experts.96.down_proj,routed,TESSERA_BF16_K1_R896,r896,0,0,0.0004694859671872109,1.6437003857117138e-07,3711694,3711694,477ec45a999808927e69d2ccb1ba0b8592cdfc5036128eff3bb81c3f92b78a71,expert_wires+checkpoint,1,1,1
model.language_model.layers.45.mlp.experts.96.down_proj,routed,TESSERA_E4M3_K1_R896,r896,1,1,0.0005587476771324873,4.5876733631339276e-07,3695306,3695306,5c85e9e26b2164bd76796e567fd3a865fd0d2567480bdf2909e62717de83ccca,expert_wires+checkpoint,1,1,1
model.language_model.layers.45.mlp.experts.96.gate_proj,routed,TESSERA_BF16_K1_R896,r896,0,0,0.0007075398461893201,3.139882205338403e-07,3707645,3707645,0a1c201f602321589c1e573b41713bf6f764895e5b91e357ab2d14bfdbe89bd2,expert_wires+checkpoint,1,1,1
model.language_model.layers.45.mlp.experts.96.gate_proj,routed,TESSERA_E4M3_K1_R896,r896,1,1,0.0010003808420151472,1.9101716666018154e-07,3691257,3691257,104ee94a550139357c029280700815f673b046c7793145e04f6f31a0235c5210,expert_wires+checkpoint,1,1,1
model.language_model.layers.45.mlp.experts.96.up_proj,routed,TESSERA_BF16_K1_R896,r896,0,0,0.0007944725803099573,3.982400189846908e-08,3707645,3707645,4f272f7608b37e1011cd9a970e993a17f0603f5511559219e9b57de32ee72490,expert_wires+checkpoint,1,1,1
model.language_model.layers.45.mlp.experts.96.up_proj,routed,TESSERA_E4M3_K1_R896,r896,1,1,0.0011089941253885627,2.753767899253836e-07,3691257,3691257,f23b1835777dd7daa22a5aea9563a6f6fa5e6debc9bb0caf40ad889e9b4e8304,expert_wires+checkpoint,1,1,1
model.language_model.layers.45.mlp.experts.97.down_proj,routed,TESSERA_BF16_K1_R896,r896,0,0,0.0003080564783886075,4.60534712932374e-06,3711694,3711694,be1505b8c93c0b5b09afa9c7d6b2a24011ac4725775c187729d08b6bf92e0926,expert_wires+checkpoint,1,1,1
model.language_model.layers.45.mlp.experts.97.down_proj,routed,TESSERA_E4M3_K1_R896,r896,1,1,0.0003506896027829498,1.4895881044271697e-06,3695306,3695306,c979b351ed5dae2caecb8d220f36e15f1d5922ec26b8bf4420530788b77a7374,expert_wires+checkpoint,1,1,1
model.language_model.layers.45.mlp.experts.97.gate_proj,routed,TESSERA_BF16_K1_R896,r896,0,0,0.0013874757569283247,6.741714818653653e-07,3707645,3707645,5102d990c4d1223c90e3c1d42349a37b539be1456951616f25381bf1b34f4b54,expert_wires+checkpoint,1,1,1
model.language_model.layers.45.mlp.experts.97.gate_proj,routed,TESSERA_E4M3_K1_R896,r896,1,1,0.0017075377982109785,2.050758173806129e-06,3691257,3691257,0854751346223243ebc43a1b1fc73bdd7ca5bbedbd5c9c3833d5b0e295ed58c4,expert_wires+checkpoint,1,1,1
model.language_model.layers.45.mlp.experts.97.up_proj,routed,TESSERA_BF16_K1_R896,r896,0,0,0.0014302898198366165,7.769797512372906e-07,3707645,3707645,a2469e2928e660db485cbc55b0c0a0ac959db1c911caff4f18bd7e6b462a7eb1,expert_wires+checkpoint,1,1,1
model.language_model.layers.45.mlp.experts.97.up_proj,routed,TESSERA_E4M3_K1_R896,r896,1,1,0.0017379533965140581,1.966292477696638e-06,3691257,3691257,95cbacd7f9584f2ee589b07b47c41e13f357680e80cb34c25aee3718e67c05da,expert_wires+checkpoint,1,1,1
model.language_model.layers.45.mlp.experts.98.down_proj,routed,TESSERA_BF16_K1_R896,r896,0,0,0.0006548353703692555,5.186898392623956e-07,3711694,3711694,38ca5ca29d6cf3f810aabf64ecec82cb9500c80c82d65f6fba9c833491aa0a73,expert_wires+checkpoint,1,1,1
model.language_model.layers.45.mlp.experts.98.down_proj,routed,TESSERA_E4M3_K1_R896,r896,1,1,0.0007491217693313956,3.183730255549931e-06,3695306,3695306,018b13fcca34d74e5e4ef6004b5dd7bd993ced4349223023797d40b63e35d8ea,expert_wires+checkpoint,1,1,1
model.language_model.layers.45.mlp.experts.98.gate_proj,routed,TESSERA_BF16_K1_R896,r896,0,0,0.0013663142453879118,2.0083414078129317e-06,3707645,3707645,58979be601b6ceb23085e827f886ed7abc0e76f4af5754c7199c383446b7285a,expert_wires+checkpoint,1,1,1
model.language_model.layers.45.mlp.experts.98.gate_proj,routed,TESSERA_E4M3_K1_R896,r896,1,1,0.0017054110066965222,1.143805070178232e-06,3691257,3691257,1bd58cab043135b46b7c4bf3a5378b9dc35367c78ee8a7be3cdb1755064c0da1,expert_wires+checkpoint,1,1,1
model.language_model.layers.45.mlp.experts.98.up_proj,routed,TESSERA_BF16_K1_R896,r896,0,0,0.0016002515330910683,4.3129269580890617e-07,3707645,3707645,60d2fc323d1e81ca9cee2c356253c523c5caaa343bcfa4ee12364bafbe95c4b6,expert_wires+checkpoint,1,1,1
model.language_model.layers.45.mlp.experts.98.up_proj,routed,TESSERA_E4M3_K1_R896,r896,1,1,0.001985373441129923,1.14799311255491e-06,3691257,3691257,570d0c9c46bfaf6083aef5bac8a5a8fa1f8293334a2b0ef42a7b6e45bb816fbf,expert_wires+checkpoint,1,1,1
model.language_model.layers.45.mlp.experts.99.down_proj,routed,TESSERA_BF16_K1_R896,r896,0,0,0.00033708891714923084,1.2636087047248098e-06,3711694,3711694,06600cca4aee718107f368a1b62106e2f451003a27fe67c32af20151d7506d8a,expert_wires+checkpoint,1,1,1
model.language_model.layers.45.mlp.experts.99.down_proj,routed,TESSERA_E4M3_K1_R896,r896,1,1,0.0003722186665982008,1.2581276543071363e-06,3695306,3695306,ee7df450b93dcc3cf058d3d8b5aa4cfdd67844c4f742b6790dc2c50315358973,expert_wires+checkpoint,1,1,1
model.language_model.layers.45.mlp.experts.99.gate_proj,routed,TESSERA_BF16_K1_R896,r896,0,0,0.0016304661985486746,7.109181728797882e-07,3707645,3707645,3d1b5fa514dd6abad38c93527e00b5c8b31bc09bccb7db8ce581c506af6926aa,expert_wires+checkpoint,1,1,1
model.language_model.layers.45.mlp.experts.99.gate_proj,routed,TESSERA_E4M3_K1_R896,r896,1,1,0.0019626752473413944,3.1395989380171374e-07,3691257,3691257,9b9255a073b1529e25e3edc5fc41482542d087ecf83a76c6363bc92da2df53f2,expert_wires+checkpoint,1,1,1
model.language_model.layers.45.mlp.experts.99.up_proj,routed,TESSERA_BF16_K1_R896,r896,0,0,0.0017140702111646533,5.279881959896749e-07,3707645,3707645,edb1a6ff0d47a73d8718ba44e4bea7165e726e4eb5447b35f20dfc00fe5731af,expert_wires+checkpoint,1,1,1
model.language_model.layers.45.mlp.experts.99.up_proj,routed,TESSERA_E4M3_K1_R896,r896,1,1,0.0020507993176579475,1.319377251152501e-06,3691257,3691257,c38c6a42fcf72fd879a503931b59e0eb2a03ea838c5e37be378155fee272439d,expert_wires+checkpoint,1,1,1
model.language_model.layers.45.mlp.shared_experts.down_proj,shared,TESSERA_BF16_K1_R896,r896,1,0,0.0020709577947854996,0.0035262870117693385,3711694,3711694,243de1bebd45e6440ea2326d7489f3b1cce70dfd9ba90a8555f15ee7cab32e4f,checkpoint,1,1,1
model.language_model.layers.45.mlp.shared_experts.down_proj,shared,TESSERA_E4M3_K1_R896,r896,1,0,0.0022920072078704834,0.0039987515875997935,3695306,3695306,bfdcc7840f27185946481191609c3a2a2e8fc97469663bf68995c5853815b237,checkpoint,1,1,1
model.language_model.layers.45.mlp.shared_experts.gate_proj,shared,TESSERA_BF16_K1_R896,r896,1,0,0.0016423831693828106,0.0003074951684862801,3707645,3707645,d2a056551fb30cfbe763fca8eef7992feadaa8c9322b6056aa41dbb404ee1afe,checkpoint,1,1,1
model.language_model.layers.45.mlp.shared_experts.gate_proj,shared,TESSERA_E4M3_K1_R896,r896,1,0,0.0018228793051093817,0.0006932838270543711,3691257,3691257,5077b1dd340e8967fe7c56ddb1fd6eab61fc9b77e77a1dd01db8769b702ceaec,checkpoint,1,1,1
model.language_model.layers.45.mlp.shared_experts.up_proj,shared,TESSERA_BF16_K1_R896,r896,1,0,0.003731695469468832,0.0004269840422447249,3707645,3707645,04c3afbb72acf5dcaf8594b426ff075eea8ea211f001c73648a40087c9a8074e,checkpoint,1,1,1
model.language_model.layers.45.mlp.shared_experts.up_proj,shared,TESSERA_E4M3_K1_R896,r896,1,0,0.004042609594762325,0.0036155750465201864,3691257,3691257,2bb62a3d70a1c4dd3fbe1d9c63bde3fc17a541580ff02f3b6f3a414581616c8e,checkpoint,1,1,1
