unit,class,out_features,in_features,params,count,max_abs,capture_bytes,capture_sha256,hessian_shape,activation_shape,projection_geometry
model.language_model.layers.45.mlp.experts.0.down_proj,routed,4096,2048,8388608,2184,34.25,20973477,15a5105c5da77acecb6f9aba0e03e97bb0350125a5502da4f6c20509f37ee90f,2048x2048,512x2048,4096x2048
model.language_model.layers.45.mlp.experts.0.gate_proj,routed,2048,4096,8388608,2184,4.90625,75499429,2784bfb2b9a6049245e8d605661a2555d5b2e71e26c9720263bdee15c863bdfb,4096x4096,512x4096,2048x4096
model.language_model.layers.45.mlp.experts.0.up_proj,routed,2048,4096,8388608,2184,4.90625,75499429,f55be78544bc1791a6de0a424271e21abdb5977c499abafa75257e3ad265ae80,4096x4096,512x4096,2048x4096
model.language_model.layers.45.mlp.experts.1.down_proj,routed,4096,2048,8388608,6348,28.625,20973477,32a54d1008475a8aa1285c6186dac7e593fbea565f0b329ffd622195e076c4b5,2048x2048,512x2048,4096x2048
model.language_model.layers.45.mlp.experts.1.gate_proj,routed,2048,4096,8388608,6348,5.15625,75499429,66886ae7d5bbc47a176c1e3fe9da226df31541041ad0bbf6dd8ec8cdeb7aca91,4096x4096,512x4096,2048x4096
model.language_model.layers.45.mlp.experts.1.up_proj,routed,2048,4096,8388608,6348,5.15625,75499429,76bed038cca6cdbb3d94c69873e1f48141e8744da36c4b38f074b76effb2fcf2,4096x4096,512x4096,2048x4096
model.language_model.layers.45.mlp.experts.10.down_proj,routed,4096,2048,8388608,8553,29.625,20973477,ea37e43689bde8752b5a0e36c6ad93353de452c29fb0d43583597375e0683b20,2048x2048,512x2048,4096x2048
model.language_model.layers.45.mlp.experts.10.gate_proj,routed,2048,4096,8388608,8553,5.0,75499429,ff08f30c07a64f329bf36cf6ec97ec2f67b3670bba9ad83d10d7f7a5373c6d49,4096x4096,512x4096,2048x4096
model.language_model.layers.45.mlp.experts.10.up_proj,routed,2048,4096,8388608,8553,5.0,75499429,21a61c188e19e54b0e40bf037359b9eeee858b97e7872581482171c3b6b6c6e4,4096x4096,512x4096,2048x4096
model.language_model.layers.45.mlp.experts.100.down_proj,routed,4096,2048,8388608,10583,22.75,20973477,1c4b5c364adeea57918ab0c05e7d3fbc350439bb4edc4142268ac72e4ed7df99,2048x2048,512x2048,4096x2048
model.language_model.layers.45.mlp.experts.100.gate_proj,routed,2048,4096,8388608,10583,5.125,75499429,e29340c64633ea2d0f6253d1b8c70ba203912264bb8a7526b00c123350b77b70,4096x4096,512x4096,2048x4096
model.language_model.layers.45.mlp.experts.100.up_proj,routed,2048,4096,8388608,10583,5.125,75499429,9d20ad2d3d9ba43aa506327b60fd4ec9414bbe2a3023f7f73dee1ffcc0e66a73,4096x4096,512x4096,2048x4096
model.language_model.layers.45.mlp.experts.101.down_proj,routed,4096,2048,8388608,3836,20.75,20973477,5d0c866ceb8af80b79447b66bbc738e3e7182f660c49788a2ad74efd6bcce0e4,2048x2048,512x2048,4096x2048
model.language_model.layers.45.mlp.experts.101.gate_proj,routed,2048,4096,8388608,3836,6.375,75499429,8ab6c7902eb009557db780bc6c032e63f3332adb62e47e928966b47ebb818fc6,4096x4096,512x4096,2048x4096
model.language_model.layers.45.mlp.experts.101.up_proj,routed,2048,4096,8388608,3836,6.375,75499429,96a427375d665fbd776ed30a46bb31a057a3a76d9222c6482751a88cc0e5b86e,4096x4096,512x4096,2048x4096
model.language_model.layers.45.mlp.experts.102.down_proj,routed,4096,2048,8388608,14326,26.625,20973477,87390b7f1635083598489aab82f5ff8cc43b843838902f04b311c7ec75bdd409,2048x2048,512x2048,4096x2048
model.language_model.layers.45.mlp.experts.102.gate_proj,routed,2048,4096,8388608,14326,4.90625,75499429,d723a6951d45d5c513d09838804e887d07af74671c200f7e93474ec34141bdf8,4096x4096,512x4096,2048x4096
model.language_model.layers.45.mlp.experts.102.up_proj,routed,2048,4096,8388608,14326,4.90625,75499429,5c4b2bcc7f2308a7047f5f988f0038736d194269d89a613851913a7d8b0841b0,4096x4096,512x4096,2048x4096
model.language_model.layers.45.mlp.experts.103.down_proj,routed,4096,2048,8388608,2605,26.5,20973477,a65a07373fb63952d00b70ed361b0dc6dac97c2cfb85689f884b0154e5d30e4b,2048x2048,512x2048,4096x2048
model.language_model.layers.45.mlp.experts.103.gate_proj,routed,2048,4096,8388608,2605,4.3125,75499429,23cc72c78407e7afdbc7b05a134678025d041157c54708d9cc7052277fa76569,4096x4096,512x4096,2048x4096
model.language_model.layers.45.mlp.experts.103.up_proj,routed,2048,4096,8388608,2605,4.3125,75499429,25a21760edf250e5ddd30d235e258f1bb69334090dd1d7c9f4324c74090754b7,4096x4096,512x4096,2048x4096
model.language_model.layers.45.mlp.experts.104.down_proj,routed,4096,2048,8388608,4839,26.125,20973477,827d1783aee350f3cd0dbf68d411efe0fc0d53b75fc7f875e2b0711f80fc6512,2048x2048,512x2048,4096x2048
model.language_model.layers.45.mlp.experts.104.gate_proj,routed,2048,4096,8388608,4839,5.25,75499429,4ab8a3c60592fe208610cfa0309cef266bd69b6e31adffe31366488a4597e343,4096x4096,512x4096,2048x4096
model.language_model.layers.45.mlp.experts.104.up_proj,routed,2048,4096,8388608,4839,5.25,75499429,0134642aa0e2cd50e4164b6ad97d92ea7ff751c3a2c67d183b5c8d22e0b5f2c3,4096x4096,512x4096,2048x4096
model.language_model.layers.45.mlp.experts.105.down_proj,routed,4096,2048,8388608,3153,29.25,20973477,c4db479b0d5ddaba5c296c830d285ffe5691e7bb371e810816d2468738fb8b05,2048x2048,512x2048,4096x2048
model.language_model.layers.45.mlp.experts.105.gate_proj,routed,2048,4096,8388608,3153,4.875,75499429,117adff8a3ff38bd4626c1ad4450b5244bd62f40faa02c08132ee4df63d432f2,4096x4096,512x4096,2048x4096
model.language_model.layers.45.mlp.experts.105.up_proj,routed,2048,4096,8388608,3153,4.875,75499429,8e6b315501091890380abc81d5606f832fd5db67408ccb05fdfc43dba6b54059,4096x4096,512x4096,2048x4096
model.language_model.layers.45.mlp.experts.106.down_proj,routed,4096,2048,8388608,7265,21.375,20973477,c31fb8207bb26a5c357f5abe99dc92b5a0d8ebef01fffa3d7abdfaa56f4181b4,2048x2048,512x2048,4096x2048
model.language_model.layers.45.mlp.experts.106.gate_proj,routed,2048,4096,8388608,7265,5.03125,75499429,70068d2749b81ca655c2cdfb7c2bba2e33032b3d56e34fc16c8bd5edb39fd58f,4096x4096,512x4096,2048x4096
model.language_model.layers.45.mlp.experts.106.up_proj,routed,2048,4096,8388608,7265,5.03125,75499429,b925d2b8afcf24e7f991c802cc7f2a093fd7b58c44de460c846813965abdc8b2,4096x4096,512x4096,2048x4096
model.language_model.layers.45.mlp.experts.107.down_proj,routed,4096,2048,8388608,4221,26.5,20973477,5d0ea0f8790dec83b360bb0856a36d4ae6617a3cf90eb69c4cbe13d5db325677,2048x2048,512x2048,4096x2048
model.language_model.layers.45.mlp.experts.107.gate_proj,routed,2048,4096,8388608,4221,5.625,75499429,d4a1c1406fc5299e5975de60a4e823de2a0168c91d0b40b3737e2b2709655560,4096x4096,512x4096,2048x4096
model.language_model.layers.45.mlp.experts.107.up_proj,routed,2048,4096,8388608,4221,5.625,75499429,738616a9ff66872666a976e0ee6fafb6d897ca0c9ae3a570b5f50bd6249abdc2,4096x4096,512x4096,2048x4096
model.language_model.layers.45.mlp.experts.108.down_proj,routed,4096,2048,8388608,5771,25.5,20973477,97aa6e1cabc5f417b70efb2b601b0c7aa0ac1b7daa5bcbad52d2c53ae9d09e8a,2048x2048,512x2048,4096x2048
model.language_model.layers.45.mlp.experts.108.gate_proj,routed,2048,4096,8388608,5771,5.09375,75499429,74e63e897541436b86676660f0d6c00f22f77312ba6b9e345df1133763b32ba7,4096x4096,512x4096,2048x4096
model.language_model.layers.45.mlp.experts.108.up_proj,routed,2048,4096,8388608,5771,5.09375,75499429,4c8e3cc9a967f16ec41a4b87bfb055391d43d077b5c03713a32fe0cff7643aa3,4096x4096,512x4096,2048x4096
model.language_model.layers.45.mlp.experts.109.down_proj,routed,4096,2048,8388608,7784,22.375,20973477,9735b436c8492dda861d42aa572a239dbe0352108498beb48ad26e0c0e9e1829,2048x2048,512x2048,4096x2048
model.language_model.layers.45.mlp.experts.109.gate_proj,routed,2048,4096,8388608,7784,5.3125,75499429,cbbe72f2806addc740e3fa70baf33625e781cde7452a93962f64a1a661c83bdc,4096x4096,512x4096,2048x4096
model.language_model.layers.45.mlp.experts.109.up_proj,routed,2048,4096,8388608,7784,5.3125,75499429,85d811895ac7c5429ae8de6a2d5ab838a7537f2f81ad1a431fb81489a11008b8,4096x4096,512x4096,2048x4096
model.language_model.layers.45.mlp.experts.11.down_proj,routed,4096,2048,8388608,4434,25.75,20973477,c915f43177b6aefd5bb45db9dca83b181cd87b615a7f76a5d681d2590dd5e2a4,2048x2048,512x2048,4096x2048
model.language_model.layers.45.mlp.experts.11.gate_proj,routed,2048,4096,8388608,4434,4.65625,75499429,6395cfc30ccf0a1cd77f24450f6cfb6881299e62cbd9539fcaf91b99a87efe28,4096x4096,512x4096,2048x4096
model.language_model.layers.45.mlp.experts.11.up_proj,routed,2048,4096,8388608,4434,4.65625,75499429,fbd66d6481056884c3f49d38632bcf20778c6e0e8ac53bd8df9dc54afa4d9470,4096x4096,512x4096,2048x4096
model.language_model.layers.45.mlp.experts.110.down_proj,routed,4096,2048,8388608,2819,26.75,20973477,09564a07925ef5fe282e55be659c4417e0325f5903b48d97e2decff093aaff19,2048x2048,512x2048,4096x2048
model.language_model.layers.45.mlp.experts.110.gate_proj,routed,2048,4096,8388608,2819,5.0,75499429,d964734ab5f0b3fa5fcc60d6d52c94a291c56803cb15c70c8f6d0b333af20e87,4096x4096,512x4096,2048x4096
model.language_model.layers.45.mlp.experts.110.up_proj,routed,2048,4096,8388608,2819,5.0,75499429,bc0d0a96ffdd69e83b1f70516e1063551c5eaca7f8ff9a03ae2a675c2ed84cb9,4096x4096,512x4096,2048x4096
model.language_model.layers.45.mlp.experts.111.down_proj,routed,4096,2048,8388608,5080,21.5,20973477,9243d9b6b891a9f5a4140ab5b78d2efb1d56f0a828442ce465b87a4e9dff8e74,2048x2048,512x2048,4096x2048
model.language_model.layers.45.mlp.experts.111.gate_proj,routed,2048,4096,8388608,5080,5.46875,75499429,84f699657868b804bd62ba6f4f2e183ab5caf0363e59a53cc3580ba926ce8029,4096x4096,512x4096,2048x4096
model.language_model.layers.45.mlp.experts.111.up_proj,routed,2048,4096,8388608,5080,5.46875,75499429,15a36bf745f998d361c54198e9ad89242dd913aa57274573d57314e1e4947b59,4096x4096,512x4096,2048x4096
model.language_model.layers.45.mlp.experts.112.down_proj,routed,4096,2048,8388608,6233,34.25,20973477,2f7427d10b02dddcc6185a7a848133fd099215a27374fa7d899a4b055524d61a,2048x2048,512x2048,4096x2048
model.language_model.layers.45.mlp.experts.112.gate_proj,routed,2048,4096,8388608,6233,5.28125,75499429,d34a8d9af6d5d80878244e9f0a398313655b84195c4062f3f13fd7caa6a1386c,4096x4096,512x4096,2048x4096
model.language_model.layers.45.mlp.experts.112.up_proj,routed,2048,4096,8388608,6233,5.28125,75499429,6b7612385910a28e87e54094b4716944022f861ffcd882069c9319e9c2bf283d,4096x4096,512x4096,2048x4096
model.language_model.layers.45.mlp.experts.113.down_proj,routed,4096,2048,8388608,12054,23.25,20973477,3dc1088c007687a3e49d37ee0eca1c7662feaca7867969ca4a939eff7d886486,2048x2048,512x2048,4096x2048
model.language_model.layers.45.mlp.experts.113.gate_proj,routed,2048,4096,8388608,12054,6.875,75499429,8613453a706a703258414432c81bbccea0794abf7dc150cf5f3c098610902a0e,4096x4096,512x4096,2048x4096
model.language_model.layers.45.mlp.experts.113.up_proj,routed,2048,4096,8388608,12054,6.875,75499429,35a4128d0bf49adfe71953198c28e955f82e476ec23564b8ab4657c90ee73dbb,4096x4096,512x4096,2048x4096
model.language_model.layers.45.mlp.experts.114.down_proj,routed,4096,2048,8388608,6742,35.0,20973477,6f78501c0b4b28ddf54836fdf8659dad39071d953bc74c728d7048d396d85aff,2048x2048,512x2048,4096x2048
model.language_model.layers.45.mlp.experts.114.gate_proj,routed,2048,4096,8388608,6742,4.5625,75499429,7ab360d0517e5143873a5f3031b397d3ca4d73a7581d2ce16d206dfc76926154,4096x4096,512x4096,2048x4096
model.language_model.layers.45.mlp.experts.114.up_proj,routed,2048,4096,8388608,6742,4.5625,75499429,0844fdd38cbf454f4920bd2b2bb2f7d0205fa389e04952a2a36c594e52b9a677,4096x4096,512x4096,2048x4096
model.language_model.layers.45.mlp.experts.115.down_proj,routed,4096,2048,8388608,2327,18.0,20973477,9b22572653d40dede82be6abab0525817f8c482e0f65b55d45369a78dc2293cb,2048x2048,512x2048,4096x2048
model.language_model.layers.45.mlp.experts.115.gate_proj,routed,2048,4096,8388608,2327,4.96875,75499429,28586f9b832d74d224af5bb78aa7823f26795e4f22a9c21e8343bd218086bdcd,4096x4096,512x4096,2048x4096
model.language_model.layers.45.mlp.experts.115.up_proj,routed,2048,4096,8388608,2327,4.96875,75499429,c08b8162685ae4e4385ff8050836d33eff06d824959e2fa77fe1e44eb4c03e8f,4096x4096,512x4096,2048x4096
model.language_model.layers.45.mlp.experts.116.down_proj,routed,4096,2048,8388608,2268,21.625,20973477,f781e485e8576f5ae0aec919e15e869a1b69a709afba10974547eb604495fe3f,2048x2048,512x2048,4096x2048
model.language_model.layers.45.mlp.experts.116.gate_proj,routed,2048,4096,8388608,2268,4.0625,75499429,def31d70ceb26fb5720c76686f55ed090cbce885760d572d8932f525fb2b3440,4096x4096,512x4096,2048x4096
model.language_model.layers.45.mlp.experts.116.up_proj,routed,2048,4096,8388608,2268,4.0625,75499429,0ad91abecc7aefba6c6567a9bcfa0c1c8cdd50f2b6b4e382cda8dfc9a9b565ec,4096x4096,512x4096,2048x4096
model.language_model.layers.45.mlp.experts.117.down_proj,routed,4096,2048,8388608,4466,25.25,20973477,f226a3004cb3617bfc3c2fe55ac0b16755ae533fe92fbecb2d8fc2f4e219f302,2048x2048,512x2048,4096x2048
model.language_model.layers.45.mlp.experts.117.gate_proj,routed,2048,4096,8388608,4466,4.8125,75499429,313aac477a5bb8705a93c8eb3a98ffe46bf6d91c4a89ff724908b4a12e64e912,4096x4096,512x4096,2048x4096
model.language_model.layers.45.mlp.experts.117.up_proj,routed,2048,4096,8388608,4466,4.8125,75499429,ecfef11df77f9a0d676bfb9720bef524abfb703ef7ac33a77fa55768bb033f3d,4096x4096,512x4096,2048x4096
model.language_model.layers.45.mlp.experts.118.down_proj,routed,4096,2048,8388608,7583,17.625,20973477,26c022d736468cd84ac9d17a767db640176876241892ecb115f6ec38e81ecb50,2048x2048,512x2048,4096x2048
model.language_model.layers.45.mlp.experts.118.gate_proj,routed,2048,4096,8388608,7583,5.03125,75499429,8c197d8d1b9046d229c3c8924c63b0d6832c48f9b694f4e1513e1079851bd7a5,4096x4096,512x4096,2048x4096
model.language_model.layers.45.mlp.experts.118.up_proj,routed,2048,4096,8388608,7583,5.03125,75499429,f3921c246f5ed97580fc72d234961f01ddf23d8905b014d7bc098aff72fc7cdb,4096x4096,512x4096,2048x4096
model.language_model.layers.45.mlp.experts.119.down_proj,routed,4096,2048,8388608,4350,28.875,20973477,deac5e23b1a86e8f73cff1a8446a371c0db04f0c00e37af33985f048f84cbc25,2048x2048,512x2048,4096x2048
model.language_model.layers.45.mlp.experts.119.gate_proj,routed,2048,4096,8388608,4350,6.875,75499429,410ffd7452e6b63fa001ab667091f1ca591457eea356b83eb4b756d7fc156a14,4096x4096,512x4096,2048x4096
model.language_model.layers.45.mlp.experts.119.up_proj,routed,2048,4096,8388608,4350,6.875,75499429,60c3374f1a1699d9570c3ef9e4434aa913f0a8f64feeb80f9a7390f1382bc23c,4096x4096,512x4096,2048x4096
model.language_model.layers.45.mlp.experts.12.down_proj,routed,4096,2048,8388608,9015,22.25,20973477,50d6890344b6a88d36f94333b6c5fc1567738c9648c7d92d36adde631eb213b4,2048x2048,512x2048,4096x2048
model.language_model.layers.45.mlp.experts.12.gate_proj,routed,2048,4096,8388608,9015,5.125,75499429,05942c820e010e35651879151718834c8090bf2945d18e958e3000fbd4bd3ecb,4096x4096,512x4096,2048x4096
model.language_model.layers.45.mlp.experts.12.up_proj,routed,2048,4096,8388608,9015,5.125,75499429,2568095c08d5299d2b8ec50a362bf959c0f1f9694969de6487168e52b5334db3,4096x4096,512x4096,2048x4096
model.language_model.layers.45.mlp.experts.120.down_proj,routed,4096,2048,8388608,15751,21.5,20973477,437251f5f46a37e11929a1bf4ed54e3fdc76cc080d8164c5df9087572d64ef3c,2048x2048,512x2048,4096x2048
model.language_model.layers.45.mlp.experts.120.gate_proj,routed,2048,4096,8388608,15751,6.875,75499429,cae3b6da35b2f3c639841ffaf447582e1c0b90620c2d6c3b73e985e18b8e8f47,4096x4096,512x4096,2048x4096
model.language_model.layers.45.mlp.experts.120.up_proj,routed,2048,4096,8388608,15751,6.875,75499429,c962ec1bab0959f4b4338efcd8e60f6a7e9bfe92533ede14950260335ddf2056,4096x4096,512x4096,2048x4096
model.language_model.layers.45.mlp.experts.121.down_proj,routed,4096,2048,8388608,6083,37.0,20973477,1ddc55796b002d8d4d9837969ff33ed34e48f649d94dc21e01d7afae01954054,2048x2048,512x2048,4096x2048
model.language_model.layers.45.mlp.experts.121.gate_proj,routed,2048,4096,8388608,6083,5.8125,75499429,09e73213229bd8e38adb458a4add9740b301cd63f448b8d1470346250b1d95e4,4096x4096,512x4096,2048x4096
model.language_model.layers.45.mlp.experts.121.up_proj,routed,2048,4096,8388608,6083,5.8125,75499429,a6cbbe43be60be4dfeecde5a5a1fe920ffcda87908e98b3de32c82e0d46e8dd5,4096x4096,512x4096,2048x4096
model.language_model.layers.45.mlp.experts.122.down_proj,routed,4096,2048,8388608,7259,27.375,20973477,89782d6426761537e4a7dc1bc11d79f2e99ccc0f7e8f41f4fa6123d97e0eb8dd,2048x2048,512x2048,4096x2048
model.language_model.layers.45.mlp.experts.122.gate_proj,routed,2048,4096,8388608,7259,4.96875,75499429,50053cdadbcfaf4142870911e48362c99cef34d4fe32e7137f051bdb4c296884,4096x4096,512x4096,2048x4096
model.language_model.layers.45.mlp.experts.122.up_proj,routed,2048,4096,8388608,7259,4.96875,75499429,979d22c683dafa31fbf59b7792a1ff75b84724ff27e02fdda591bd1bc49706b7,4096x4096,512x4096,2048x4096
model.language_model.layers.45.mlp.experts.123.down_proj,routed,4096,2048,8388608,8377,18.875,20973477,2a71bc40cd81b16b422daf27cc906d389b34636c6ecb7f179f78ed338f8fb6e4,2048x2048,512x2048,4096x2048
model.language_model.layers.45.mlp.experts.123.gate_proj,routed,2048,4096,8388608,8377,4.75,75499429,c1cad8daf59c1f368ba02ad79044544b45dbd11d2c363dabb76e63eb589dfa3f,4096x4096,512x4096,2048x4096
model.language_model.layers.45.mlp.experts.123.up_proj,routed,2048,4096,8388608,8377,4.75,75499429,8ff61738656c5e5b47f00bb59e929045e04b1533a558a031f0d8285162705ee9,4096x4096,512x4096,2048x4096
model.language_model.layers.45.mlp.experts.124.down_proj,routed,4096,2048,8388608,5260,24.75,20973477,196014f37c514bd2a60cba6a00bc7f2e3151d179b1aab27cff1e2927ef2a9298,2048x2048,512x2048,4096x2048
model.language_model.layers.45.mlp.experts.124.gate_proj,routed,2048,4096,8388608,5260,5.625,75499429,2bede1f27171c3ca9839973995184e4ecff37d521315091cd9b58ad165195257,4096x4096,512x4096,2048x4096
model.language_model.layers.45.mlp.experts.124.up_proj,routed,2048,4096,8388608,5260,5.625,75499429,28d91cbab3277783c44f5bc03e4ff6a81539980437fcee3d8e40bebb8e3dfb38,4096x4096,512x4096,2048x4096
model.language_model.layers.45.mlp.experts.125.down_proj,routed,4096,2048,8388608,15657,24.125,20973477,e380b78803edd90386a95ccf151c522e812730eca1757f921c7b751834bfe52c,2048x2048,512x2048,4096x2048
model.language_model.layers.45.mlp.experts.125.gate_proj,routed,2048,4096,8388608,15657,4.90625,75499429,646827e9091a2eb7a6498ecd528e1fdd88e00bd9c889624bb58be2cf4775707a,4096x4096,512x4096,2048x4096
model.language_model.layers.45.mlp.experts.125.up_proj,routed,2048,4096,8388608,15657,4.90625,75499429,a37425e3899093865463e57b88389e1182961f282ad1eef2d86c9a7a02831764,4096x4096,512x4096,2048x4096
model.language_model.layers.45.mlp.experts.126.down_proj,routed,4096,2048,8388608,6349,34.0,20973477,83d82f5ec506d19b8368ed7af4cb562fc58addf554e8a4eb67608427ad2ee2c6,2048x2048,512x2048,4096x2048
model.language_model.layers.45.mlp.experts.126.gate_proj,routed,2048,4096,8388608,6349,5.125,75499429,225312fbcca59c90ce754339f0866ab56e9af3c8f2a2f7ac3deb2cd466a364b9,4096x4096,512x4096,2048x4096
model.language_model.layers.45.mlp.experts.126.up_proj,routed,2048,4096,8388608,6349,5.125,75499429,231f51dff0269ef4cb8d5e1dddde8cbc81043dc1a1c730a77a9781ba068f7acf,4096x4096,512x4096,2048x4096
model.language_model.layers.45.mlp.experts.127.down_proj,routed,4096,2048,8388608,7651,14.625,20973477,0ffd3d16ae098563d4247cf7dc74d3431a3baa630193d688ef96c110ed9036b4,2048x2048,512x2048,4096x2048
model.language_model.layers.45.mlp.experts.127.gate_proj,routed,2048,4096,8388608,7651,4.375,75499429,d95d21beb21da0d561bacfe18ee9e1a30cf81d2e9854f4b6bcf177755fe06a0f,4096x4096,512x4096,2048x4096
model.language_model.layers.45.mlp.experts.127.up_proj,routed,2048,4096,8388608,7651,4.375,75499429,923091ee5589b4a07323fa47b40bc768c7d8d9463fb92d758e1071378fe3d2bc,4096x4096,512x4096,2048x4096
model.language_model.layers.45.mlp.experts.128.down_proj,routed,4096,2048,8388608,2554,26.0,20973477,824a678890cf51ea4c5b5c3c63bd161613e47117821c18774c19cbc68b9f0a97,2048x2048,512x2048,4096x2048
model.language_model.layers.45.mlp.experts.128.gate_proj,routed,2048,4096,8388608,2554,4.1875,75499429,e9091d00e828ce7175ebdbbfb3da50607109661a755905e88bbbedadeefe9448,4096x4096,512x4096,2048x4096
model.language_model.layers.45.mlp.experts.128.up_proj,routed,2048,4096,8388608,2554,4.1875,75499429,e1d50d5acef0d4d6dadbc8ba4da10aebeac01d7476540c8336b5b204a283cfd9,4096x4096,512x4096,2048x4096
model.language_model.layers.45.mlp.experts.129.down_proj,routed,4096,2048,8388608,4708,33.0,20973477,c6864cbe5a2e4b06e832e40b90e0dbf8871541d29ede6de1ef7a689b57d03c1c,2048x2048,512x2048,4096x2048
model.language_model.layers.45.mlp.experts.129.gate_proj,routed,2048,4096,8388608,4708,5.15625,75499429,6ffae1e98c0de206008b2d30b8b69e742503d91163e60bb226550ac926341937,4096x4096,512x4096,2048x4096
model.language_model.layers.45.mlp.experts.129.up_proj,routed,2048,4096,8388608,4708,5.15625,75499429,79aa9b1f7d12fc03279d2845ab7536f83b94cc7607795de325026612b1e5b12c,4096x4096,512x4096,2048x4096
model.language_model.layers.45.mlp.experts.13.down_proj,routed,4096,2048,8388608,1686,11.75,20973477,50977a9f26046fd77cffa1e2ba08e0ff375b85d9b289f8198510bac3bc2bb022,2048x2048,512x2048,4096x2048
model.language_model.layers.45.mlp.experts.13.gate_proj,routed,2048,4096,8388608,1686,4.75,75499429,3fc55cfaea317a440ffc23e108543f8264c896241975f03649f8f52245330012,4096x4096,512x4096,2048x4096
model.language_model.layers.45.mlp.experts.13.up_proj,routed,2048,4096,8388608,1686,4.75,75499429,d32d36ccc721ab8f9154eba0f90fd534ffdfc2fbf65e44d4d6980dea79bfad75,4096x4096,512x4096,2048x4096
model.language_model.layers.45.mlp.experts.130.down_proj,routed,4096,2048,8388608,9605,42.25,20973477,cc197b5ca0b82360e9c12a45f56374cc368b12942b4c117c8fa16b5c1276d461,2048x2048,512x2048,4096x2048
model.language_model.layers.45.mlp.experts.130.gate_proj,routed,2048,4096,8388608,9605,6.875,75499429,948f27d6a62c386518f3490ae57b421e678af2ae4ce208cb77eccb4d0a2fd96e,4096x4096,512x4096,2048x4096
model.language_model.layers.45.mlp.experts.130.up_proj,routed,2048,4096,8388608,9605,6.875,75499429,7d9bff50d26a43dbdaef7fa40df63ecd7b4274dd9d4d9187b5d6eb3d7295cd97,4096x4096,512x4096,2048x4096
model.language_model.layers.45.mlp.experts.131.down_proj,routed,4096,2048,8388608,8194,29.5,20973477,15862ce89f02cfaadf22f8bcdbb9a6621b2aa7250368b3092faa78a2a7562ab2,2048x2048,512x2048,4096x2048
model.language_model.layers.45.mlp.experts.131.gate_proj,routed,2048,4096,8388608,8194,5.8125,75499429,6ed6a600a253e3f4f6e0e9a7bb838ee2e261890ee8f72578e57f9d896f0c77ef,4096x4096,512x4096,2048x4096
model.language_model.layers.45.mlp.experts.131.up_proj,routed,2048,4096,8388608,8194,5.8125,75499429,1072d657f55302529c2778e87d4db43e976a71a86d65060cab599a7a12d0e422,4096x4096,512x4096,2048x4096
model.language_model.layers.45.mlp.experts.132.down_proj,routed,4096,2048,8388608,2534,21.625,20973477,6cba15dfa69bc77425d3a19f496b9a83d2457c572c4b427d55cacf42868a86b6,2048x2048,512x2048,4096x2048
model.language_model.layers.45.mlp.experts.132.gate_proj,routed,2048,4096,8388608,2534,4.96875,75499429,fb8018cb61bef3f36838fd5d6b267d0ed6089d6ef84d072d28cc8af79f7ed2e8,4096x4096,512x4096,2048x4096
model.language_model.layers.45.mlp.experts.132.up_proj,routed,2048,4096,8388608,2534,4.96875,75499429,a7ce4cb0b9aded55f5342094d4e6160f6c77565938dbb494679edf2a257ef1e4,4096x4096,512x4096,2048x4096
model.language_model.layers.45.mlp.experts.133.down_proj,routed,4096,2048,8388608,1334,30.5,20973477,7de53edacd540e61dc4e92e7f62fa8a4c9296cdd899c21c7e30fa531e4a34ea2,2048x2048,512x2048,4096x2048
model.language_model.layers.45.mlp.experts.133.gate_proj,routed,2048,4096,8388608,1334,4.53125,75499429,8b9b98754597d3ba7e64b8ab8527388c55c8d4f594dfd38f2ae84dbb2264af0d,4096x4096,512x4096,2048x4096
model.language_model.layers.45.mlp.experts.133.up_proj,routed,2048,4096,8388608,1334,4.53125,75499429,9da911c8ec83fb0aef28f4d5f3841c54a314dbdcff7e09906b238a60b914dcc3,4096x4096,512x4096,2048x4096
model.language_model.layers.45.mlp.experts.134.down_proj,routed,4096,2048,8388608,4379,25.0,20973477,b36fdad2cd761a299b6f6470bb79b4c7551e5c93eacd4d74b941f8e690ee7cee,2048x2048,512x2048,4096x2048
model.language_model.layers.45.mlp.experts.134.gate_proj,routed,2048,4096,8388608,4379,6.03125,75499429,11aa06a98d6e7e2c939d23eb8279fd40109d9c0a287f34c0c11087f44a9eeb75,4096x4096,512x4096,2048x4096
model.language_model.layers.45.mlp.experts.134.up_proj,routed,2048,4096,8388608,4379,6.03125,75499429,2b6ea78e7bca1ea7ecdc1135168b1c4038536f3d53714491d3b81b3026829d0c,4096x4096,512x4096,2048x4096
model.language_model.layers.45.mlp.experts.135.down_proj,routed,4096,2048,8388608,16108,27.875,20973477,0a8904bb739334395361f765ea41feeda128f0bdc94818ca3617fbeeb842f34d,2048x2048,512x2048,4096x2048
model.language_model.layers.45.mlp.experts.135.gate_proj,routed,2048,4096,8388608,16108,5.25,75499429,c393098d8d52c66ed601adf10801f4129cb502c21ea517ae299314ae7a251750,4096x4096,512x4096,2048x4096
model.language_model.layers.45.mlp.experts.135.up_proj,routed,2048,4096,8388608,16108,5.25,75499429,2beb80217649aa4f10e23aea604dfda1bcfc84e3d0e12611c8a54dcd3861b845,4096x4096,512x4096,2048x4096
model.language_model.layers.45.mlp.experts.136.down_proj,routed,4096,2048,8388608,3175,30.25,20973477,6d892603af748c1f7d29f4ba34d9a08a9bcdad6b485bfed81a0f13129167b1ba,2048x2048,512x2048,4096x2048
model.language_model.layers.45.mlp.experts.136.gate_proj,routed,2048,4096,8388608,3175,4.65625,75499429,6f25d39df1d3a0523309dcc8933604ad1e4e2e7538c3ccb4a76ac3510d30b8e4,4096x4096,512x4096,2048x4096
model.language_model.layers.45.mlp.experts.136.up_proj,routed,2048,4096,8388608,3175,4.65625,75499429,8e5e855af9dce0b9982ef677214f7c4d5604ca2903c53ca7070a9d6db9d18db6,4096x4096,512x4096,2048x4096
model.language_model.layers.45.mlp.experts.137.down_proj,routed,4096,2048,8388608,8114,26.5,20973477,ebc8f0693fdd3fa24fb916e53fa8082adacf136eb0d81d5b81c07ddd02bbcc75,2048x2048,512x2048,4096x2048
model.language_model.layers.45.mlp.experts.137.gate_proj,routed,2048,4096,8388608,8114,5.15625,75499429,404657d9f999effe1fbd1b4da292d3ef34b15ee3d94e9ba6a08040c36f36c8ed,4096x4096,512x4096,2048x4096
model.language_model.layers.45.mlp.experts.137.up_proj,routed,2048,4096,8388608,8114,5.15625,75499429,25e33a87c052131e2557f9af71d447163e4a86b4bf0dbe3481341cee6e58b3b3,4096x4096,512x4096,2048x4096
model.language_model.layers.45.mlp.experts.138.down_proj,routed,4096,2048,8388608,12332,23.25,20973477,efadf8fd591553b5d31dc70e4d6908b92e60dbacaeb23941a0ac8461bd8a6831,2048x2048,512x2048,4096x2048
model.language_model.layers.45.mlp.experts.138.gate_proj,routed,2048,4096,8388608,12332,3.59375,75499429,b0524e97f2c007c52481492700877feb3fac0e3e9f9c8164c0c5390c9c032145,4096x4096,512x4096,2048x4096
model.language_model.layers.45.mlp.experts.138.up_proj,routed,2048,4096,8388608,12332,3.59375,75499429,99c3d8dc641a4e3b7811aeedf81485bb4e313c48016d1a2cfb5faae0e7c21877,4096x4096,512x4096,2048x4096
model.language_model.layers.45.mlp.experts.139.down_proj,routed,4096,2048,8388608,5106,16.5,20973477,5bcbfb776c21e67f05684a28db0bf2303e2996ab41787380c7e92fd6c4c08319,2048x2048,512x2048,4096x2048
model.language_model.layers.45.mlp.experts.139.gate_proj,routed,2048,4096,8388608,5106,4.96875,75499429,d3f915bbfac36d9517670bd180572707c0458e4fd8ad100550733cad21ab79af,4096x4096,512x4096,2048x4096
model.language_model.layers.45.mlp.experts.139.up_proj,routed,2048,4096,8388608,5106,4.96875,75499429,d0d99f0c0fd8e2f706e34b35c16734db44a3cf5434b85c3ac99013f620d813df,4096x4096,512x4096,2048x4096
model.language_model.layers.45.mlp.experts.14.down_proj,routed,4096,2048,8388608,4180,17.25,20973477,6b9f6f715ca46f3d5fc03a183211e8862ed44f08daa68f47ace5a49c3b92aa39,2048x2048,512x2048,4096x2048
model.language_model.layers.45.mlp.experts.14.gate_proj,routed,2048,4096,8388608,4180,6.03125,75499429,7c1f811500b8ba30075a39ee00592e72333398ff70161716ca58b2964b2ae95b,4096x4096,512x4096,2048x4096
model.language_model.layers.45.mlp.experts.14.up_proj,routed,2048,4096,8388608,4180,6.03125,75499429,33991043ce6dab40328738d40c878e64825cf58f072d2727a95d0114353bbacc,4096x4096,512x4096,2048x4096
model.language_model.layers.45.mlp.experts.140.down_proj,routed,4096,2048,8388608,2727,16.75,20973477,4ffbdcb22612e494c0450429fd94f0cd87e40149e8bc081d831a0fa33314bf9d,2048x2048,512x2048,4096x2048
model.language_model.layers.45.mlp.experts.140.gate_proj,routed,2048,4096,8388608,2727,4.125,75499429,53a1470570021f67f47880bf2dba9d6f2b54c253329f1dfc0fd9161b9f4ca0fc,4096x4096,512x4096,2048x4096
model.language_model.layers.45.mlp.experts.140.up_proj,routed,2048,4096,8388608,2727,4.125,75499429,c2e0b7cba23ddb9f21c4e91a44b3e0965b9007139444b85d080ecea8a6fe621e,4096x4096,512x4096,2048x4096
model.language_model.layers.45.mlp.experts.141.down_proj,routed,4096,2048,8388608,7020,28.375,20973477,d26af91654888d8ac5a7dd8c2d1934aa9d54294929b905098b9aca0e44afc4c2,2048x2048,512x2048,4096x2048
model.language_model.layers.45.mlp.experts.141.gate_proj,routed,2048,4096,8388608,7020,4.75,75499429,69074d06ae7cbade9b880b021f39694ee6721fccda318451b3ccd664450308a8,4096x4096,512x4096,2048x4096
model.language_model.layers.45.mlp.experts.141.up_proj,routed,2048,4096,8388608,7020,4.75,75499429,7ab53fd0af6e96e4f9253a5860d6184464ef68cbe5bdc50cb020a7b161fd451d,4096x4096,512x4096,2048x4096
model.language_model.layers.45.mlp.experts.142.down_proj,routed,4096,2048,8388608,9288,23.875,20973477,ca13820cff1a821d4854014469d0371fb224309569fb8f7e39313c6cae3075f0,2048x2048,512x2048,4096x2048
model.language_model.layers.45.mlp.experts.142.gate_proj,routed,2048,4096,8388608,9288,5.46875,75499429,4327e00c173b0cb02801d86045aae833743113d86d45078c61d3690a8dd62cf5,4096x4096,512x4096,2048x4096
model.language_model.layers.45.mlp.experts.142.up_proj,routed,2048,4096,8388608,9288,5.46875,75499429,7969e1e14ac5b28c2da29557f2f21c750a43599645acb9f54679d5e94d077dcd,4096x4096,512x4096,2048x4096
model.language_model.layers.45.mlp.experts.143.down_proj,routed,4096,2048,8388608,7424,29.375,20973477,a9f601d85dad2c704f70e9ccc2253d7669844158b2c38f46837a8129604d94a3,2048x2048,512x2048,4096x2048
model.language_model.layers.45.mlp.experts.143.gate_proj,routed,2048,4096,8388608,7424,5.0,75499429,fc4b689c46e6a66dcf4bbfcac7fe5788619756673f5d72a30fbe68eacdf1f9e7,4096x4096,512x4096,2048x4096
model.language_model.layers.45.mlp.experts.143.up_proj,routed,2048,4096,8388608,7424,5.0,75499429,d1a46f7608546a356125b27381ab6938b6139f7e437a57c488ae3df6561e0473,4096x4096,512x4096,2048x4096
model.language_model.layers.45.mlp.experts.144.down_proj,routed,4096,2048,8388608,6945,19.875,20973477,b9da2d2594d470bc881ffb64fd9c4d7b4bb086133667579cd23c8f65425ce8b8,2048x2048,512x2048,4096x2048
model.language_model.layers.45.mlp.experts.144.gate_proj,routed,2048,4096,8388608,6945,5.9375,75499429,e23ce2f4b01753953540d23fe763f04a99cb70bb988f6c4c7d3f81b08f9fedc3,4096x4096,512x4096,2048x4096
model.language_model.layers.45.mlp.experts.144.up_proj,routed,2048,4096,8388608,6945,5.9375,75499429,22a442bfb7e140ee151b47bfb4df269d0da9131f50a225a3a93e0f983a3cb17e,4096x4096,512x4096,2048x4096
model.language_model.layers.45.mlp.experts.145.down_proj,routed,4096,2048,8388608,9980,20.25,20973477,06e9959e5d5a2d257b8197fc35e4890cc18645d328c2aaf186a0b2522c0ac270,2048x2048,512x2048,4096x2048
model.language_model.layers.45.mlp.experts.145.gate_proj,routed,2048,4096,8388608,9980,4.3125,75499429,71ee08038e807409dde7b7e027ca60d75062eaf21a38b35db8d7c6246731bec4,4096x4096,512x4096,2048x4096
model.language_model.layers.45.mlp.experts.145.up_proj,routed,2048,4096,8388608,9980,4.3125,75499429,325e48a683056441d9371cc92a39fd4cde9b2e6515f39718c8121c514a699700,4096x4096,512x4096,2048x4096
model.language_model.layers.45.mlp.experts.146.down_proj,routed,4096,2048,8388608,11125,32.25,20973477,01041cd8e34fc04465316a01150ed7f6950cf5f55c1326a962367272b5579ce8,2048x2048,512x2048,4096x2048
model.language_model.layers.45.mlp.experts.146.gate_proj,routed,2048,4096,8388608,11125,6.21875,75499429,467b364c38b438cdca7cbd366c523ea71b0f52f0dfe55ae801222d7953d61a6e,4096x4096,512x4096,2048x4096
model.language_model.layers.45.mlp.experts.146.up_proj,routed,2048,4096,8388608,11125,6.21875,75499429,63c4f07407c4738c6f435adf5400b1bbc5e7946d6106b39968fb82c5ae20ec87,4096x4096,512x4096,2048x4096
model.language_model.layers.45.mlp.experts.147.down_proj,routed,4096,2048,8388608,11140,37.0,20973477,6081e401d4b137dca473f01eec0c0e7f58af0fef9b9842c793274b38e01d59e0,2048x2048,512x2048,4096x2048
model.language_model.layers.45.mlp.experts.147.gate_proj,routed,2048,4096,8388608,11140,5.8125,75499429,ac78d0e28473a0bd6bfcebaf90127375462aeb3d83acb8541a29d2f88c8849da,4096x4096,512x4096,2048x4096
model.language_model.layers.45.mlp.experts.147.up_proj,routed,2048,4096,8388608,11140,5.8125,75499429,0998ba6b67587b1226da3be85c68c573f86eb6f9980ee1d220726257855c4944,4096x4096,512x4096,2048x4096
model.language_model.layers.45.mlp.experts.148.down_proj,routed,4096,2048,8388608,8487,23.875,20973477,d205731fac5c27f33bdd3df3929704baaf5242babc08fa7ee34b35390832bcaa,2048x2048,512x2048,4096x2048
model.language_model.layers.45.mlp.experts.148.gate_proj,routed,2048,4096,8388608,8487,6.28125,75499429,9271488528bfa4e73a1bb3c5e1f102ed947cfcadad9e5cee0f09b9a4d62eda48,4096x4096,512x4096,2048x4096
model.language_model.layers.45.mlp.experts.148.up_proj,routed,2048,4096,8388608,8487,6.28125,75499429,639dde29d637e58ad433924d40df8d45aba1b8583b93a7d8a3f82f85a72e5690,4096x4096,512x4096,2048x4096
model.language_model.layers.45.mlp.experts.149.down_proj,routed,4096,2048,8388608,10747,26.125,20973477,dca1c0be98b02bdc354bea18f035bb73766c48444044386c74e2ae2793461c32,2048x2048,512x2048,4096x2048
model.language_model.layers.45.mlp.experts.149.gate_proj,routed,2048,4096,8388608,10747,6.59375,75499429,846e4c1d755793f4d744343e3d62c0560cbf1df470fc53056d32b0245ff0c292,4096x4096,512x4096,2048x4096
model.language_model.layers.45.mlp.experts.149.up_proj,routed,2048,4096,8388608,10747,6.59375,75499429,86a1c8471ef74bc56b5ad8bc665c4fa48ce73364eaac2d74b2c6573d1068e07f,4096x4096,512x4096,2048x4096
model.language_model.layers.45.mlp.experts.15.down_proj,routed,4096,2048,8388608,6436,21.25,20973477,147dfe88be30af9c046022a8454305098ef583b937f37e64a3df2670b20a0489,2048x2048,512x2048,4096x2048
model.language_model.layers.45.mlp.experts.15.gate_proj,routed,2048,4096,8388608,6436,5.8125,75499429,5776448d94c44da4852b2d3e906ff8bd6f9a8f765e5d0fbc64ab5cbb580f1d7e,4096x4096,512x4096,2048x4096
model.language_model.layers.45.mlp.experts.15.up_proj,routed,2048,4096,8388608,6436,5.8125,75499429,756430bbc6f5303378d1d6f005207542a6b5718879ae4f1389bc97a12c1c813f,4096x4096,512x4096,2048x4096
model.language_model.layers.45.mlp.experts.150.down_proj,routed,4096,2048,8388608,3172,32.25,20973477,dce13343e3780fcb7afa0d9b3a3c53b59ef3af5087ef1a7b146c85b959fbc6dc,2048x2048,512x2048,4096x2048
model.language_model.layers.45.mlp.experts.150.gate_proj,routed,2048,4096,8388608,3172,5.09375,75499429,ec45f00c13f6bada9c9a1fb7a6bbe9477c53c6008363870b4da81ced5bdd25b6,4096x4096,512x4096,2048x4096
model.language_model.layers.45.mlp.experts.150.up_proj,routed,2048,4096,8388608,3172,5.09375,75499429,26e1fca2e35dcd4431f1951b554ea41c2b8e65b05b1f31e18695d00874dea2ea,4096x4096,512x4096,2048x4096
model.language_model.layers.45.mlp.experts.151.down_proj,routed,4096,2048,8388608,10465,45.25,20973477,197aa359fe5a6f94b8320bf5599e7d4750c9c7848b4da207ec9a668e2f2ab40c,2048x2048,512x2048,4096x2048
model.language_model.layers.45.mlp.experts.151.gate_proj,routed,2048,4096,8388608,10465,5.75,75499429,7dab69ba5b9923de5fb0b61f7f0688de0d49bbc361cb784496b3b1a466fd7a36,4096x4096,512x4096,2048x4096
model.language_model.layers.45.mlp.experts.151.up_proj,routed,2048,4096,8388608,10465,5.75,75499429,260267ed2fe22d152aaf7f6cc4fd2b1ba9169e5a2d782520f6d01d99ab3d1d6d,4096x4096,512x4096,2048x4096
model.language_model.layers.45.mlp.experts.152.down_proj,routed,4096,2048,8388608,11198,26.875,20973477,bed5b3c1d6330649ca79cf6ab8be8acbf9ef2e158b56b4af62a7b01c60498176,2048x2048,512x2048,4096x2048
model.language_model.layers.45.mlp.experts.152.gate_proj,routed,2048,4096,8388608,11198,5.09375,75499429,7c45a774dc2cba258d4659b86a5c007f57a9b2d989e8c9e6edceea3f98ff4bc6,4096x4096,512x4096,2048x4096
model.language_model.layers.45.mlp.experts.152.up_proj,routed,2048,4096,8388608,11198,5.09375,75499429,5546c0fc076b8d8b41580be8dfd2db7c14f321598cc32c76fcac70d01e9530e7,4096x4096,512x4096,2048x4096
model.language_model.layers.45.mlp.experts.153.down_proj,routed,4096,2048,8388608,3782,23.75,20973477,dbf896ee0bb13bb87532c12c1354fbee4451b31fb8398dcfac70ff757d776fa5,2048x2048,512x2048,4096x2048
model.language_model.layers.45.mlp.experts.153.gate_proj,routed,2048,4096,8388608,3782,5.375,75499429,f43ffcaa3930ab6898a554b282693f2d7d1a85f7af89ffc4cda46e66f9cf04ca,4096x4096,512x4096,2048x4096
model.language_model.layers.45.mlp.experts.153.up_proj,routed,2048,4096,8388608,3782,5.375,75499429,5bc5dd9f2c4f0ec23da861f32fa55ef9aa7c3d0f32a5b969940506582576bc87,4096x4096,512x4096,2048x4096
model.language_model.layers.45.mlp.experts.154.down_proj,routed,4096,2048,8388608,4654,21.625,20973477,bf6fcbe0bfb133734bb63ddd13de9a70bca183646cfe48632c5b25301e50b45d,2048x2048,512x2048,4096x2048
model.language_model.layers.45.mlp.experts.154.gate_proj,routed,2048,4096,8388608,4654,5.28125,75499429,ef771178d85636ee36a981ed2630ddc06449ecd08481507ca28f0146680d9df0,4096x4096,512x4096,2048x4096
model.language_model.layers.45.mlp.experts.154.up_proj,routed,2048,4096,8388608,4654,5.28125,75499429,9201376ca02654135befef7f7ecff0150a408fa493da375121855cf208c16cb9,4096x4096,512x4096,2048x4096
model.language_model.layers.45.mlp.experts.155.down_proj,routed,4096,2048,8388608,5579,19.875,20973477,3996d30fe9596e8de0aa6bac20774e2a71555a8335913d7423208156bbb1a325,2048x2048,512x2048,4096x2048
model.language_model.layers.45.mlp.experts.155.gate_proj,routed,2048,4096,8388608,5579,5.84375,75499429,473a1d627debf7328637928e3375a1e1f8e7e13efad07dd8c4e84606d0832ba3,4096x4096,512x4096,2048x4096
model.language_model.layers.45.mlp.experts.155.up_proj,routed,2048,4096,8388608,5579,5.84375,75499429,c73c483fb2f9ec50b0c3506cd1b580e3e3dfe7cfca4ab3f0679b58b00e8b42f5,4096x4096,512x4096,2048x4096
model.language_model.layers.45.mlp.experts.156.down_proj,routed,4096,2048,8388608,5143,29.125,20973477,1f16300fd75fc46c72e2f838d6aff9697cac7df8c03e566e2872db3da7fb3e44,2048x2048,512x2048,4096x2048
model.language_model.layers.45.mlp.experts.156.gate_proj,routed,2048,4096,8388608,5143,4.71875,75499429,724a649609f5815c0f6ccd39946ce820f0dc96c0514dd10bed9da121824a5ea7,4096x4096,512x4096,2048x4096
model.language_model.layers.45.mlp.experts.156.up_proj,routed,2048,4096,8388608,5143,4.71875,75499429,9433d08d816af26846b37adc38bc6233acd0d4511f6e78a49e1f35961bf4118d,4096x4096,512x4096,2048x4096
model.language_model.layers.45.mlp.experts.157.down_proj,routed,4096,2048,8388608,9332,28.375,20973477,9d0582b5e2c8b601028063204f54e06fad12f25be98b8355fc215d48dad620c8,2048x2048,512x2048,4096x2048
model.language_model.layers.45.mlp.experts.157.gate_proj,routed,2048,4096,8388608,9332,6.28125,75499429,f920de7964bcd5565bff85eeb39f851de7518b75a45480db743aba1eae2de2b1,4096x4096,512x4096,2048x4096
model.language_model.layers.45.mlp.experts.157.up_proj,routed,2048,4096,8388608,9332,6.28125,75499429,b2ba3a78e1c822f8f6a8eef77182249bb90f22029290a2299ea99c3748bd72da,4096x4096,512x4096,2048x4096
model.language_model.layers.45.mlp.experts.158.down_proj,routed,4096,2048,8388608,3373,32.75,20973477,286dc5cd4d03171b4a3af01f42bace5dfad02feaba705655e25a21ea98430149,2048x2048,512x2048,4096x2048
model.language_model.layers.45.mlp.experts.158.gate_proj,routed,2048,4096,8388608,3373,5.28125,75499429,d4755bc33e607b16ce6ad38465036b30de8a46f3bff38908942d259fe137b8a6,4096x4096,512x4096,2048x4096
model.language_model.layers.45.mlp.experts.158.up_proj,routed,2048,4096,8388608,3373,5.28125,75499429,1ae29d2f3c04b3773ebd4f37f4e5bd47ef755b4d1b44c9f178cac50d24f34121,4096x4096,512x4096,2048x4096
model.language_model.layers.45.mlp.experts.159.down_proj,routed,4096,2048,8388608,6080,25.125,20973477,b5de560d91376a8976831a297c2ce799de6be7a4117af5d92de5f4be63a1079e,2048x2048,512x2048,4096x2048
model.language_model.layers.45.mlp.experts.159.gate_proj,routed,2048,4096,8388608,6080,6.34375,75499429,98988a789975cbe22ae797352a3d3667079f6564c2b091727176035c8560b1eb,4096x4096,512x4096,2048x4096
model.language_model.layers.45.mlp.experts.159.up_proj,routed,2048,4096,8388608,6080,6.34375,75499429,8340882875fa51323bd18c28df33e974fe7688dc25eb06d59c0396079555f59f,4096x4096,512x4096,2048x4096
model.language_model.layers.45.mlp.experts.16.down_proj,routed,4096,2048,8388608,8798,19.375,20973477,25590940f841e480fd3844e704aaade8d0c9541684b08ec8194a09b1152b988f,2048x2048,512x2048,4096x2048
model.language_model.layers.45.mlp.experts.16.gate_proj,routed,2048,4096,8388608,8798,5.65625,75499429,419f86053bd60fc654d4a5125baf57714bfe0cc786e1314a65298874624d1241,4096x4096,512x4096,2048x4096
model.language_model.layers.45.mlp.experts.16.up_proj,routed,2048,4096,8388608,8798,5.65625,75499429,a2b6a9bbca4ce4784000e0bda40e0964c20f18269817c74c40413710ff123b21,4096x4096,512x4096,2048x4096
model.language_model.layers.45.mlp.experts.160.down_proj,routed,4096,2048,8388608,8386,40.75,20973477,4c1ecb5cc768b1a983112fa3e4a1504da5109ee819ac79bc4e90d9d4df932803,2048x2048,512x2048,4096x2048
model.language_model.layers.45.mlp.experts.160.gate_proj,routed,2048,4096,8388608,8386,6.21875,75499429,206ffadb40cf7ef3b7f85e80d0dcf3ae9e477d3787d85b405aa4ea08e7874a6f,4096x4096,512x4096,2048x4096
model.language_model.layers.45.mlp.experts.160.up_proj,routed,2048,4096,8388608,8386,6.21875,75499429,b96a5c19f3e3098e841cb1a54d1b44dd91f2d66d3bdc0dfbf1e611e5f23829e1,4096x4096,512x4096,2048x4096
model.language_model.layers.45.mlp.experts.161.down_proj,routed,4096,2048,8388608,4353,26.75,20973477,1bd7181e635ae7984e7aeede4a9cbb9019ccdcc8c6b9547e7d51964e2bf484bb,2048x2048,512x2048,4096x2048
model.language_model.layers.45.mlp.experts.161.gate_proj,routed,2048,4096,8388608,4353,6.125,75499429,472c79581e66f0b55fac46d48a17fe5e087d896d0bce575b342792254259bad3,4096x4096,512x4096,2048x4096
model.language_model.layers.45.mlp.experts.161.up_proj,routed,2048,4096,8388608,4353,6.125,75499429,43b864b111f39fcde83f1567eb81acb19e646fade899aa854c187b80a9d8b46d,4096x4096,512x4096,2048x4096
model.language_model.layers.45.mlp.experts.162.down_proj,routed,4096,2048,8388608,4583,25.125,20973477,0eddd571467a4e2d1bb0445f4796b4533ad2141dcbcc07c1eb5ba5ad7ba28ca1,2048x2048,512x2048,4096x2048
model.language_model.layers.45.mlp.experts.162.gate_proj,routed,2048,4096,8388608,4583,4.6875,75499429,2b5775f0663afe519fac352c2e8bb64cfeb52bbc78e9f84fa9e0caad7aa9a414,4096x4096,512x4096,2048x4096
model.language_model.layers.45.mlp.experts.162.up_proj,routed,2048,4096,8388608,4583,4.6875,75499429,bee3450b27721063c5ae24bd0cd692ee8a792b7fd5e7b35b7025318687d32862,4096x4096,512x4096,2048x4096
model.language_model.layers.45.mlp.experts.163.down_proj,routed,4096,2048,8388608,11288,26.875,20973477,058c294343a2974b70fa662146bfe5d9839041d1ffa4025c989404e085843e11,2048x2048,512x2048,4096x2048
model.language_model.layers.45.mlp.experts.163.gate_proj,routed,2048,4096,8388608,11288,5.65625,75499429,c8f0319805acfef4470e0f43cad0a43394c41fead0fb6edbe21096a1501a2e35,4096x4096,512x4096,2048x4096
model.language_model.layers.45.mlp.experts.163.up_proj,routed,2048,4096,8388608,11288,5.65625,75499429,48a2841ac15db51f2b03b0e32ff56af8792b8bf26ab94480cbbb16c31563c414,4096x4096,512x4096,2048x4096
model.language_model.layers.45.mlp.experts.164.down_proj,routed,4096,2048,8388608,6158,28.875,20973477,483bbbd2b058b02fdcb8cfb4a2e41beeebef08bb537534f036c6be54661561ee,2048x2048,512x2048,4096x2048
model.language_model.layers.45.mlp.experts.164.gate_proj,routed,2048,4096,8388608,6158,4.90625,75499429,21926e801d908e80e39d5c893d5cf9939c99eeea01a59bef7e483fe5f2538f00,4096x4096,512x4096,2048x4096
model.language_model.layers.45.mlp.experts.164.up_proj,routed,2048,4096,8388608,6158,4.90625,75499429,af4e0538663dacd4692bd00081631053e48d8651dfc5866a4a02e033b532675f,4096x4096,512x4096,2048x4096
model.language_model.layers.45.mlp.experts.165.down_proj,routed,4096,2048,8388608,9239,28.75,20973477,1ed513d33f8fc15b3cb4250230646207eb57215d0c0a9704bf9098e60c087f5c,2048x2048,512x2048,4096x2048
model.language_model.layers.45.mlp.experts.165.gate_proj,routed,2048,4096,8388608,9239,6.125,75499429,e4ab4a43e60398da8d12fbbc5633d0ad4424bf19403c9fb868753a5a5e4bf8cc,4096x4096,512x4096,2048x4096
model.language_model.layers.45.mlp.experts.165.up_proj,routed,2048,4096,8388608,9239,6.125,75499429,02f491dd4bd7f5e8b876af579582cb7dd709bb30deae55549550239fab238dd9,4096x4096,512x4096,2048x4096
model.language_model.layers.45.mlp.experts.166.down_proj,routed,4096,2048,8388608,7022,31.625,20973477,8493cc3354e2db683b91a2c3fb4b385cb08c48b9b38d9bb38bc940ebf303b1b1,2048x2048,512x2048,4096x2048
model.language_model.layers.45.mlp.experts.166.gate_proj,routed,2048,4096,8388608,7022,5.125,75499429,0074c8aada490e257c73edb17e29166d1f299bb8e6c49d1944f994b03a210ca0,4096x4096,512x4096,2048x4096
model.language_model.layers.45.mlp.experts.166.up_proj,routed,2048,4096,8388608,7022,5.125,75499429,3f5106d29d94f14283fbc4ba00a2c183169beafc9307a9555fb68880ada7791c,4096x4096,512x4096,2048x4096
model.language_model.layers.45.mlp.experts.167.down_proj,routed,4096,2048,8388608,7897,23.25,20973477,a2500fbde07c3dd6c01e131a2888400098b605fccff739f783b70c6b43b91668,2048x2048,512x2048,4096x2048
model.language_model.layers.45.mlp.experts.167.gate_proj,routed,2048,4096,8388608,7897,4.65625,75499429,647f102490b1ccf0644f4bf59b92c8138c932759a8f3bd49a5f63d86269696af,4096x4096,512x4096,2048x4096
model.language_model.layers.45.mlp.experts.167.up_proj,routed,2048,4096,8388608,7897,4.65625,75499429,74ea3f09a9e5b08336f5ca784c418a8b4f223ba75a3821f64a87271da5beec01,4096x4096,512x4096,2048x4096
model.language_model.layers.45.mlp.experts.168.down_proj,routed,4096,2048,8388608,8849,46.5,20973477,8119361b161039571cedcc5d0ac47b52ae08d33cce552a68d1e31ed370e23d97,2048x2048,512x2048,4096x2048
model.language_model.layers.45.mlp.experts.168.gate_proj,routed,2048,4096,8388608,8849,6.875,75499429,e5d204af946daa44a2c0b5757a6f016e1b85b5495834a260802e52613dfccdee,4096x4096,512x4096,2048x4096
model.language_model.layers.45.mlp.experts.168.up_proj,routed,2048,4096,8388608,8849,6.875,75499429,1cdb0e46cc886465cece2b5876411662c9513c51e6a3387da054015551c50fac,4096x4096,512x4096,2048x4096
model.language_model.layers.45.mlp.experts.169.down_proj,routed,4096,2048,8388608,2191,38.5,20973477,d85a62a6c9b8c749ab78c236f97a4e6932426e7f2b00c6233ce0798ca461a8d2,2048x2048,512x2048,4096x2048
model.language_model.layers.45.mlp.experts.169.gate_proj,routed,2048,4096,8388608,2191,4.15625,75499429,22b8df29691f98385eb3f9b715a14e45e7589cea08224d6793f4a5458d3c72cf,4096x4096,512x4096,2048x4096
model.language_model.layers.45.mlp.experts.169.up_proj,routed,2048,4096,8388608,2191,4.15625,75499429,eca7d1403d36a9e45fef1af6e7f7d5296e001def0c6eeb2c0e7207ca3265f6bc,4096x4096,512x4096,2048x4096
model.language_model.layers.45.mlp.experts.17.down_proj,routed,4096,2048,8388608,11345,21.125,20973477,b0a3f2c685b35bf74be8944a32e82435400a83375d02947b31efc73d90335776,2048x2048,512x2048,4096x2048
model.language_model.layers.45.mlp.experts.17.gate_proj,routed,2048,4096,8388608,11345,6.21875,75499429,b873ee7fdb9fbcbe2c68d199cb056723cbbb343edfa65d71feee49b7abe35781,4096x4096,512x4096,2048x4096
model.language_model.layers.45.mlp.experts.17.up_proj,routed,2048,4096,8388608,11345,6.21875,75499429,1445f3c72758d19d3e0d68f16cb5d3af294bf20acdbea13b7dc0b6d8a229e465,4096x4096,512x4096,2048x4096
model.language_model.layers.45.mlp.experts.170.down_proj,routed,4096,2048,8388608,2400,25.125,20973477,94ff52f1e84b7487c7c04edd656f5df62fd7354cc931f11a639824aa0b1fb49d,2048x2048,512x2048,4096x2048
model.language_model.layers.45.mlp.experts.170.gate_proj,routed,2048,4096,8388608,2400,5.0,75499429,a118e4cee6cd5fa76ec665e4f6253608af8b3ced41a518bde3bba8a8285c5f65,4096x4096,512x4096,2048x4096
model.language_model.layers.45.mlp.experts.170.up_proj,routed,2048,4096,8388608,2400,5.0,75499429,c7683c88b09c0849385c65018f963d7766e54bb6ba66fe80c738efd70080eb5a,4096x4096,512x4096,2048x4096
model.language_model.layers.45.mlp.experts.171.down_proj,routed,4096,2048,8388608,5822,31.375,20973477,4110d05eed2997061c7eb58361e910a9b889c73360cf53788922cc3a0a3c171a,2048x2048,512x2048,4096x2048
model.language_model.layers.45.mlp.experts.171.gate_proj,routed,2048,4096,8388608,5822,5.59375,75499429,9eaf9868c04d5a731d757b190d8288e56c4e611bb3bee17b93e2f981731fcc5c,4096x4096,512x4096,2048x4096
model.language_model.layers.45.mlp.experts.171.up_proj,routed,2048,4096,8388608,5822,5.59375,75499429,09a554cb525826565fed0284ee017028d3fed115a98687a4b79799b858eb5e0d,4096x4096,512x4096,2048x4096
model.language_model.layers.45.mlp.experts.172.down_proj,routed,4096,2048,8388608,1186,14.875,20973477,bea7cbc6f06dae8cb1ea1b5c8a1d185356d2cac07025b26de9488680b860745c,2048x2048,512x2048,4096x2048
model.language_model.layers.45.mlp.experts.172.gate_proj,routed,2048,4096,8388608,1186,3.609375,75499429,06513ba27ffb13ac3c243e37f6ec0089681938333f55a3ab8743d46ecedbd4f2,4096x4096,512x4096,2048x4096
model.language_model.layers.45.mlp.experts.172.up_proj,routed,2048,4096,8388608,1186,3.609375,75499429,50a6045889dfc36e6bad52ded94cac92b3d8c82859ae48169498035ef38f1190,4096x4096,512x4096,2048x4096
model.language_model.layers.45.mlp.experts.173.down_proj,routed,4096,2048,8388608,4662,19.625,20973477,1c0a0cdde82d902bb51775f2b1e69e1e7544c17657811d3680856dc9d348c16d,2048x2048,512x2048,4096x2048
model.language_model.layers.45.mlp.experts.173.gate_proj,routed,2048,4096,8388608,4662,5.78125,75499429,3c4975d6aba663c2d6c5b9d5c684a53410d890e9b329f3c9c1054d07613c472e,4096x4096,512x4096,2048x4096
model.language_model.layers.45.mlp.experts.173.up_proj,routed,2048,4096,8388608,4662,5.78125,75499429,ff48ac6bb182431fa3f08fd0b9607333c914d933af0cb2e87f58cebf8e482ac4,4096x4096,512x4096,2048x4096
model.language_model.layers.45.mlp.experts.174.down_proj,routed,4096,2048,8388608,8568,24.125,20973477,2e85e6ae7b80fbdd888e8a0a63e620511242c9b30d8f9a8c8680f5fce6f83233,2048x2048,512x2048,4096x2048
model.language_model.layers.45.mlp.experts.174.gate_proj,routed,2048,4096,8388608,8568,6.0,75499429,6926fd4b6c20f866adcd7a500773335f11db311400246310bb8ccfc5d6ec1ae1,4096x4096,512x4096,2048x4096
model.language_model.layers.45.mlp.experts.174.up_proj,routed,2048,4096,8388608,8568,6.0,75499429,64c934c2b15dc711912cce9406cd1f0413439346c1d3c5e126d06c64144d7ace,4096x4096,512x4096,2048x4096
model.language_model.layers.45.mlp.experts.175.down_proj,routed,4096,2048,8388608,6919,25.875,20973477,435145c4a30324b33377427b36e4eca1412f4dcc74d221294277c0d7ca1a0b48,2048x2048,512x2048,4096x2048
model.language_model.layers.45.mlp.experts.175.gate_proj,routed,2048,4096,8388608,6919,4.71875,75499429,506ca53130e2c676501cbaf4bc575faa62d14cb9498b94e9a4727904db8ac712,4096x4096,512x4096,2048x4096
model.language_model.layers.45.mlp.experts.175.up_proj,routed,2048,4096,8388608,6919,4.71875,75499429,9c6d6445b5eb52458cc850946cee2ae50486590e531228a87af3a23971729204,4096x4096,512x4096,2048x4096
model.language_model.layers.45.mlp.experts.176.down_proj,routed,4096,2048,8388608,4670,38.75,20973477,ce01dca5b500761441b8de24152434c91944c66363d5b3185b206f825b04de5c,2048x2048,512x2048,4096x2048
model.language_model.layers.45.mlp.experts.176.gate_proj,routed,2048,4096,8388608,4670,5.0625,75499429,becb889771ba8eb5da5cf7062a7ab189d868ddac58c9c80ade43451f5e380c72,4096x4096,512x4096,2048x4096
model.language_model.layers.45.mlp.experts.176.up_proj,routed,2048,4096,8388608,4670,5.0625,75499429,3d3cdb14b0ceb45b89c5b8be6881c283a21b04bb5afee6c0784d25a93b4d2bc2,4096x4096,512x4096,2048x4096
model.language_model.layers.45.mlp.experts.177.down_proj,routed,4096,2048,8388608,9579,19.0,20973477,44c55ead536c32809e6b0d9ff81002cbc772692544918022cd73baa1430ddd5b,2048x2048,512x2048,4096x2048
model.language_model.layers.45.mlp.experts.177.gate_proj,routed,2048,4096,8388608,9579,5.25,75499429,a9bc082524c531c71992a4629ef53c1dce919d8076fe6f619da1ce86d8581d70,4096x4096,512x4096,2048x4096
model.language_model.layers.45.mlp.experts.177.up_proj,routed,2048,4096,8388608,9579,5.25,75499429,06c1a86ebba6b4150509e9c053426753ec49c7bf638a20014c87dfdc2ad3e99c,4096x4096,512x4096,2048x4096
model.language_model.layers.45.mlp.experts.178.down_proj,routed,4096,2048,8388608,2901,26.875,20973477,feac1a3b8eec8eab653f2689df1c4bf6db468a124ea214fabb7a77cf1b7def14,2048x2048,512x2048,4096x2048
model.language_model.layers.45.mlp.experts.178.gate_proj,routed,2048,4096,8388608,2901,5.90625,75499429,449714d77e964a788de0c480b3dc31b912f6e13bf803ad0efa2dc75f20bd9d7a,4096x4096,512x4096,2048x4096
model.language_model.layers.45.mlp.experts.178.up_proj,routed,2048,4096,8388608,2901,5.90625,75499429,e7abd96c7acba43d31bf1dfe3fba2ef024bcd8620f3c9067dacbb6f48d301111,4096x4096,512x4096,2048x4096
model.language_model.layers.45.mlp.experts.179.down_proj,routed,4096,2048,8388608,8127,24.625,20973477,7f23d75dfd2e6158ed3217fda36595c71f5bd57877335245a305fb20b2517e36,2048x2048,512x2048,4096x2048
model.language_model.layers.45.mlp.experts.179.gate_proj,routed,2048,4096,8388608,8127,6.21875,75499429,c8330aa5297ccd7b42039955944b63c17d12a21ab2bb2467dc532b21602c0b66,4096x4096,512x4096,2048x4096
model.language_model.layers.45.mlp.experts.179.up_proj,routed,2048,4096,8388608,8127,6.21875,75499429,4f708226283b08d83159d47933ded17a101ad954467cfd41f43163050ac723d1,4096x4096,512x4096,2048x4096
model.language_model.layers.45.mlp.experts.18.down_proj,routed,4096,2048,8388608,33652,25.75,20973477,ada7b1c61a9ff871a476ccea7da39bded216d3733ad7e4cb164cbd3b8823bfdc,2048x2048,512x2048,4096x2048
model.language_model.layers.45.mlp.experts.18.gate_proj,routed,2048,4096,8388608,33652,6.21875,75499429,ce2f1c3f28bc131513b92531d8e2073822938652b55f4d5d2862cc72b4db7121,4096x4096,512x4096,2048x4096
model.language_model.layers.45.mlp.experts.18.up_proj,routed,2048,4096,8388608,33652,6.21875,75499429,44b208f952d91e51becfe67bba911055338f786bdea24c20f741984c6fe3c50e,4096x4096,512x4096,2048x4096
model.language_model.layers.45.mlp.experts.180.down_proj,routed,4096,2048,8388608,10667,24.25,20973477,da276fb018b9aec7d3100b2abec262cf5d4d5c0af62f99fd7debea64c54ea3db,2048x2048,512x2048,4096x2048
model.language_model.layers.45.mlp.experts.180.gate_proj,routed,2048,4096,8388608,10667,5.03125,75499429,7fd7ab0290b37a0a635320922d4d735acbda9f2a813f0c7bd56b288e815693d5,4096x4096,512x4096,2048x4096
model.language_model.layers.45.mlp.experts.180.up_proj,routed,2048,4096,8388608,10667,5.03125,75499429,89d0b2a8b2f3fe1edd66f1355eac0405fe06c000bb7cf342bb3400e7317c07f0,4096x4096,512x4096,2048x4096
model.language_model.layers.45.mlp.experts.181.down_proj,routed,4096,2048,8388608,6552,18.25,20973477,50536833daad30ee6f18a71ce559ec3a9b2372af47756e6911831ed9ca20807c,2048x2048,512x2048,4096x2048
model.language_model.layers.45.mlp.experts.181.gate_proj,routed,2048,4096,8388608,6552,5.15625,75499429,589209ca674168ef74a6f4f71aa9a9f370403d8cdd61db0d3f0640eb6f08b586,4096x4096,512x4096,2048x4096
model.language_model.layers.45.mlp.experts.181.up_proj,routed,2048,4096,8388608,6552,5.15625,75499429,ae37764b3612172be1efa6b42380a93ca2c766708fd2189963461d79f5e1c4a9,4096x4096,512x4096,2048x4096
model.language_model.layers.45.mlp.experts.182.down_proj,routed,4096,2048,8388608,9652,31.875,20973477,507bb83d66179dc000ae00f5a41b2245d3c2919add691ff2a00fe0c8542ed9b5,2048x2048,512x2048,4096x2048
model.language_model.layers.45.mlp.experts.182.gate_proj,routed,2048,4096,8388608,9652,6.875,75499429,f6f6747cc6abecfed2fc729c6100fd17bd4771986bc4ee5c1e4c12f2356e6ddb,4096x4096,512x4096,2048x4096
model.language_model.layers.45.mlp.experts.182.up_proj,routed,2048,4096,8388608,9652,6.875,75499429,a8cb09185df06953efab0d9dd56593c52cf6a2e6b116b178eb03bc6a5627a2b3,4096x4096,512x4096,2048x4096
model.language_model.layers.45.mlp.experts.183.down_proj,routed,4096,2048,8388608,4221,13.9375,20973477,3ebf36cf2026a2d2309b657570bd98a26720fce6d9fcdf5799835e8c1d1cba1b,2048x2048,512x2048,4096x2048
model.language_model.layers.45.mlp.experts.183.gate_proj,routed,2048,4096,8388608,4221,3.390625,75499429,06b4a3b5d38b48cadae8eea18d9df9423c92668dcd2b276f6278eb1ae36d0073,4096x4096,512x4096,2048x4096
model.language_model.layers.45.mlp.experts.183.up_proj,routed,2048,4096,8388608,4221,3.390625,75499429,b5f838fca594d5cc02be7aa35854d58468e1d050b4ef6f6f58ca3d95e8a051bf,4096x4096,512x4096,2048x4096
model.language_model.layers.45.mlp.experts.184.down_proj,routed,4096,2048,8388608,11626,25.25,20973477,4fa81a34a090e746f9eec40a0b5a7941b93fa6ffbb08af3f0f74d78d5bfd8355,2048x2048,512x2048,4096x2048
model.language_model.layers.45.mlp.experts.184.gate_proj,routed,2048,4096,8388608,11626,5.21875,75499429,abc2e564b25147e532f3ef5e1a12c30c928929e6af3069263949aff9d36eb5be,4096x4096,512x4096,2048x4096
model.language_model.layers.45.mlp.experts.184.up_proj,routed,2048,4096,8388608,11626,5.21875,75499429,70b21650ab44bc2edc7022351bf692aba7197f6ed44c2116a17f1e59627edeab,4096x4096,512x4096,2048x4096
model.language_model.layers.45.mlp.experts.185.down_proj,routed,4096,2048,8388608,11917,26.625,20973477,a5316cd9fb9ced96f979fff00f3755e9aad7623bbdde9740db86b4b642af1a86,2048x2048,512x2048,4096x2048
model.language_model.layers.45.mlp.experts.185.gate_proj,routed,2048,4096,8388608,11917,6.21875,75499429,ce081dade9fd941411a998284dc5e2c251c9dde649188c6d910510a4ce40aaa4,4096x4096,512x4096,2048x4096
model.language_model.layers.45.mlp.experts.185.up_proj,routed,2048,4096,8388608,11917,6.21875,75499429,3956ec6212d2a374bbd33fd91a53aff7970c73a125772bba918213df1e3853cb,4096x4096,512x4096,2048x4096
model.language_model.layers.45.mlp.experts.186.down_proj,routed,4096,2048,8388608,1996,23.25,20973477,9745085e85b6b012e44f845e021cdfb5f444728fc8b3bef663aea810dee3e616,2048x2048,512x2048,4096x2048
model.language_model.layers.45.mlp.experts.186.gate_proj,routed,2048,4096,8388608,1996,6.59375,75499429,36efe3ac8ed44a35fbfdb6cd410605ecfb8001b85abdfcbcab717b4deb3cac98,4096x4096,512x4096,2048x4096
model.language_model.layers.45.mlp.experts.186.up_proj,routed,2048,4096,8388608,1996,6.59375,75499429,8a14ddc6295be2fda2f9a73153c8f6f23a15d801075393aaecd18503033821af,4096x4096,512x4096,2048x4096
model.language_model.layers.45.mlp.experts.187.down_proj,routed,4096,2048,8388608,9007,38.5,20973477,70eb8c077be6f0b8faadd0e6307725d07246ff186a7607906261bab2e775c43e,2048x2048,512x2048,4096x2048
model.language_model.layers.45.mlp.experts.187.gate_proj,routed,2048,4096,8388608,9007,5.09375,75499429,1f91828dbbb3a494d22f51d9d7bc03081dec9bd620a67b853ca05d92c1b21925,4096x4096,512x4096,2048x4096
model.language_model.layers.45.mlp.experts.187.up_proj,routed,2048,4096,8388608,9007,5.09375,75499429,e97c8f3c2bb409c9bcfdb2d121b5ee7b60f6826aba6330ca3ea46411a55d202d,4096x4096,512x4096,2048x4096
model.language_model.layers.45.mlp.experts.188.down_proj,routed,4096,2048,8388608,18226,31.5,20973477,2261c2b25d328b3ea474c3c659ca0152fe42776030b540d12c895cf04e90697d,2048x2048,512x2048,4096x2048
model.language_model.layers.45.mlp.experts.188.gate_proj,routed,2048,4096,8388608,18226,4.75,75499429,70c54b1011d7612223a9947660fd2e9df6ec0af521d959a33a52acc686a65269,4096x4096,512x4096,2048x4096
model.language_model.layers.45.mlp.experts.188.up_proj,routed,2048,4096,8388608,18226,4.75,75499429,828892c1fb0261e1ce1c9b9838beecc7fc473e35e1b2fcc781725a45e177c0a0,4096x4096,512x4096,2048x4096
model.language_model.layers.45.mlp.experts.189.down_proj,routed,4096,2048,8388608,2312,26.75,20973477,6e62062c36023c65ac6d22f9ff4954833cc33ac665f81d485a7ee1f0390c14d7,2048x2048,512x2048,4096x2048
model.language_model.layers.45.mlp.experts.189.gate_proj,routed,2048,4096,8388608,2312,5.59375,75499429,edb4794a502c3d8831cd8ddba11862f0d9742aefaa0f1c6d728277c70f99630c,4096x4096,512x4096,2048x4096
model.language_model.layers.45.mlp.experts.189.up_proj,routed,2048,4096,8388608,2312,5.59375,75499429,c361140b989f580dd7842a17000eb764212cbe694547d870544512b2b7f4061f,4096x4096,512x4096,2048x4096
model.language_model.layers.45.mlp.experts.19.down_proj,routed,4096,2048,8388608,4604,15.625,20973477,e5f0ceedcac307e1490e9c7858f4ab303e312e2fd00b13292e95e9f037bd98a0,2048x2048,512x2048,4096x2048
model.language_model.layers.45.mlp.experts.19.gate_proj,routed,2048,4096,8388608,4604,4.34375,75499429,8301b6de6d765aca5689ff9a25af365af47178cfd74400686d1bd9cc3a0fdd76,4096x4096,512x4096,2048x4096
model.language_model.layers.45.mlp.experts.19.up_proj,routed,2048,4096,8388608,4604,4.34375,75499429,76e29c5387762d58710a3ae8e11e8ec7846c909665f3bbf16a65f07ae484fc04,4096x4096,512x4096,2048x4096
model.language_model.layers.45.mlp.experts.190.down_proj,routed,4096,2048,8388608,3299,21.0,20973477,5c56095920379095c2ea7aac557d1cd64c407a79649fdb069cff2edc3b11f685,2048x2048,512x2048,4096x2048
model.language_model.layers.45.mlp.experts.190.gate_proj,routed,2048,4096,8388608,3299,4.78125,75499429,0f2a57d5aca3480f5834e85cc7dd39198349ebe169363dfd4e9358dd387bd79c,4096x4096,512x4096,2048x4096
model.language_model.layers.45.mlp.experts.190.up_proj,routed,2048,4096,8388608,3299,4.78125,75499429,192397df262fcb1783ac1101821e82c750cb46db08978c1aeeed2035763b02c7,4096x4096,512x4096,2048x4096
model.language_model.layers.45.mlp.experts.191.down_proj,routed,4096,2048,8388608,4686,9.1875,20973477,39c8cfcf749adc241a652bb0be0afc11973d44aa758200de2774eb36df0ebca8,2048x2048,512x2048,4096x2048
model.language_model.layers.45.mlp.experts.191.gate_proj,routed,2048,4096,8388608,4686,3.09375,75499429,100f710b757e738de8dbe4e508bbdac462ed4a20a310d00b204f9d1e684d0bd1,4096x4096,512x4096,2048x4096
model.language_model.layers.45.mlp.experts.191.up_proj,routed,2048,4096,8388608,4686,3.09375,75499429,3911c72d2fada5603817a1fa1d8e65a8b3b3873211a95067d13656a1712cb3f6,4096x4096,512x4096,2048x4096
model.language_model.layers.45.mlp.experts.192.down_proj,routed,4096,2048,8388608,11313,12.875,20973477,a17a591365f8a5e4c957b20f8b971e2cb8d4f94192a4d4a431eb69cbe479ce84,2048x2048,512x2048,4096x2048
model.language_model.layers.45.mlp.experts.192.gate_proj,routed,2048,4096,8388608,11313,5.25,75499429,273d2091fc677277bc56616ab34991aa79f3d04851c98cd6a2421367e8a527a1,4096x4096,512x4096,2048x4096
model.language_model.layers.45.mlp.experts.192.up_proj,routed,2048,4096,8388608,11313,5.25,75499429,9c68163a1690cdd7bcdb82223ebdb4181138edd143a98b2b921f8eb3a41d47a0,4096x4096,512x4096,2048x4096
model.language_model.layers.45.mlp.experts.193.down_proj,routed,4096,2048,8388608,5988,34.25,20973477,7c6ee6695bebd39a4755aa727906d6a46f79ecb2ac5e077f6f687601408c6187,2048x2048,512x2048,4096x2048
model.language_model.layers.45.mlp.experts.193.gate_proj,routed,2048,4096,8388608,5988,5.03125,75499429,3067bf8f5da9352b528dd4e314d3e1d91ecf4aca2a02eff6c6b574de364b4453,4096x4096,512x4096,2048x4096
model.language_model.layers.45.mlp.experts.193.up_proj,routed,2048,4096,8388608,5988,5.03125,75499429,9d15be2ef68ef38210bd85074eecedc93c4075422d5e3bebcc4f7ecb6fe49a4f,4096x4096,512x4096,2048x4096
model.language_model.layers.45.mlp.experts.194.down_proj,routed,4096,2048,8388608,2506,15.8125,20973477,ede65509992b5badd96ffd48d860704cc04db06791f5325daea1dc2cb500af47,2048x2048,512x2048,4096x2048
model.language_model.layers.45.mlp.experts.194.gate_proj,routed,2048,4096,8388608,2506,3.890625,75499429,2c1a81fc51875a5b83c8c9063467a1b44b591e6d9b84d56fae0515e3aa5c66cc,4096x4096,512x4096,2048x4096
model.language_model.layers.45.mlp.experts.194.up_proj,routed,2048,4096,8388608,2506,3.890625,75499429,d90da5d3ebcd290352efc4bc8aeb091055099f814c54c154d9cf602bdaba7b1c,4096x4096,512x4096,2048x4096
model.language_model.layers.45.mlp.experts.195.down_proj,routed,4096,2048,8388608,10948,34.75,20973477,13c3176ca501a32a44ea013284e5f22e5fde06aedd3a8d8714b2a701ffee601f,2048x2048,512x2048,4096x2048
model.language_model.layers.45.mlp.experts.195.gate_proj,routed,2048,4096,8388608,10948,5.53125,75499429,444e4d7b006bd0215295dc5cd73d2e85a3bb32011c01f3c1223e6dfb219ea9eb,4096x4096,512x4096,2048x4096
model.language_model.layers.45.mlp.experts.195.up_proj,routed,2048,4096,8388608,10948,5.53125,75499429,714adbc170892cc4c777d12abad879a49e4e5fe1201bcde0ceee1750da35d00a,4096x4096,512x4096,2048x4096
model.language_model.layers.45.mlp.experts.196.down_proj,routed,4096,2048,8388608,36716,19.0,20973477,5c7b37e062dc586829046b7f5d6032e4ed901ebf8dbcff011e8fc9dc5cb7666a,2048x2048,512x2048,4096x2048
model.language_model.layers.45.mlp.experts.196.gate_proj,routed,2048,4096,8388608,36716,5.28125,75499429,4ea862c9fa6fdddca0cdaf555b810185441f5a3f7c11074834cc5e389f2ae4d4,4096x4096,512x4096,2048x4096
model.language_model.layers.45.mlp.experts.196.up_proj,routed,2048,4096,8388608,36716,5.28125,75499429,6c4765a46a7a7582a24dc7f507c4992ace5c334bc1df474a89263210c8399cde,4096x4096,512x4096,2048x4096
model.language_model.layers.45.mlp.experts.197.down_proj,routed,4096,2048,8388608,5037,27.875,20973477,acead5eaea776d510682982cbda0d8d945c2a7f2cb7c9f58bae966b70f97b1eb,2048x2048,512x2048,4096x2048
model.language_model.layers.45.mlp.experts.197.gate_proj,routed,2048,4096,8388608,5037,3.890625,75499429,4dbabde8bc9514fdbb0c3e0c1b373f0bd8d0421be1301d72d4bc6face2c31612,4096x4096,512x4096,2048x4096
model.language_model.layers.45.mlp.experts.197.up_proj,routed,2048,4096,8388608,5037,3.890625,75499429,1454d0581330e0c486cb0934e02c71e5c8ff653843181d9cb4be464159ae6fce,4096x4096,512x4096,2048x4096
model.language_model.layers.45.mlp.experts.198.down_proj,routed,4096,2048,8388608,5467,22.875,20973477,b61743ec8b0c072290d2385853a22c55dabdc4fef1db9cad06a16d50afec23e8,2048x2048,512x2048,4096x2048
model.language_model.layers.45.mlp.experts.198.gate_proj,routed,2048,4096,8388608,5467,4.875,75499429,b4c8b241f37cfce931a5cdedf86942e22d698280169e4854cd3ffb4b2767cea3,4096x4096,512x4096,2048x4096
model.language_model.layers.45.mlp.experts.198.up_proj,routed,2048,4096,8388608,5467,4.875,75499429,851167081a9909d34bb4a89041fbd19c4fe48b3911fa2935b131a2de857fd6e4,4096x4096,512x4096,2048x4096
model.language_model.layers.45.mlp.experts.199.down_proj,routed,4096,2048,8388608,3454,21.75,20973477,62e5d08534d83338eb22b23a8f3aac4ae8ead96054f1182580d74c7564a43f87,2048x2048,512x2048,4096x2048
model.language_model.layers.45.mlp.experts.199.gate_proj,routed,2048,4096,8388608,3454,4.40625,75499429,dbb11705fdd208cd126ddf69d707128077f477a51e4b5f2da01644c22e3af62b,4096x4096,512x4096,2048x4096
model.language_model.layers.45.mlp.experts.199.up_proj,routed,2048,4096,8388608,3454,4.40625,75499429,e70cbe34ec5497864ccfe30072a7a3007d7826eaf07cbc751eaf58809eade3c5,4096x4096,512x4096,2048x4096
model.language_model.layers.45.mlp.experts.2.down_proj,routed,4096,2048,8388608,5318,18.875,20973477,11f44a106a55154cbe0fb3b04279ff2b52f64872fe301dae397de4c29642f25c,2048x2048,512x2048,4096x2048
model.language_model.layers.45.mlp.experts.2.gate_proj,routed,2048,4096,8388608,5318,6.125,75499429,e76e18e6d05ed2d81008389cf6ead4b0c53911577861c8d36a8c2c248b5981d0,4096x4096,512x4096,2048x4096
model.language_model.layers.45.mlp.experts.2.up_proj,routed,2048,4096,8388608,5318,6.125,75499429,d143a362210d8b3312e6688fa811891b2a1e9f9e51e29e242f4f5afefdccf67f,4096x4096,512x4096,2048x4096
model.language_model.layers.45.mlp.experts.20.down_proj,routed,4096,2048,8388608,4938,22.0,20973477,d6750c096f1aac88fc226e0d7824c733258a8f53471794ffee3d932d3a5839ca,2048x2048,512x2048,4096x2048
model.language_model.layers.45.mlp.experts.20.gate_proj,routed,2048,4096,8388608,4938,4.78125,75499429,70ca370028cbc356e4f14d2b98804ab0d4eadfd355fd8338d6d41135cbe2a780,4096x4096,512x4096,2048x4096
model.language_model.layers.45.mlp.experts.20.up_proj,routed,2048,4096,8388608,4938,4.78125,75499429,1b22b08366b2135539122df1086d1a90b51548725fea61bc9926453896853855,4096x4096,512x4096,2048x4096
model.language_model.layers.45.mlp.experts.200.down_proj,routed,4096,2048,8388608,3522,30.625,20973477,f35383fc12628210e60db3cb8d1ac71b2223e51354025d6e6921b17c9eaff839,2048x2048,512x2048,4096x2048
model.language_model.layers.45.mlp.experts.200.gate_proj,routed,2048,4096,8388608,3522,5.21875,75499429,7ce1348f3d32843ac0b7afa4aa7ef238d9bf82fc81e327e01d881383ffec9187,4096x4096,512x4096,2048x4096
model.language_model.layers.45.mlp.experts.200.up_proj,routed,2048,4096,8388608,3522,5.21875,75499429,c93687352cdb1bc7bd17c559dd2026e33157aa98f9957e11803b3d37843611c8,4096x4096,512x4096,2048x4096
model.language_model.layers.45.mlp.experts.201.down_proj,routed,4096,2048,8388608,6113,19.875,20973477,f27f4b48187e343c4d705f392441774aca6c3c296820b8c9eecf0a7ecfc867ea,2048x2048,512x2048,4096x2048
model.language_model.layers.45.mlp.experts.201.gate_proj,routed,2048,4096,8388608,6113,6.21875,75499429,d0bf45bd2f650ee50c4804bc0b71942926a13c4fcc90654515cd8ec72deec147,4096x4096,512x4096,2048x4096
model.language_model.layers.45.mlp.experts.201.up_proj,routed,2048,4096,8388608,6113,6.21875,75499429,a8664b6874d66562b7f06190ec6ca1dc9957216947d003ee16f8d59700638954,4096x4096,512x4096,2048x4096
model.language_model.layers.45.mlp.experts.202.down_proj,routed,4096,2048,8388608,3822,28.125,20973477,ac8c9181c596a14c3fb39f481daf73bd2dfcfbad7c338c3f64182687472a1b80,2048x2048,512x2048,4096x2048
model.language_model.layers.45.mlp.experts.202.gate_proj,routed,2048,4096,8388608,3822,4.71875,75499429,ee1d45635c17178a1cee2c3fdd84dac478d8afa588c5fba05fed148fa5d636fb,4096x4096,512x4096,2048x4096
model.language_model.layers.45.mlp.experts.202.up_proj,routed,2048,4096,8388608,3822,4.71875,75499429,84aa16aea0336dca2203ba039b5443bcb4c5cebf742dc3a71aa19c9162746075,4096x4096,512x4096,2048x4096
model.language_model.layers.45.mlp.experts.203.down_proj,routed,4096,2048,8388608,5543,24.5,20973477,346259cd1dcb6d81f4be4d43857a6e89ee46d2f6b55e6e9c520a006756951832,2048x2048,512x2048,4096x2048
model.language_model.layers.45.mlp.experts.203.gate_proj,routed,2048,4096,8388608,5543,6.09375,75499429,7dc0ecd32f5eb3ce17ab38ffdc862da352c8a77f4bc9806ef0a1de1c8c257714,4096x4096,512x4096,2048x4096
model.language_model.layers.45.mlp.experts.203.up_proj,routed,2048,4096,8388608,5543,6.09375,75499429,f9f856eaac381b43583deb2a9a0775d506707b73910476b88860a82e189f7902,4096x4096,512x4096,2048x4096
model.language_model.layers.45.mlp.experts.204.down_proj,routed,4096,2048,8388608,9121,33.5,20973477,020497a76a51572570d4b8d514f895a7af92d4abff4bc32d8e8c3152ccc77307,2048x2048,512x2048,4096x2048
model.language_model.layers.45.mlp.experts.204.gate_proj,routed,2048,4096,8388608,9121,5.15625,75499429,62b16dcc3854d44638d5b9735a5d15edc4f0205255a83e1cb7992b7e569e1d29,4096x4096,512x4096,2048x4096
model.language_model.layers.45.mlp.experts.204.up_proj,routed,2048,4096,8388608,9121,5.15625,75499429,ed70647c3f4b45d89e073434ebd1f2a11e6d9f11e32d79defa90fc0aa2c8c4ee,4096x4096,512x4096,2048x4096
model.language_model.layers.45.mlp.experts.205.down_proj,routed,4096,2048,8388608,14827,26.375,20973477,6facbc468cffb5f7d944ff4de35787f8ac52bac0f225d4af2ac56595c1fdcad8,2048x2048,512x2048,4096x2048
model.language_model.layers.45.mlp.experts.205.gate_proj,routed,2048,4096,8388608,14827,4.65625,75499429,550cb619ea52fa3b83e51fa034b6fd5b684104a5c20ebd454e8e9d4d6b94c518,4096x4096,512x4096,2048x4096
model.language_model.layers.45.mlp.experts.205.up_proj,routed,2048,4096,8388608,14827,4.65625,75499429,e84144049a650c6f11a5aae2196908cb9d88cd2dea6ed1c0ffebe7f684ca04e8,4096x4096,512x4096,2048x4096
model.language_model.layers.45.mlp.experts.206.down_proj,routed,4096,2048,8388608,8946,29.375,20973477,d2a3bc2fb00af572dab4db67ed68de1c4f02040211ab5ed2ad941050e0bfceb0,2048x2048,512x2048,4096x2048
model.language_model.layers.45.mlp.experts.206.gate_proj,routed,2048,4096,8388608,8946,5.09375,75499429,689d2fc00bf9b317498c5d23104c47ddb7b0d5a082b28c8b6a4b939ecd1a41cc,4096x4096,512x4096,2048x4096
model.language_model.layers.45.mlp.experts.206.up_proj,routed,2048,4096,8388608,8946,5.09375,75499429,bec84f732a53fabed30cf6267e9da35fa0678cf5c885a61f68567d7bdb598076,4096x4096,512x4096,2048x4096
model.language_model.layers.45.mlp.experts.207.down_proj,routed,4096,2048,8388608,10471,21.125,20973477,ecbc07da9ea9e71a1bf3736f3bf34825c0bbd501127192d5cbfe43705f8db24d,2048x2048,512x2048,4096x2048
model.language_model.layers.45.mlp.experts.207.gate_proj,routed,2048,4096,8388608,10471,6.59375,75499429,4d3c46af1aff777cd874c953cfbb71c5ed2510a5e52e2848a1ac2bee76cf2483,4096x4096,512x4096,2048x4096
model.language_model.layers.45.mlp.experts.207.up_proj,routed,2048,4096,8388608,10471,6.59375,75499429,bb21378188a30960bfc7d20d1744eab000b370ffc90798da7a0a9d7c3ca744e7,4096x4096,512x4096,2048x4096
model.language_model.layers.45.mlp.experts.208.down_proj,routed,4096,2048,8388608,5225,34.0,20973477,5362681d134b355a338eea4011930c8bdf5a39bf6f078bf8fc496f533af3cc3b,2048x2048,512x2048,4096x2048
model.language_model.layers.45.mlp.experts.208.gate_proj,routed,2048,4096,8388608,5225,5.125,75499429,84635954c45951b4cde82592e1542aa1000133f44016374e83db8f31f46c067b,4096x4096,512x4096,2048x4096
model.language_model.layers.45.mlp.experts.208.up_proj,routed,2048,4096,8388608,5225,5.125,75499429,c74ab93a5cde1aa941da8217e91d539e95d1a61f480dd971738c4ceb4fbe6798,4096x4096,512x4096,2048x4096
model.language_model.layers.45.mlp.experts.209.down_proj,routed,4096,2048,8388608,3269,22.625,20973477,95dad4ea3be999d7e4ec2fce17f20ddbbded5d169f22af82fdb535a48eccd2eb,2048x2048,512x2048,4096x2048
model.language_model.layers.45.mlp.experts.209.gate_proj,routed,2048,4096,8388608,3269,5.75,75499429,885bf90122c2c684c84025e545fbe0676a1a7a6fea36849d4e90998bbd72004d,4096x4096,512x4096,2048x4096
model.language_model.layers.45.mlp.experts.209.up_proj,routed,2048,4096,8388608,3269,5.75,75499429,3008dff69ec6bae8aef716ee60bc25b1d666bac9ec10108250729d4040264c82,4096x4096,512x4096,2048x4096
model.language_model.layers.45.mlp.experts.21.down_proj,routed,4096,2048,8388608,36465,34.0,20973477,99997d1ff12d4443efc80eefb18af706776ea312ddc441bc7e35a5c181858b37,2048x2048,512x2048,4096x2048
model.language_model.layers.45.mlp.experts.21.gate_proj,routed,2048,4096,8388608,36465,6.03125,75499429,b807a8d054fa6241f5ffdf0b2d06950b90384c26cfd1655f6d303681c07e81d2,4096x4096,512x4096,2048x4096
model.language_model.layers.45.mlp.experts.21.up_proj,routed,2048,4096,8388608,36465,6.03125,75499429,26f7018b11ffa79bd2840623f2432caf3a8e87a86b88dcd670cb98cee8186241,4096x4096,512x4096,2048x4096
model.language_model.layers.45.mlp.experts.210.down_proj,routed,4096,2048,8388608,11860,49.0,20973477,6300d2d104871410737e8cd014f45f1cc6ca00078836934336369158f82e2e7f,2048x2048,512x2048,4096x2048
model.language_model.layers.45.mlp.experts.210.gate_proj,routed,2048,4096,8388608,11860,4.75,75499429,5ee5078962026294f0668d218e7abe4f5dda526286187695621e4be015f9d609,4096x4096,512x4096,2048x4096
model.language_model.layers.45.mlp.experts.210.up_proj,routed,2048,4096,8388608,11860,4.75,75499429,b2b9aea0f5a26371f34f5363f6bc97800e91c8b8fc298a3291e0ccd12ec2bed1,4096x4096,512x4096,2048x4096
model.language_model.layers.45.mlp.experts.211.down_proj,routed,4096,2048,8388608,7748,27.0,20973477,8af509fc890afaa14dd7bd0978f5b4d3f0fbf4f478a91505594d076e8e80a680,2048x2048,512x2048,4096x2048
model.language_model.layers.45.mlp.experts.211.gate_proj,routed,2048,4096,8388608,7748,6.34375,75499429,e045cd24a8705a9e89d2e677de0acf0ecc99ed12605b76d200c6cbfbbe216e68,4096x4096,512x4096,2048x4096
model.language_model.layers.45.mlp.experts.211.up_proj,routed,2048,4096,8388608,7748,6.34375,75499429,a5f49fe39b687a5a21f2cc8a401de384129f668e935f311a169195df362c0690,4096x4096,512x4096,2048x4096
model.language_model.layers.45.mlp.experts.212.down_proj,routed,4096,2048,8388608,9989,24.875,20973477,e0a268f4dcf0b3460dcacc6ff8f3028da562989b398e3c4afe882cd8554ee9fb,2048x2048,512x2048,4096x2048
model.language_model.layers.45.mlp.experts.212.gate_proj,routed,2048,4096,8388608,9989,5.75,75499429,5ad8969b18d96598ceace03d6e6b3d8bebceb9c03f78ecaffc24ef7f9fcd5e0c,4096x4096,512x4096,2048x4096
model.language_model.layers.45.mlp.experts.212.up_proj,routed,2048,4096,8388608,9989,5.75,75499429,5cbaa359cf564aeff41a3fa37b2bf2332e46625859aa91f485d05a28c53e62fc,4096x4096,512x4096,2048x4096
model.language_model.layers.45.mlp.experts.213.down_proj,routed,4096,2048,8388608,11507,30.25,20973477,836e4b3563969c8f221b02fcd79efb28b3a05c39fdaf987fd2dbd1f1128c98ea,2048x2048,512x2048,4096x2048
model.language_model.layers.45.mlp.experts.213.gate_proj,routed,2048,4096,8388608,11507,6.21875,75499429,1ff9167deaf626b12e2f73b139b66a4db0df478b4864d0205bf2f98bd50f9951,4096x4096,512x4096,2048x4096
model.language_model.layers.45.mlp.experts.213.up_proj,routed,2048,4096,8388608,11507,6.21875,75499429,95877f0edf8300a21f33ce562a13760b0c4945df2ca7fb7c72b1889f67f2df35,4096x4096,512x4096,2048x4096
model.language_model.layers.45.mlp.experts.214.down_proj,routed,4096,2048,8388608,722,13.25,20973477,8b726215ba756f263a1f6e4a158805699561195e9a17b962d05ef9717854621f,2048x2048,512x2048,4096x2048
model.language_model.layers.45.mlp.experts.214.gate_proj,routed,2048,4096,8388608,722,6.875,75499429,78268d26a4dc6d8ee9dfbf79f3732919393405083815ade8a5dfc7c8b24b4262,4096x4096,512x4096,2048x4096
model.language_model.layers.45.mlp.experts.214.up_proj,routed,2048,4096,8388608,722,6.875,75499429,a8cc3fdba75cc2716ca7893c47710ce90d0b802abfe2a7b26b51d3e25a44d9a8,4096x4096,512x4096,2048x4096
model.language_model.layers.45.mlp.experts.215.down_proj,routed,4096,2048,8388608,10714,28.0,20973477,11f025158dd849adb6ddc4d507c47960155f3f46615c890ab3601f5e947f4fd9,2048x2048,512x2048,4096x2048
model.language_model.layers.45.mlp.experts.215.gate_proj,routed,2048,4096,8388608,10714,5.15625,75499429,7c68472c8e36ceda16043bc98d7bb15fe9f5dd045fd0ed3a4d70f4aa834bc007,4096x4096,512x4096,2048x4096
model.language_model.layers.45.mlp.experts.215.up_proj,routed,2048,4096,8388608,10714,5.15625,75499429,1f7a772d1cd933601c5b55c18c2f8c8d6e4e15205b6aea5405e14d03d635ec19,4096x4096,512x4096,2048x4096
model.language_model.layers.45.mlp.experts.216.down_proj,routed,4096,2048,8388608,14836,28.125,20973477,22591c05d1980a88ff3ff5e3b609d32cab1c2b74dfa7b71454fd043dac948f5b,2048x2048,512x2048,4096x2048
model.language_model.layers.45.mlp.experts.216.gate_proj,routed,2048,4096,8388608,14836,4.9375,75499429,49c7a48bdcecf74eaf728cc2c1393636a2fbfaf88dc173e9ccf12ce88780a9e6,4096x4096,512x4096,2048x4096
model.language_model.layers.45.mlp.experts.216.up_proj,routed,2048,4096,8388608,14836,4.9375,75499429,ebd517fc2326b61c776321708870689a99dd3b6d7bfef07219e0d4067d0c2acd,4096x4096,512x4096,2048x4096
model.language_model.layers.45.mlp.experts.217.down_proj,routed,4096,2048,8388608,10350,33.75,20973477,a71f6142e870f300f3d7c248aa704e32e77656e1b4668820a7c2f07dbe00f066,2048x2048,512x2048,4096x2048
model.language_model.layers.45.mlp.experts.217.gate_proj,routed,2048,4096,8388608,10350,5.15625,75499429,6917e2872c97ffb6c73246f1e86693f89987126601b02f65a8862390f7d720b8,4096x4096,512x4096,2048x4096
model.language_model.layers.45.mlp.experts.217.up_proj,routed,2048,4096,8388608,10350,5.15625,75499429,8607eb7d6b303ae6228ae80d36110c06a0aa67b1a884baaa64b206fa50fb67a0,4096x4096,512x4096,2048x4096
model.language_model.layers.45.mlp.experts.218.down_proj,routed,4096,2048,8388608,5691,28.0,20973477,185f8da5d6d4d683e189d422d5949bd8d97a0fd6b26a09e151f981e10917504a,2048x2048,512x2048,4096x2048
model.language_model.layers.45.mlp.experts.218.gate_proj,routed,2048,4096,8388608,5691,3.875,75499429,a416042489d31658a3b3237659634e3e8381bd18de777575e78605ceb09f1dc1,4096x4096,512x4096,2048x4096
model.language_model.layers.45.mlp.experts.218.up_proj,routed,2048,4096,8388608,5691,3.875,75499429,7f43db2f4356d9ea109088deb02cdf2f0bc48a94ff61f61bad974d6c45a029ec,4096x4096,512x4096,2048x4096
model.language_model.layers.45.mlp.experts.219.down_proj,routed,4096,2048,8388608,10886,30.5,20973477,77e9c43cd566e823984a63501c333793d384b313cb40395af179c3e2f5fa914c,2048x2048,512x2048,4096x2048
model.language_model.layers.45.mlp.experts.219.gate_proj,routed,2048,4096,8388608,10886,5.21875,75499429,49afbd3d48386855f45971aef2dcc84d27e53f670318b080ab3f95088bcdbcce,4096x4096,512x4096,2048x4096
model.language_model.layers.45.mlp.experts.219.up_proj,routed,2048,4096,8388608,10886,5.21875,75499429,da16dacfb9f42e6afe8b07bf179f9341ee98a5ab93dc3fc630c10966a1fd7ed8,4096x4096,512x4096,2048x4096
model.language_model.layers.45.mlp.experts.22.down_proj,routed,4096,2048,8388608,7258,24.625,20973477,6c25b42d3523ba57628441b134a059680b78a714773a21db972894cf95b636fe,2048x2048,512x2048,4096x2048
model.language_model.layers.45.mlp.experts.22.gate_proj,routed,2048,4096,8388608,7258,5.9375,75499429,87a08932a756e62e1120f4b63bdaf037696792967525ddf0dfad573bc89745c8,4096x4096,512x4096,2048x4096
model.language_model.layers.45.mlp.experts.22.up_proj,routed,2048,4096,8388608,7258,5.9375,75499429,259aadd02635bb994cd1878d3c4cc2e04300fa4fd8db2a27dd25dda8dc1deae8,4096x4096,512x4096,2048x4096
model.language_model.layers.45.mlp.experts.220.down_proj,routed,4096,2048,8388608,5913,35.75,20973477,cac4e2f834d2e70364b5a2c30a91112be10d25edd2593ed7bb3059c1c52f9aee,2048x2048,512x2048,4096x2048
model.language_model.layers.45.mlp.experts.220.gate_proj,routed,2048,4096,8388608,5913,5.09375,75499429,564f13a262c16e535b93c0e394a70de9f30d13cd9b5d934a4eaa0b360ea52f97,4096x4096,512x4096,2048x4096
model.language_model.layers.45.mlp.experts.220.up_proj,routed,2048,4096,8388608,5913,5.09375,75499429,c4cec9533a52800f110018130ffd6d3c4697787f5dd45c0b2706409cf21c1464,4096x4096,512x4096,2048x4096
model.language_model.layers.45.mlp.experts.221.down_proj,routed,4096,2048,8388608,10837,23.125,20973477,f0ac043bf324260fe0e0773eed496e61c525024a40d7a49c583e57f50a4a7240,2048x2048,512x2048,4096x2048
model.language_model.layers.45.mlp.experts.221.gate_proj,routed,2048,4096,8388608,10837,4.1875,75499429,7ebd54349df19c6e658a63ecd2343ae08aab6fe5f845ed7bac4e181ff8f1f020,4096x4096,512x4096,2048x4096
model.language_model.layers.45.mlp.experts.221.up_proj,routed,2048,4096,8388608,10837,4.1875,75499429,e643da55bc5fe8f24398af93953a394e547f535dd49ca5a0eba84e312da10b88,4096x4096,512x4096,2048x4096
model.language_model.layers.45.mlp.experts.222.down_proj,routed,4096,2048,8388608,1960,19.125,20973477,143b4c91a142919653084c3be012d65efcdde8b1567244404f0b1a034252bbad,2048x2048,512x2048,4096x2048
model.language_model.layers.45.mlp.experts.222.gate_proj,routed,2048,4096,8388608,1960,4.9375,75499429,71bfe965d6fe7f5b546ef3f4a2fba40b322905ec98293bc10ac8b6b299470c1c,4096x4096,512x4096,2048x4096
model.language_model.layers.45.mlp.experts.222.up_proj,routed,2048,4096,8388608,1960,4.9375,75499429,064af699db1fe0b21fedd73a05f271e5798599d06213c259307a2ec9037da6d1,4096x4096,512x4096,2048x4096
model.language_model.layers.45.mlp.experts.223.down_proj,routed,4096,2048,8388608,7956,20.625,20973477,c28e8ca1be3bca4df1f8d4d4c1be7529772c37620069bf1dae38ba06c759277a,2048x2048,512x2048,4096x2048
model.language_model.layers.45.mlp.experts.223.gate_proj,routed,2048,4096,8388608,7956,5.78125,75499429,d7169acf0b608d7973ba6355327239ed0dbe41b7cbfa8fef269d3a31a3880cde,4096x4096,512x4096,2048x4096
model.language_model.layers.45.mlp.experts.223.up_proj,routed,2048,4096,8388608,7956,5.78125,75499429,39851a2038e833c0bb01ddf4bcc33a67d835b3ec13af762bdc15d6224f835896,4096x4096,512x4096,2048x4096
model.language_model.layers.45.mlp.experts.224.down_proj,routed,4096,2048,8388608,3471,25.375,20973477,34a1f224f39b843b79e7662fcf8a1de3f88fdae2c203928339e73e11f671eb5e,2048x2048,512x2048,4096x2048
model.language_model.layers.45.mlp.experts.224.gate_proj,routed,2048,4096,8388608,3471,4.78125,75499429,1eb4e042d4913f91ba7d5260b44bd527475a4a5b92b11f4b6e17973ab5aa9eb0,4096x4096,512x4096,2048x4096
model.language_model.layers.45.mlp.experts.224.up_proj,routed,2048,4096,8388608,3471,4.78125,75499429,3bfde29754cd79b4df40cfbd4ae26444fb7077c59304b2d99b4e963210df8c3c,4096x4096,512x4096,2048x4096
model.language_model.layers.45.mlp.experts.225.down_proj,routed,4096,2048,8388608,2532,34.25,20973477,9c4e660ef01fa39890b2aafafbc1e1c953150dd9f346ae4284e4bd51a6884773,2048x2048,512x2048,4096x2048
model.language_model.layers.45.mlp.experts.225.gate_proj,routed,2048,4096,8388608,2532,5.0625,75499429,31dab9973cb780125c5ba30ab980d03d0a818e2b8709dfd4c827cc98d2e73e62,4096x4096,512x4096,2048x4096
model.language_model.layers.45.mlp.experts.225.up_proj,routed,2048,4096,8388608,2532,5.0625,75499429,994aa7d4c7c00d367cf2eaa4d6a2e5efc7c81a8a06973f9c2e4349ac664e3662,4096x4096,512x4096,2048x4096
model.language_model.layers.45.mlp.experts.226.down_proj,routed,4096,2048,8388608,4964,32.0,20973477,de06a86918842a2b556eca08f059a185b8d8a3f4a535f6c2e3a80f68108b667c,2048x2048,512x2048,4096x2048
model.language_model.layers.45.mlp.experts.226.gate_proj,routed,2048,4096,8388608,4964,6.21875,75499429,b3f2caa73a700cba89bb1c7ce7081f23b2a73acad00af4d85d5a666634260acc,4096x4096,512x4096,2048x4096
model.language_model.layers.45.mlp.experts.226.up_proj,routed,2048,4096,8388608,4964,6.21875,75499429,28f97d0dbd4b49795e7f8e15b5753f53d5e748078320982e0bf9d6138f280d47,4096x4096,512x4096,2048x4096
model.language_model.layers.45.mlp.experts.227.down_proj,routed,4096,2048,8388608,17900,18.5,20973477,90d24707146ba6f2740454c26d23005203e709f7c7d1089a55731a6398db842a,2048x2048,512x2048,4096x2048
model.language_model.layers.45.mlp.experts.227.gate_proj,routed,2048,4096,8388608,17900,6.25,75499429,227433cec3758a0e4009f4e88e846507ce02db83c2a74172856312567cb2b088,4096x4096,512x4096,2048x4096
model.language_model.layers.45.mlp.experts.227.up_proj,routed,2048,4096,8388608,17900,6.25,75499429,29ac8e42800349bfe27f697efaed29b718ad1c75768d44f18a6c55a0cc2e36c0,4096x4096,512x4096,2048x4096
model.language_model.layers.45.mlp.experts.228.down_proj,routed,4096,2048,8388608,12795,12.5,20973477,b65102467177eb7ba9c3cc96ce6c0c0c253a935e672695a9ba8151631b685c78,2048x2048,512x2048,4096x2048
model.language_model.layers.45.mlp.experts.228.gate_proj,routed,2048,4096,8388608,12795,5.53125,75499429,ea3afc4d635e3d15b1bda2a3fa9828d3188281d0832655d5715ae7b7817f3be7,4096x4096,512x4096,2048x4096
model.language_model.layers.45.mlp.experts.228.up_proj,routed,2048,4096,8388608,12795,5.53125,75499429,7c126c02c75aa14ea99e4ca6326d252f2a87736b149b47a20a831e7a579f4b02,4096x4096,512x4096,2048x4096
model.language_model.layers.45.mlp.experts.229.down_proj,routed,4096,2048,8388608,9215,28.75,20973477,04c038a61a843f36514d72ba5614296ce25b207e3ca5eb70cc846af23c93b287,2048x2048,512x2048,4096x2048
model.language_model.layers.45.mlp.experts.229.gate_proj,routed,2048,4096,8388608,9215,6.34375,75499429,bdf4e82e193d417b2e9cb0196e9674b1977c5ac595dca144b8427c5c6bdba305,4096x4096,512x4096,2048x4096
model.language_model.layers.45.mlp.experts.229.up_proj,routed,2048,4096,8388608,9215,6.34375,75499429,8dcff67fd4557e146a34634233e2e344033575bb343e98e9fbc774b770ea2de9,4096x4096,512x4096,2048x4096
model.language_model.layers.45.mlp.experts.23.down_proj,routed,4096,2048,8388608,7821,34.75,20973477,977ee8adc144499c5c85400fda428f112207e3aaae8bcbc960cc916fd385993b,2048x2048,512x2048,4096x2048
model.language_model.layers.45.mlp.experts.23.gate_proj,routed,2048,4096,8388608,7821,5.03125,75499429,caa31df3d463648d8a28c7dac877109ebbb9cc833026ff7ada9393cfe4efbff6,4096x4096,512x4096,2048x4096
model.language_model.layers.45.mlp.experts.23.up_proj,routed,2048,4096,8388608,7821,5.03125,75499429,bce76949f3036689730fe8a0876c5675588602d8331ff8cd4c3740a84533ad6e,4096x4096,512x4096,2048x4096
model.language_model.layers.45.mlp.experts.230.down_proj,routed,4096,2048,8388608,7123,27.375,20973477,42bde0b187c54dcb9c72839419d03a5ce88a2849b1af9194273b9e59d633386b,2048x2048,512x2048,4096x2048
model.language_model.layers.45.mlp.experts.230.gate_proj,routed,2048,4096,8388608,7123,5.375,75499429,979308a5e6313a4b452305e4bfb141a541bb2c383f2a3b82b47bbaf2c2e57a35,4096x4096,512x4096,2048x4096
model.language_model.layers.45.mlp.experts.230.up_proj,routed,2048,4096,8388608,7123,5.375,75499429,54efd8fca1288e6b694197f69fbd8e2291e5df50b93ecbc8b38b397b19b45607,4096x4096,512x4096,2048x4096
model.language_model.layers.45.mlp.experts.231.down_proj,routed,4096,2048,8388608,5033,30.875,20973477,3b06147bb53726d8169943b99466ef2f5385074f2a5ee9787a16cba04494939a,2048x2048,512x2048,4096x2048
model.language_model.layers.45.mlp.experts.231.gate_proj,routed,2048,4096,8388608,5033,6.375,75499429,d71859183658dab48b1787db1eaabba0673a46511050f8478dfb58e1dc876c94,4096x4096,512x4096,2048x4096
model.language_model.layers.45.mlp.experts.231.up_proj,routed,2048,4096,8388608,5033,6.375,75499429,58f7f32128ec03e0408b130f94a008a0f542344dd229736c288dd792c2bf0b3a,4096x4096,512x4096,2048x4096
model.language_model.layers.45.mlp.experts.232.down_proj,routed,4096,2048,8388608,8205,21.25,20973477,406d17b49ef8fe1341ffcc59773324463b2d79046105ce3e014954602f9342ec,2048x2048,512x2048,4096x2048
model.language_model.layers.45.mlp.experts.232.gate_proj,routed,2048,4096,8388608,8205,3.84375,75499429,d484235ff331cefb15772b3ac81815068a1a25ea63c5998c187408b232e419a0,4096x4096,512x4096,2048x4096
model.language_model.layers.45.mlp.experts.232.up_proj,routed,2048,4096,8388608,8205,3.84375,75499429,7cbcca0629faa0287d2e54dc6cdeb195dd458d674ae6e014ecd265b69089b460,4096x4096,512x4096,2048x4096
model.language_model.layers.45.mlp.experts.233.down_proj,routed,4096,2048,8388608,8350,29.375,20973477,8a5380e460dfe46d64ae9ab0a99c2e565ad04f168b33ba6a7eab7f8994f946e1,2048x2048,512x2048,4096x2048
model.language_model.layers.45.mlp.experts.233.gate_proj,routed,2048,4096,8388608,8350,5.53125,75499429,a95a2679b0c331090e5c2a13804be540139b40b8e2436ae2e213a688b0169ba8,4096x4096,512x4096,2048x4096
model.language_model.layers.45.mlp.experts.233.up_proj,routed,2048,4096,8388608,8350,5.53125,75499429,e5ebbf59b9bfd83a28b9a75c2c01afcbe2eafc6f05023da9a3fbb9ce3091f058,4096x4096,512x4096,2048x4096
model.language_model.layers.45.mlp.experts.234.down_proj,routed,4096,2048,8388608,3491,18.375,20973477,508b535cfa4c1819311fc38b89c3ec648aa2e65fecb71e461af0b3fd15fb3e51,2048x2048,512x2048,4096x2048
model.language_model.layers.45.mlp.experts.234.gate_proj,routed,2048,4096,8388608,3491,4.9375,75499429,de2dfa53801813090cd2acd4ef9c286480f13fe85f3379f32def0081232f7b64,4096x4096,512x4096,2048x4096
model.language_model.layers.45.mlp.experts.234.up_proj,routed,2048,4096,8388608,3491,4.9375,75499429,49eceee08b56509eeb2773bc7952e7e07a5478684bc5298cfea3b665244b9a34,4096x4096,512x4096,2048x4096
model.language_model.layers.45.mlp.experts.235.down_proj,routed,4096,2048,8388608,5429,24.75,20973477,522ec3a696458233ac3ee678d7e777ba0576dda9234927d1de9ffc911b4bd737,2048x2048,512x2048,4096x2048
model.language_model.layers.45.mlp.experts.235.gate_proj,routed,2048,4096,8388608,5429,5.21875,75499429,1bbb3412f877eeec1e177bffa4ab1cfb7967382d62250ab60acd9f0ccc1f9e28,4096x4096,512x4096,2048x4096
model.language_model.layers.45.mlp.experts.235.up_proj,routed,2048,4096,8388608,5429,5.21875,75499429,680020a18503edd7dfdb014debbd74b86a0c64a5a46364f673e27c76b727c9a0,4096x4096,512x4096,2048x4096
model.language_model.layers.45.mlp.experts.236.down_proj,routed,4096,2048,8388608,5814,33.25,20973477,ce5fbf3c8668035d90d370f370c30d39f6bcf63cbf974adebc18aed00695294f,2048x2048,512x2048,4096x2048
model.language_model.layers.45.mlp.experts.236.gate_proj,routed,2048,4096,8388608,5814,6.28125,75499429,0d6209406d90032cb8bf3cd99844340f22312b88a8f0d7f7021afada4f62df3e,4096x4096,512x4096,2048x4096
model.language_model.layers.45.mlp.experts.236.up_proj,routed,2048,4096,8388608,5814,6.28125,75499429,911dc1d32cb01dc319db5f848aa08fb57738613fc228096f6358140846aff873,4096x4096,512x4096,2048x4096
model.language_model.layers.45.mlp.experts.237.down_proj,routed,4096,2048,8388608,2360,20.125,20973477,2f97d0cb4c9467b3f01c0cbfc3ef27edcbfdd01f7a8a9a428b26e11024366a7e,2048x2048,512x2048,4096x2048
model.language_model.layers.45.mlp.experts.237.gate_proj,routed,2048,4096,8388608,2360,4.96875,75499429,49c5dda398d4ea92219ca881807e94099fab1c490518f17d9810825052c2d338,4096x4096,512x4096,2048x4096
model.language_model.layers.45.mlp.experts.237.up_proj,routed,2048,4096,8388608,2360,4.96875,75499429,b2db198e512bf0ae04bea423d6f7b6c696ddf02d19041e82ace0b7bd5e329774,4096x4096,512x4096,2048x4096
model.language_model.layers.45.mlp.experts.238.down_proj,routed,4096,2048,8388608,2090,32.5,20973477,9a79ad6106186ccf0acf7152c1d6d7b916209a79b1c8340f9a9d31f9eb89b5b8,2048x2048,512x2048,4096x2048
model.language_model.layers.45.mlp.experts.238.gate_proj,routed,2048,4096,8388608,2090,4.375,75499429,74bf2fa953c13406f50108695253a8ad3bf66638ffa7b1bc19bca6a9e504503e,4096x4096,512x4096,2048x4096
model.language_model.layers.45.mlp.experts.238.up_proj,routed,2048,4096,8388608,2090,4.375,75499429,0dbb68aeab84c199dd6f3775ec5297f51e161cf564041e488eb5496e482d9c79,4096x4096,512x4096,2048x4096
model.language_model.layers.45.mlp.experts.239.down_proj,routed,4096,2048,8388608,5008,11.875,20973477,5288f2f54def8e43929576d8e5fa753bbe1d7297ed662f9e315473e47086a24f,2048x2048,512x2048,4096x2048
model.language_model.layers.45.mlp.experts.239.gate_proj,routed,2048,4096,8388608,5008,5.8125,75499429,fedef7a2457fe34d5f1d9d8c6d20ef1a0723a002ba9ad2c4216ff62f41d6ca91,4096x4096,512x4096,2048x4096
model.language_model.layers.45.mlp.experts.239.up_proj,routed,2048,4096,8388608,5008,5.8125,75499429,ad6a2a3862b9a3926d1a30c4f33e90889676f59d2f5ada515044b3ee193dcb94,4096x4096,512x4096,2048x4096
model.language_model.layers.45.mlp.experts.24.down_proj,routed,4096,2048,8388608,9535,43.75,20973477,480b7e4f014eacce875c97463a0844e0719222cb9e58f91c41c94c504c79a0fa,2048x2048,512x2048,4096x2048
model.language_model.layers.45.mlp.experts.24.gate_proj,routed,2048,4096,8388608,9535,5.9375,75499429,9ec0ca00eb6387e4b49f31da195e92f8e09a2681b6e36b579bfeabd393d6da7f,4096x4096,512x4096,2048x4096
model.language_model.layers.45.mlp.experts.24.up_proj,routed,2048,4096,8388608,9535,5.9375,75499429,7defab8f88db7fbb37ad0d2e2b477473c9a548ed394ebe593e4916c1a916e798,4096x4096,512x4096,2048x4096
model.language_model.layers.45.mlp.experts.240.down_proj,routed,4096,2048,8388608,7319,30.25,20973477,5f6ae846e51e910e705b05eb04fb392d41235bf28dde196ba15096f180ee686f,2048x2048,512x2048,4096x2048
model.language_model.layers.45.mlp.experts.240.gate_proj,routed,2048,4096,8388608,7319,5.34375,75499429,7f58420a759ebff2e4cff07b3e34ea10b87668f25a37bd057588ba670e652635,4096x4096,512x4096,2048x4096
model.language_model.layers.45.mlp.experts.240.up_proj,routed,2048,4096,8388608,7319,5.34375,75499429,edb54aa74b56a214f8f5f2b98e6f09733d11a649dd02149e6aa5eecad86be945,4096x4096,512x4096,2048x4096
model.language_model.layers.45.mlp.experts.241.down_proj,routed,4096,2048,8388608,1150,31.25,20973477,3a991e40a65a4b8d129b99f8814425f8916c5bd81bcbc0ffde24ae80c308b088,2048x2048,512x2048,4096x2048
model.language_model.layers.45.mlp.experts.241.gate_proj,routed,2048,4096,8388608,1150,4.90625,75499429,1d4cffa616604e0fdf1acd0047b691eb5d7c60c3dcf268a020f57a1be1c7ac04,4096x4096,512x4096,2048x4096
model.language_model.layers.45.mlp.experts.241.up_proj,routed,2048,4096,8388608,1150,4.90625,75499429,5a6eb91808d602cdbeac0f2db89c5d757ded7ddd8bb7febb00dba7c653578aae,4096x4096,512x4096,2048x4096
model.language_model.layers.45.mlp.experts.242.down_proj,routed,4096,2048,8388608,10234,22.25,20973477,8b023f7e253b0d39663c1c141313ce9642f03517f5394270d0cb65754b236287,2048x2048,512x2048,4096x2048
model.language_model.layers.45.mlp.experts.242.gate_proj,routed,2048,4096,8388608,10234,5.59375,75499429,35355a7877b5f54a54449288236f92a111567dcb1f0657b45e816505eb2f817f,4096x4096,512x4096,2048x4096
model.language_model.layers.45.mlp.experts.242.up_proj,routed,2048,4096,8388608,10234,5.59375,75499429,2ea46c7d04e2483dd6217d530af1e111ed77fab9388e9eae98e3d7db3b3e3dae,4096x4096,512x4096,2048x4096
model.language_model.layers.45.mlp.experts.243.down_proj,routed,4096,2048,8388608,8164,26.625,20973477,0082df8fc85ceb4189f73b04f4b9639b9253dea0b38cc63159bc8c2739cc1561,2048x2048,512x2048,4096x2048
model.language_model.layers.45.mlp.experts.243.gate_proj,routed,2048,4096,8388608,8164,5.09375,75499429,118b10eaafd45a871a34a8e2c1fc0394df4a00da9dc962dd1fd1c5636696eed8,4096x4096,512x4096,2048x4096
model.language_model.layers.45.mlp.experts.243.up_proj,routed,2048,4096,8388608,8164,5.09375,75499429,9d086b55c16fef7cec5d9698a7c703c35f78f2d2c44a52c3e90dad727a194e95,4096x4096,512x4096,2048x4096
model.language_model.layers.45.mlp.experts.244.down_proj,routed,4096,2048,8388608,14197,23.0,20973477,8636078b949a52c4640b273506525eb596e1dfe48149ecba8c217a9f9754058d,2048x2048,512x2048,4096x2048
model.language_model.layers.45.mlp.experts.244.gate_proj,routed,2048,4096,8388608,14197,6.875,75499429,cf326710a811dbb36685c62c7e66a5866bf50ef610aae4a2e041f672e989cc6b,4096x4096,512x4096,2048x4096
model.language_model.layers.45.mlp.experts.244.up_proj,routed,2048,4096,8388608,14197,6.875,75499429,b630f7b9ae24671f2a7d14fecccf45848fdd8841f6582a7b507641a41467e963,4096x4096,512x4096,2048x4096
model.language_model.layers.45.mlp.experts.245.down_proj,routed,4096,2048,8388608,7509,10.375,20973477,500b67e6f4865c648b67bda9d58786acc89ee84f7c46cdb56a74ad4cbd6a9bee,2048x2048,512x2048,4096x2048
model.language_model.layers.45.mlp.experts.245.gate_proj,routed,2048,4096,8388608,7509,6.375,75499429,4d1b90d02285ec3801e114932d3e4b58268353fbad4dc6fb004a3643080ac5d3,4096x4096,512x4096,2048x4096
model.language_model.layers.45.mlp.experts.245.up_proj,routed,2048,4096,8388608,7509,6.375,75499429,8d2fd0e66065143f20630a18db57466aea33f28a21a217338cc51d1346cc67c6,4096x4096,512x4096,2048x4096
model.language_model.layers.45.mlp.experts.246.down_proj,routed,4096,2048,8388608,4509,28.875,20973477,653b81f7f2d48cefd30bc6cf568b9aa2ed6ae36253fb83cd7d4391549fda3451,2048x2048,512x2048,4096x2048
model.language_model.layers.45.mlp.experts.246.gate_proj,routed,2048,4096,8388608,4509,4.90625,75499429,ed6a07d3b57056c9985c36eb0457ab172ad1cdced5f8375cb22a297ecd5bbf43,4096x4096,512x4096,2048x4096
model.language_model.layers.45.mlp.experts.246.up_proj,routed,2048,4096,8388608,4509,4.90625,75499429,ccbddc83af9bd9dede3fefe71b64978acd7cbe6075903dbd552c56fc8f73cc68,4096x4096,512x4096,2048x4096
model.language_model.layers.45.mlp.experts.247.down_proj,routed,4096,2048,8388608,8713,21.375,20973477,29eab41753ad2bda2e202003cb15c1f5bfba9ca223b55a6c831f4e6f36aa9edb,2048x2048,512x2048,4096x2048
model.language_model.layers.45.mlp.experts.247.gate_proj,routed,2048,4096,8388608,8713,5.6875,75499429,f5287eaeec4dc98162a3ca2719a9e26b6334d3880b8cc5360a1b6b2cee4e7b17,4096x4096,512x4096,2048x4096
model.language_model.layers.45.mlp.experts.247.up_proj,routed,2048,4096,8388608,8713,5.6875,75499429,3428c8b0b742462a4aebac96d56031533594556221d69b769a8832c72ff5e02f,4096x4096,512x4096,2048x4096
model.language_model.layers.45.mlp.experts.248.down_proj,routed,4096,2048,8388608,2044,18.75,20973477,c7c45cc08eb105851113631be508c2ad45d2ec4e1581e0cc65059cdfcb8d2c00,2048x2048,512x2048,4096x2048
model.language_model.layers.45.mlp.experts.248.gate_proj,routed,2048,4096,8388608,2044,4.84375,75499429,d18f7add10f8fcf570feffa195d2f1729577b2ad24354f04600d8c4384499137,4096x4096,512x4096,2048x4096
model.language_model.layers.45.mlp.experts.248.up_proj,routed,2048,4096,8388608,2044,4.84375,75499429,f0692fa94a5a7c6de416c1ce5d60f68f40aa4f2e0b4b770c3e0c53460b53c02c,4096x4096,512x4096,2048x4096
model.language_model.layers.45.mlp.experts.249.down_proj,routed,4096,2048,8388608,6353,13.125,20973477,33f70bd4273d90224d9809b21cc0f14c3dbecdf5f63ea8a6463f31bf6bae0107,2048x2048,512x2048,4096x2048
model.language_model.layers.45.mlp.experts.249.gate_proj,routed,2048,4096,8388608,6353,4.90625,75499429,f5ac5e61a44f1a44b1dab2bc11168a0774e5170614905b0024245405fb5cb62f,4096x4096,512x4096,2048x4096
model.language_model.layers.45.mlp.experts.249.up_proj,routed,2048,4096,8388608,6353,4.90625,75499429,170827eb5781923137cd34970f1d01da621fd8d02578238bc48b2fed22bde60c,4096x4096,512x4096,2048x4096
model.language_model.layers.45.mlp.experts.25.down_proj,routed,4096,2048,8388608,13862,26.5,20973477,c80d072ba5da38c381b25b7ec29c7da8000b12332fe7d539db647cbaf497acee,2048x2048,512x2048,4096x2048
model.language_model.layers.45.mlp.experts.25.gate_proj,routed,2048,4096,8388608,13862,6.875,75499429,a6e5fc55a450115f6c36e2edaea1537e3450d89ce21277b43345722d86bc9720,4096x4096,512x4096,2048x4096
model.language_model.layers.45.mlp.experts.25.up_proj,routed,2048,4096,8388608,13862,6.875,75499429,69c1aff232ec84aeabf81dd002cd083d5fcd5f5b25b4d4cdef49bcea75353865,4096x4096,512x4096,2048x4096
model.language_model.layers.45.mlp.experts.250.down_proj,routed,4096,2048,8388608,22157,21.125,20973477,fd79ae66d0f10c40294c9d52da79d243881e6837d1a1961bb00ea6e3227c6535,2048x2048,512x2048,4096x2048
model.language_model.layers.45.mlp.experts.250.gate_proj,routed,2048,4096,8388608,22157,6.125,75499429,40fd3f5b91be3603029bfba2a7ccb32c022e2aed0b44c0f31d0e5e28b5ff7950,4096x4096,512x4096,2048x4096
model.language_model.layers.45.mlp.experts.250.up_proj,routed,2048,4096,8388608,22157,6.125,75499429,9727ac63a5ef98b36925ead523c0ccff616a3517b8b1897d0bc4f916b5ef9d1d,4096x4096,512x4096,2048x4096
model.language_model.layers.45.mlp.experts.251.down_proj,routed,4096,2048,8388608,3000,28.0,20973477,700fda2dfe0ffc2604124fe55e1228c16188c4392ff9c0f759d3c1c47518fa71,2048x2048,512x2048,4096x2048
model.language_model.layers.45.mlp.experts.251.gate_proj,routed,2048,4096,8388608,3000,4.59375,75499429,de15b008e261564285d3a49115f1ebdce18f143f7b67b501c96e006604cdbcb2,4096x4096,512x4096,2048x4096
model.language_model.layers.45.mlp.experts.251.up_proj,routed,2048,4096,8388608,3000,4.59375,75499429,d98dae31d637c5610ddfdf5504a9c892b2c6b742fc682b391deafa6ab24b5db9,4096x4096,512x4096,2048x4096
model.language_model.layers.45.mlp.experts.252.down_proj,routed,4096,2048,8388608,4055,18.25,20973477,971d953134e0350283e7c82b25a458a30e9d010783edc6a1ef38935a1d37f0c6,2048x2048,512x2048,4096x2048
model.language_model.layers.45.mlp.experts.252.gate_proj,routed,2048,4096,8388608,4055,4.4375,75499429,8c913540d7da7f39adc563deebcf7d4d060a9a0fca3968a6ece4200617ffaeb8,4096x4096,512x4096,2048x4096
model.language_model.layers.45.mlp.experts.252.up_proj,routed,2048,4096,8388608,4055,4.4375,75499429,cb479286755db1afd2ff01834a2469427e97e423e1c36a1b0ba36fb331d63423,4096x4096,512x4096,2048x4096
model.language_model.layers.45.mlp.experts.253.down_proj,routed,4096,2048,8388608,7769,32.25,20973477,51eb511d8fdb2aac587ec21821fd7350c1a3980092ba4fab6d381150d67f9fb5,2048x2048,512x2048,4096x2048
model.language_model.layers.45.mlp.experts.253.gate_proj,routed,2048,4096,8388608,7769,5.65625,75499429,785b72fa295a65a6c27b04869e74f1ba2d5f90cfa471d43ad9300278f22b6313,4096x4096,512x4096,2048x4096
model.language_model.layers.45.mlp.experts.253.up_proj,routed,2048,4096,8388608,7769,5.65625,75499429,427f460970196d5482ea4fe4e9127e188d6a68510874a43bd1d7c93d87434431,4096x4096,512x4096,2048x4096
model.language_model.layers.45.mlp.experts.254.down_proj,routed,4096,2048,8388608,7176,18.0,20973477,f6e3a8e63636de8f3523e3b900f748058237a5876d9358d1563fa1259f0af182,2048x2048,512x2048,4096x2048
model.language_model.layers.45.mlp.experts.254.gate_proj,routed,2048,4096,8388608,7176,5.21875,75499429,c77570dd59fb7a64b0afca711cc302029dd8b1e04e3144e453af3a791cfeaa03,4096x4096,512x4096,2048x4096
model.language_model.layers.45.mlp.experts.254.up_proj,routed,2048,4096,8388608,7176,5.21875,75499429,e1243c542df26489c00362c4a5debeef9175ed04cf4416b856c83f7e26619c8e,4096x4096,512x4096,2048x4096
model.language_model.layers.45.mlp.experts.255.down_proj,routed,4096,2048,8388608,3779,26.875,20973477,0dc229c717379394acb77add0ab3c129990679c9e1eacc6ba5213b86a5a49a3e,2048x2048,512x2048,4096x2048
model.language_model.layers.45.mlp.experts.255.gate_proj,routed,2048,4096,8388608,3779,5.8125,75499429,9f561a212557f011a1a56c594eb4208e4b40efb554174949e696a5e59c0385aa,4096x4096,512x4096,2048x4096
model.language_model.layers.45.mlp.experts.255.up_proj,routed,2048,4096,8388608,3779,5.8125,75499429,0e96519530d5ff42dad9b4f7c050c1f206dc77e6bb4be87827a62fe2373c5ca0,4096x4096,512x4096,2048x4096
model.language_model.layers.45.mlp.experts.256.down_proj,routed,4096,2048,8388608,3720,29.0,20973477,5aadafae37edcb0935ca0fbab9cdf837b116f7631eec59c8922ac628e5b0da0a,2048x2048,512x2048,4096x2048
model.language_model.layers.45.mlp.experts.256.gate_proj,routed,2048,4096,8388608,3720,4.78125,75499429,97136c758ca2ec94eaea00e1109ffacc2d501fbd7f7d1f2d07b7adeb90357ea0,4096x4096,512x4096,2048x4096
model.language_model.layers.45.mlp.experts.256.up_proj,routed,2048,4096,8388608,3720,4.78125,75499429,6091a0002192bd4f2bb8c38af3a223d73e728f3042c0aae9b4c451fc74482264,4096x4096,512x4096,2048x4096
model.language_model.layers.45.mlp.experts.257.down_proj,routed,4096,2048,8388608,6536,30.75,20973477,49abfdb48cbd300b402d5c169769626c149d80a1bce758355303bcaa0a781934,2048x2048,512x2048,4096x2048
model.language_model.layers.45.mlp.experts.257.gate_proj,routed,2048,4096,8388608,6536,5.25,75499429,82fb6d3e22491ca44ab78a9dd0ba97ac25d0d0a0b872eb0fd47eaf8f5eef0dcd,4096x4096,512x4096,2048x4096
model.language_model.layers.45.mlp.experts.257.up_proj,routed,2048,4096,8388608,6536,5.25,75499429,b487543b134c8a5eb6f7812c94935300d242b4e0e72851a8e53258a471455e95,4096x4096,512x4096,2048x4096
model.language_model.layers.45.mlp.experts.258.down_proj,routed,4096,2048,8388608,8878,20.0,20973477,23cbda3e3d140755673e532b09dc27845dfa0ae709682579283e2a71307af93f,2048x2048,512x2048,4096x2048
model.language_model.layers.45.mlp.experts.258.gate_proj,routed,2048,4096,8388608,8878,5.03125,75499429,c1c44e4755e80c858ed43ea95f4c10b86733123954043c98278e5799e9c9fa59,4096x4096,512x4096,2048x4096
model.language_model.layers.45.mlp.experts.258.up_proj,routed,2048,4096,8388608,8878,5.03125,75499429,c4a22bbdd2074519cfdc70ef627f0d34b4c6c7f613a179d3b953b82521719aed,4096x4096,512x4096,2048x4096
model.language_model.layers.45.mlp.experts.259.down_proj,routed,4096,2048,8388608,6485,29.0,20973477,b238aba81ca6bd7c3b865f063fa66ce45f402c0e23a2b637731b229f248eaf3a,2048x2048,512x2048,4096x2048
model.language_model.layers.45.mlp.experts.259.gate_proj,routed,2048,4096,8388608,6485,6.21875,75499429,b0022f336cd44205e2d01c48dc74237d9f8a09c5b4e32d694795dea6a66f0a69,4096x4096,512x4096,2048x4096
model.language_model.layers.45.mlp.experts.259.up_proj,routed,2048,4096,8388608,6485,6.21875,75499429,424180aa2bbac537de0a0d2d3c9d6cff513e03c13049e81b72f7838ea3c9390b,4096x4096,512x4096,2048x4096
model.language_model.layers.45.mlp.experts.26.down_proj,routed,4096,2048,8388608,2444,22.0,20973477,6e3418da357685fab53e0b1b1b47cae2882f06de5163c502e4963850530a3f9f,2048x2048,512x2048,4096x2048
model.language_model.layers.45.mlp.experts.26.gate_proj,routed,2048,4096,8388608,2444,3.328125,75499429,cf12f9a2e222895220c3d4eb18aff049f3ad70c8434181681f46e4d5a47acc66,4096x4096,512x4096,2048x4096
model.language_model.layers.45.mlp.experts.26.up_proj,routed,2048,4096,8388608,2444,3.328125,75499429,fec5e7afeb5d060c71a92bb29dac09815e61b690e9566f2cb597fd5eb4b604ca,4096x4096,512x4096,2048x4096
model.language_model.layers.45.mlp.experts.260.down_proj,routed,4096,2048,8388608,21036,20.5,20973477,c1e9ecf45db9384a6c12580c9e52323c9eab37492a20e3a26c7c5d2f90b5402d,2048x2048,512x2048,4096x2048
model.language_model.layers.45.mlp.experts.260.gate_proj,routed,2048,4096,8388608,21036,5.84375,75499429,352f3d5463ed91533b9386ce4e0da7ddc2b954096f53be17ece25af360c154ac,4096x4096,512x4096,2048x4096
model.language_model.layers.45.mlp.experts.260.up_proj,routed,2048,4096,8388608,21036,5.84375,75499429,26395b816c48236e8553821d536d6d61c2b54a1582e285f9012e107c007c7058,4096x4096,512x4096,2048x4096
model.language_model.layers.45.mlp.experts.261.down_proj,routed,4096,2048,8388608,5449,23.875,20973477,28c607ac85d830fcfd596b7cd3c62427ff15aa8f97c0c46af619f2482150e1e3,2048x2048,512x2048,4096x2048
model.language_model.layers.45.mlp.experts.261.gate_proj,routed,2048,4096,8388608,5449,5.9375,75499429,958be56998a9dc5a76476beb884b8fd2b510cb457ad77343898d9bfa4e6d1307,4096x4096,512x4096,2048x4096
model.language_model.layers.45.mlp.experts.261.up_proj,routed,2048,4096,8388608,5449,5.9375,75499429,08e41606ceaa4389b00d4a9912363cacc6e5649fdb1bc7171d4fb145147d54fa,4096x4096,512x4096,2048x4096
model.language_model.layers.45.mlp.experts.262.down_proj,routed,4096,2048,8388608,3882,26.75,20973477,be3abaa10494d21afed3a07acf491569776ff73cf8b7e54ab5fa3a9b692c6183,2048x2048,512x2048,4096x2048
model.language_model.layers.45.mlp.experts.262.gate_proj,routed,2048,4096,8388608,3882,6.28125,75499429,75fac211a81ffff8cff0210a73a67212eb9abc07ba09de641bcf13581984db9d,4096x4096,512x4096,2048x4096
model.language_model.layers.45.mlp.experts.262.up_proj,routed,2048,4096,8388608,3882,6.28125,75499429,369ef4d0e248385b57f861245334d0a01faee7f8ffb097ff848ca491d2a10c43,4096x4096,512x4096,2048x4096
model.language_model.layers.45.mlp.experts.263.down_proj,routed,4096,2048,8388608,7249,18.875,20973477,f4a49b724f9a70a70d33d044c30a11ba9949e1174c9efb286b05ac68712dfb6a,2048x2048,512x2048,4096x2048
model.language_model.layers.45.mlp.experts.263.gate_proj,routed,2048,4096,8388608,7249,5.34375,75499429,9fbb0da8d07d7056a8a11831a2589bd4b38273c4f12d74bf5075eaf59a6823f6,4096x4096,512x4096,2048x4096
model.language_model.layers.45.mlp.experts.263.up_proj,routed,2048,4096,8388608,7249,5.34375,75499429,782c76fa4159b0ab8a3222b475fbd47f7dcdf1628131e53da841efe9f3a4ccfa,4096x4096,512x4096,2048x4096
model.language_model.layers.45.mlp.experts.264.down_proj,routed,4096,2048,8388608,4355,18.25,20973477,36818950dc790f67ac7362162f67c6019499fd4e93e577db86c232cf71af5911,2048x2048,512x2048,4096x2048
model.language_model.layers.45.mlp.experts.264.gate_proj,routed,2048,4096,8388608,4355,6.34375,75499429,459b2099e692a872b2252f8c721f80b7123b10b367bbc406b812fa9ed8d7c2e9,4096x4096,512x4096,2048x4096
model.language_model.layers.45.mlp.experts.264.up_proj,routed,2048,4096,8388608,4355,6.34375,75499429,3947e580332ac5e2eb4f76553aea44af1c49f66fecc07fd59dc63cde75212b53,4096x4096,512x4096,2048x4096
model.language_model.layers.45.mlp.experts.265.down_proj,routed,4096,2048,8388608,4389,53.75,20973477,5bcd7e06f0df3bc1153db9f47bef89fd8a0a8ece842443c88ec887f4b5e1fad4,2048x2048,512x2048,4096x2048
model.language_model.layers.45.mlp.experts.265.gate_proj,routed,2048,4096,8388608,4389,4.90625,75499429,a8669d1f952a672c0e9777bf6b484e9ec51c21f08da28868c288c59d09e32072,4096x4096,512x4096,2048x4096
model.language_model.layers.45.mlp.experts.265.up_proj,routed,2048,4096,8388608,4389,4.90625,75499429,be7a36a2ca4d1c5bb812a030ae6048fc05228b3f5026b5a918bf3830b62a38f9,4096x4096,512x4096,2048x4096
model.language_model.layers.45.mlp.experts.266.down_proj,routed,4096,2048,8388608,8146,23.5,20973477,88835260e00777f9810d3d6f99148ca6e6fc9358a45fd7f5f433314ef804a60c,2048x2048,512x2048,4096x2048
model.language_model.layers.45.mlp.experts.266.gate_proj,routed,2048,4096,8388608,8146,5.15625,75499429,5a7403b879681006c1e53f3c22ed279cb031664d6e236de99e9235837e9c1ff6,4096x4096,512x4096,2048x4096
model.language_model.layers.45.mlp.experts.266.up_proj,routed,2048,4096,8388608,8146,5.15625,75499429,e31e949f415b96abb349444f8bef18cc686bfb1b3b2e22cfba9d37c1ee2918f0,4096x4096,512x4096,2048x4096
model.language_model.layers.45.mlp.experts.267.down_proj,routed,4096,2048,8388608,3491,19.25,20973477,da88f1a822762c6e3e684b73c858238061ea78ca81a973f4b041a25afcc42911,2048x2048,512x2048,4096x2048
model.language_model.layers.45.mlp.experts.267.gate_proj,routed,2048,4096,8388608,3491,4.5,75499429,b31eddf624346e57e9957c5b7fb1aec31c26f3feef0e17ec29906a0bdb2d0db1,4096x4096,512x4096,2048x4096
model.language_model.layers.45.mlp.experts.267.up_proj,routed,2048,4096,8388608,3491,4.5,75499429,91987f3ba190fdad1d435f02a19819e312cec8a7fc21e9f8356935a4b1281a69,4096x4096,512x4096,2048x4096
model.language_model.layers.45.mlp.experts.268.down_proj,routed,4096,2048,8388608,6534,14.6875,20973477,75471891e7b23d10f616087861509ae6121d024314e3d6f56748184922f19bbc,2048x2048,512x2048,4096x2048
model.language_model.layers.45.mlp.experts.268.gate_proj,routed,2048,4096,8388608,6534,6.1875,75499429,bac9be79ede5caa0411b6253734f476b9f8878e9e632d1f183355a8085c988c5,4096x4096,512x4096,2048x4096
model.language_model.layers.45.mlp.experts.268.up_proj,routed,2048,4096,8388608,6534,6.1875,75499429,fce2efbf628e44f5ad681bc5156617cd0197b9ecfe42fa4b0e38f8162dd3fcf1,4096x4096,512x4096,2048x4096
model.language_model.layers.45.mlp.experts.269.down_proj,routed,4096,2048,8388608,5232,20.375,20973477,dd3a98d65dd2be397ea36cc7b6f23deb2e1db760d05f3d53beabe328ef54970f,2048x2048,512x2048,4096x2048
model.language_model.layers.45.mlp.experts.269.gate_proj,routed,2048,4096,8388608,5232,4.8125,75499429,e67884c7f7839bd688d804ba9cfb45c21a4694673112764b53bd7e80d61c29a2,4096x4096,512x4096,2048x4096
model.language_model.layers.45.mlp.experts.269.up_proj,routed,2048,4096,8388608,5232,4.8125,75499429,c2e2e3063f3ad3443c19e14ab6d1b13e992887ea8251718fc7d674d5a9026c4c,4096x4096,512x4096,2048x4096
model.language_model.layers.45.mlp.experts.27.down_proj,routed,4096,2048,8388608,4305,38.5,20973477,a268b160a887adcdb58f42dddce8bfc1226d0733cbbddb9757d880d3bd386272,2048x2048,512x2048,4096x2048
model.language_model.layers.45.mlp.experts.27.gate_proj,routed,2048,4096,8388608,4305,4.90625,75499429,0e6f9c3610c65731f82f563aa33adad9bcf7f2f433c14fb8b7c5e84f9628208a,4096x4096,512x4096,2048x4096
model.language_model.layers.45.mlp.experts.27.up_proj,routed,2048,4096,8388608,4305,4.90625,75499429,7067d01462b0c1b1fd6bf8adb6f613a8f0ed71fe933713d17a3b12562768dd3f,4096x4096,512x4096,2048x4096
model.language_model.layers.45.mlp.experts.270.down_proj,routed,4096,2048,8388608,10604,16.375,20973477,7b170b83cafe93f11b00b334b2c41a57bd3b639abc65a606b750be6e42b8995a,2048x2048,512x2048,4096x2048
model.language_model.layers.45.mlp.experts.270.gate_proj,routed,2048,4096,8388608,10604,4.78125,75499429,0ddc1134fc481d46d0fc233aa0597f837b6953bcf42ad76268099793f951e27c,4096x4096,512x4096,2048x4096
model.language_model.layers.45.mlp.experts.270.up_proj,routed,2048,4096,8388608,10604,4.78125,75499429,ff6ffd1ab877c4f0afd51ada993ce7150f1567138f715ffe669399a31d1b188e,4096x4096,512x4096,2048x4096
model.language_model.layers.45.mlp.experts.271.down_proj,routed,4096,2048,8388608,3940,21.0,20973477,44b0c21580caf3cb2fb7c7a359659734cb0822ac7e0eb3e4b85c3d873ab97f6b,2048x2048,512x2048,4096x2048
model.language_model.layers.45.mlp.experts.271.gate_proj,routed,2048,4096,8388608,3940,6.875,75499429,d31ea86da27d8c364e73ba360a0203b7c3a670bbeabcdc746cb70cbef9d0208b,4096x4096,512x4096,2048x4096
model.language_model.layers.45.mlp.experts.271.up_proj,routed,2048,4096,8388608,3940,6.875,75499429,542bf8b21b519de38e374174277ee7b2b47391f339ab3b727fbd3d1096c87659,4096x4096,512x4096,2048x4096
model.language_model.layers.45.mlp.experts.272.down_proj,routed,4096,2048,8388608,2559,31.5,20973477,7670b5fadad54b6e0b2ad4d6c851cb904de014da8494d5fe6c69bbc1d1bb18e5,2048x2048,512x2048,4096x2048
model.language_model.layers.45.mlp.experts.272.gate_proj,routed,2048,4096,8388608,2559,5.40625,75499429,11d433fddb9c53c16a23ed05ccb9982bb995d556306423dd9d2020f4ccb89147,4096x4096,512x4096,2048x4096
model.language_model.layers.45.mlp.experts.272.up_proj,routed,2048,4096,8388608,2559,5.40625,75499429,9a7d2e1d3d85b7117acf56b8a73707436a7daea452a6958ad175c95b71ceebd3,4096x4096,512x4096,2048x4096
model.language_model.layers.45.mlp.experts.273.down_proj,routed,4096,2048,8388608,2425,18.5,20973477,51c436d76966910fdb8db8792a8198ee51ffd7b37d6e3546d1cd2bc12ef380f1,2048x2048,512x2048,4096x2048
model.language_model.layers.45.mlp.experts.273.gate_proj,routed,2048,4096,8388608,2425,4.46875,75499429,6446d6fb619ca141bee32b7ce96575950d780054baf87e02e92326e58bc9bb9a,4096x4096,512x4096,2048x4096
model.language_model.layers.45.mlp.experts.273.up_proj,routed,2048,4096,8388608,2425,4.46875,75499429,50cccc04fbde6280960b2a8378949ac53a27c434df61213e3db3deb1481a9cb7,4096x4096,512x4096,2048x4096
model.language_model.layers.45.mlp.experts.274.down_proj,routed,4096,2048,8388608,5889,23.625,20973477,e3b3abd0229bc595c10b1e58e1ba07a39bab825c2a594791d3a3626d90bddc3b,2048x2048,512x2048,4096x2048
model.language_model.layers.45.mlp.experts.274.gate_proj,routed,2048,4096,8388608,5889,5.46875,75499429,d938efd3e2d11fa0010f64fde0f3ccdb91e7f1c65c67acd09408c1d8001a332d,4096x4096,512x4096,2048x4096
model.language_model.layers.45.mlp.experts.274.up_proj,routed,2048,4096,8388608,5889,5.46875,75499429,fdfab1abaa33629eb60396b990cdc8b02ee65b20900328a0701161bbdcbde80c,4096x4096,512x4096,2048x4096
model.language_model.layers.45.mlp.experts.275.down_proj,routed,4096,2048,8388608,3944,28.375,20973477,85a05c4c208b4bcaba8e840671af097c457971c3b62e36f86d707b621f238cf6,2048x2048,512x2048,4096x2048
model.language_model.layers.45.mlp.experts.275.gate_proj,routed,2048,4096,8388608,3944,5.28125,75499429,a930f94737b63194819672a41c026e1bca5aaee3c6894faf0459201efa7e423b,4096x4096,512x4096,2048x4096
model.language_model.layers.45.mlp.experts.275.up_proj,routed,2048,4096,8388608,3944,5.28125,75499429,bc56160fc09e3a1185dd98c641749e506a572f27a23cd9996895e77a1db56a06,4096x4096,512x4096,2048x4096
model.language_model.layers.45.mlp.experts.276.down_proj,routed,4096,2048,8388608,2792,21.375,20973477,1972df3f125d926603d0b6f3f4ff1fb286babe3779e4a7a9f8883a6f486823ae,2048x2048,512x2048,4096x2048
model.language_model.layers.45.mlp.experts.276.gate_proj,routed,2048,4096,8388608,2792,4.4375,75499429,387fc67ab8be5add7eb935dade946e886d9471e252b261f32fc09e5f5e2f2e5d,4096x4096,512x4096,2048x4096
model.language_model.layers.45.mlp.experts.276.up_proj,routed,2048,4096,8388608,2792,4.4375,75499429,fbec43d942bded4d5d17ecc9c1ae39dd5d08a8604da8d80ed4815faf8efa107f,4096x4096,512x4096,2048x4096
model.language_model.layers.45.mlp.experts.277.down_proj,routed,4096,2048,8388608,10262,24.25,20973477,be90e8a4abac48be7fca555d6cab9fda3aad3933290f6ac6724f6d8f8d444fb4,2048x2048,512x2048,4096x2048
model.language_model.layers.45.mlp.experts.277.gate_proj,routed,2048,4096,8388608,10262,4.65625,75499429,1424de7faa36cc45af1269cf86360ac8578f318ff18442575b3ebe924d7753c5,4096x4096,512x4096,2048x4096
model.language_model.layers.45.mlp.experts.277.up_proj,routed,2048,4096,8388608,10262,4.65625,75499429,984c89cf78fa48e7bbc0b155fad44f3acb1afc951e16cc478fb68a04e9a44d1e,4096x4096,512x4096,2048x4096
model.language_model.layers.45.mlp.experts.278.down_proj,routed,4096,2048,8388608,13604,27.0,20973477,9dcc13836116dfb4f9e1e61d66a604d985e44910b75b3899a1e7d09d09233850,2048x2048,512x2048,4096x2048
model.language_model.layers.45.mlp.experts.278.gate_proj,routed,2048,4096,8388608,13604,4.21875,75499429,db409199a51122209414172fc84c1bd1bad61691e2e2f7da0c55610c4cfbbfc1,4096x4096,512x4096,2048x4096
model.language_model.layers.45.mlp.experts.278.up_proj,routed,2048,4096,8388608,13604,4.21875,75499429,17a167d5874ed041207c16f245551b69044a93cedb2c1a60769b78c75ef99c23,4096x4096,512x4096,2048x4096
model.language_model.layers.45.mlp.experts.279.down_proj,routed,4096,2048,8388608,3823,33.25,20973477,1c5b0254ca590622ffb74449cbf52060e86ed69d449ff8377c4d0bd306ef17aa,2048x2048,512x2048,4096x2048
model.language_model.layers.45.mlp.experts.279.gate_proj,routed,2048,4096,8388608,3823,4.8125,75499429,028ecbbc87c4c535945db41cf22771f42aae277d7cfc7c3eb102cc7f15c2b3df,4096x4096,512x4096,2048x4096
model.language_model.layers.45.mlp.experts.279.up_proj,routed,2048,4096,8388608,3823,4.8125,75499429,db5a3857511a3ec3ea3e7ebe80c75ff9727a7bb694f2dddefc8d47e24f95ee93,4096x4096,512x4096,2048x4096
model.language_model.layers.45.mlp.experts.28.down_proj,routed,4096,2048,8388608,8876,27.375,20973477,f36a1742e12d5fa47edd9411e50e70562384abd840e0d08d5ad14b33606da1ae,2048x2048,512x2048,4096x2048
model.language_model.layers.45.mlp.experts.28.gate_proj,routed,2048,4096,8388608,8876,5.09375,75499429,a1a34a908d869d3f02fe5eb84c5f672a9b52476bb40341600fc7c3f0343ea44a,4096x4096,512x4096,2048x4096
model.language_model.layers.45.mlp.experts.28.up_proj,routed,2048,4096,8388608,8876,5.09375,75499429,7052d1dfcbf703a3edcec8427b37cdcc3b97aa9e03bbe7c6e5f80bbf2587bf3d,4096x4096,512x4096,2048x4096
model.language_model.layers.45.mlp.experts.280.down_proj,routed,4096,2048,8388608,5958,30.25,20973477,2d66ccdc8dcf8ade6fc66f211eaa0ae4e3fbb12c8833b128c8f95e4a4afaa989,2048x2048,512x2048,4096x2048
model.language_model.layers.45.mlp.experts.280.gate_proj,routed,2048,4096,8388608,5958,6.34375,75499429,990d99027fc0f72021f077204a9275ec860abccabc12ad6bb9ff8d9348656a80,4096x4096,512x4096,2048x4096
model.language_model.layers.45.mlp.experts.280.up_proj,routed,2048,4096,8388608,5958,6.34375,75499429,53c96a752ec7ab065db40496bf180604122d2816d2a8b0b8a189dc6a190151a1,4096x4096,512x4096,2048x4096
model.language_model.layers.45.mlp.experts.281.down_proj,routed,4096,2048,8388608,9606,35.75,20973477,cf65df33003d6414d3beb9bf010278fd1c348a4545af0f6f91f975d47dff1104,2048x2048,512x2048,4096x2048
model.language_model.layers.45.mlp.experts.281.gate_proj,routed,2048,4096,8388608,9606,5.25,75499429,e95789264797a04400887abd9d85726d60292b56cbd57409c2b484f959f95708,4096x4096,512x4096,2048x4096
model.language_model.layers.45.mlp.experts.281.up_proj,routed,2048,4096,8388608,9606,5.25,75499429,ae4c8eff5f02fe958af0a1ebbee84086bb6498c86e6e5da7d3a2138fb5b2f595,4096x4096,512x4096,2048x4096
model.language_model.layers.45.mlp.experts.282.down_proj,routed,4096,2048,8388608,5615,17.75,20973477,fc7e290f6c81a1fa8308476a5e7b5fca746ddcc1309aaa7e63132292c949c466,2048x2048,512x2048,4096x2048
model.language_model.layers.45.mlp.experts.282.gate_proj,routed,2048,4096,8388608,5615,6.59375,75499429,bc829f6e7fc68c2eeed5edef3eacfa523b817890c96e3c0b7df022c7e98b9182,4096x4096,512x4096,2048x4096
model.language_model.layers.45.mlp.experts.282.up_proj,routed,2048,4096,8388608,5615,6.59375,75499429,9edfa9073f4e0e025f29de2f891732e3c1bbc8e4b85877ed76fd772703804930,4096x4096,512x4096,2048x4096
model.language_model.layers.45.mlp.experts.283.down_proj,routed,4096,2048,8388608,3689,26.875,20973477,6856fc33a11a747f9fc9352b5c50bd16197bc840a9de45aac342efa7e97ff007,2048x2048,512x2048,4096x2048
model.language_model.layers.45.mlp.experts.283.gate_proj,routed,2048,4096,8388608,3689,5.34375,75499429,5b51a5ae9423940403db7804564b99e7c19d677287c50d78182cd6cefd82a8a3,4096x4096,512x4096,2048x4096
model.language_model.layers.45.mlp.experts.283.up_proj,routed,2048,4096,8388608,3689,5.34375,75499429,4f3e3625e0c099fc038629736ef3beda35ac96548dccc1e990599c1de3b6aada,4096x4096,512x4096,2048x4096
model.language_model.layers.45.mlp.experts.284.down_proj,routed,4096,2048,8388608,1824,35.25,20973477,13e0233381ffeca0c99a6b0a4c752383ff184af14aacae4bcb57de4afdf2d4bb,2048x2048,512x2048,4096x2048
model.language_model.layers.45.mlp.experts.284.gate_proj,routed,2048,4096,8388608,1824,4.5,75499429,b69b0668c5cea7be1e3e026c9760c4f4952363f1278a94d700dbc2aa0c3b727d,4096x4096,512x4096,2048x4096
model.language_model.layers.45.mlp.experts.284.up_proj,routed,2048,4096,8388608,1824,4.5,75499429,efbac33a47fad4813861d77826b617ae71b31ec9b3ce8a4bff00aabd7cd7b507,4096x4096,512x4096,2048x4096
model.language_model.layers.45.mlp.experts.285.down_proj,routed,4096,2048,8388608,6565,19.75,20973477,73baa9c071cca9af6e51e5e109a53d470876c89b58c338ebbeb32cc49b2a36e6,2048x2048,512x2048,4096x2048
model.language_model.layers.45.mlp.experts.285.gate_proj,routed,2048,4096,8388608,6565,6.25,75499429,ea10ac58451e4ecf5bfad5626d1c06e9f2f6971b9dc8a395db8fd3cee7b8dfa7,4096x4096,512x4096,2048x4096
model.language_model.layers.45.mlp.experts.285.up_proj,routed,2048,4096,8388608,6565,6.25,75499429,b4bccbf56a8be2f83cc26516903df6c436ebc64b02ad8499c9f5551d12e8a3f6,4096x4096,512x4096,2048x4096
model.language_model.layers.45.mlp.experts.286.down_proj,routed,4096,2048,8388608,9793,11.75,20973477,ab727ee0b96e5b7f95cc4cdbadf3561ee9c9c19eb647b546d1ed994476932dd7,2048x2048,512x2048,4096x2048
model.language_model.layers.45.mlp.experts.286.gate_proj,routed,2048,4096,8388608,9793,4.78125,75499429,2cb4f16465f95b19cd91f25a038c348cd129120be0ebf39db2addfb77714ebf7,4096x4096,512x4096,2048x4096
model.language_model.layers.45.mlp.experts.286.up_proj,routed,2048,4096,8388608,9793,4.78125,75499429,e12356632b936e76e58267651b8447c67b4a2bd31df9952a500cb32de30def98,4096x4096,512x4096,2048x4096
model.language_model.layers.45.mlp.experts.287.down_proj,routed,4096,2048,8388608,5630,24.125,20973477,3cb001bb3686d875153534b45c4d39d6f2389dfca41f0a4c3fbb7854617d7981,2048x2048,512x2048,4096x2048
model.language_model.layers.45.mlp.experts.287.gate_proj,routed,2048,4096,8388608,5630,6.03125,75499429,d80b1df4479c895893e3db4d11c7606677ce0d1b80e07770999678cf3aad7b52,4096x4096,512x4096,2048x4096
model.language_model.layers.45.mlp.experts.287.up_proj,routed,2048,4096,8388608,5630,6.03125,75499429,0d7fb5b99251ec056b21d48652232c74dbb19f31e5d0751da7da748cf4b27fa8,4096x4096,512x4096,2048x4096
model.language_model.layers.45.mlp.experts.29.down_proj,routed,4096,2048,8388608,24111,19.375,20973477,e9337e7a0f2618bd2fcb811d24aa8138290491b1ade8278b2f270e8d18e60300,2048x2048,512x2048,4096x2048
model.language_model.layers.45.mlp.experts.29.gate_proj,routed,2048,4096,8388608,24111,5.75,75499429,3b639f6b96bbe757c7334c3862787d0739a6f9915dbe924fa8b344f579a4a5e7,4096x4096,512x4096,2048x4096
model.language_model.layers.45.mlp.experts.29.up_proj,routed,2048,4096,8388608,24111,5.75,75499429,0e015234c84e2dabe3b3213868faf7c1b9d475cac3f34f103a8bbc28091b1f23,4096x4096,512x4096,2048x4096
model.language_model.layers.45.mlp.experts.3.down_proj,routed,4096,2048,8388608,7065,22.625,20973477,f20c197d7094e423aa5c88c5536e5b8c04915a4d86f7f64c0a71646d82649ef7,2048x2048,512x2048,4096x2048
model.language_model.layers.45.mlp.experts.3.gate_proj,routed,2048,4096,8388608,7065,5.03125,75499429,05bc9880c8de34097dd9542c8417ef5bcd205054c112db130a19b8c58046d389,4096x4096,512x4096,2048x4096
model.language_model.layers.45.mlp.experts.3.up_proj,routed,2048,4096,8388608,7065,5.03125,75499429,5bead01b99ce56584de48a825e732b2a2feeeb715f7ef1a5d494b6908ed3df15,4096x4096,512x4096,2048x4096
model.language_model.layers.45.mlp.experts.30.down_proj,routed,4096,2048,8388608,9050,50.75,20973477,3a6d58a979bca15f9f124e209bc72d8dfb8e2daf5472cfd96e8413a5a5bcf22d,2048x2048,512x2048,4096x2048
model.language_model.layers.45.mlp.experts.30.gate_proj,routed,2048,4096,8388608,9050,4.78125,75499429,c971fc93edca4c00d6fabb386469ee56dad55c4adce02f4231dfcf9ca03f71e7,4096x4096,512x4096,2048x4096
model.language_model.layers.45.mlp.experts.30.up_proj,routed,2048,4096,8388608,9050,4.78125,75499429,b845c1cd4793a8ed8de1ab49c88b1bb3724b4d6e5aa388e6f5bc4cb869ade903,4096x4096,512x4096,2048x4096
model.language_model.layers.45.mlp.experts.31.down_proj,routed,4096,2048,8388608,4017,25.875,20973477,02f39b78dcfae97ee98a3753229a5790cedccd27147b61413d978a3c2c8b6203,2048x2048,512x2048,4096x2048
model.language_model.layers.45.mlp.experts.31.gate_proj,routed,2048,4096,8388608,4017,4.75,75499429,40b0f7cc562e51f1b3986b28829215b0ffd65a6ca87b079294e8394f4536b6fe,4096x4096,512x4096,2048x4096
model.language_model.layers.45.mlp.experts.31.up_proj,routed,2048,4096,8388608,4017,4.75,75499429,d1447ee14a9a619cf95c28e082dda99e70b80f9dd55b0a51a5da5c0b9da4f3e1,4096x4096,512x4096,2048x4096
model.language_model.layers.45.mlp.experts.32.down_proj,routed,4096,2048,8388608,10600,21.0,20973477,08cafc0c7d450ebb220e8ae184f06078e77f3a24bc69817afed6d84f7f13e5a2,2048x2048,512x2048,4096x2048
model.language_model.layers.45.mlp.experts.32.gate_proj,routed,2048,4096,8388608,10600,6.375,75499429,459730cfb84511adda969bca91d419cdbccee2b258b99404035f46ca51e4d76a,4096x4096,512x4096,2048x4096
model.language_model.layers.45.mlp.experts.32.up_proj,routed,2048,4096,8388608,10600,6.375,75499429,6d0917ec3ed5d20ffc7d4843a43dfa80563e5b71f9eb22d5231d1aa5cefebdf4,4096x4096,512x4096,2048x4096
model.language_model.layers.45.mlp.experts.33.down_proj,routed,4096,2048,8388608,7631,26.625,20973477,27ccf236c3991030fd8927b6f15618c8f2ed36999f549125c198bf33ab472e2d,2048x2048,512x2048,4096x2048
model.language_model.layers.45.mlp.experts.33.gate_proj,routed,2048,4096,8388608,7631,5.625,75499429,48f3a36984058058c996ec9296a81b4e7ad1110cf930f46a475bbc55c2ec40dc,4096x4096,512x4096,2048x4096
model.language_model.layers.45.mlp.experts.33.up_proj,routed,2048,4096,8388608,7631,5.625,75499429,40b0d97d970f110d1fa69453fc02c6bc844980ba7a565a3a917f054988419be2,4096x4096,512x4096,2048x4096
model.language_model.layers.45.mlp.experts.34.down_proj,routed,4096,2048,8388608,4319,28.5,20973477,ef8e1f016817f17b2def4e2794e961a9ef2ac0fb5a18b5d83abd3b65de04bbbf,2048x2048,512x2048,4096x2048
model.language_model.layers.45.mlp.experts.34.gate_proj,routed,2048,4096,8388608,4319,4.6875,75499429,1ae3629b7b1f3dc36f4d6af0e9d5d9f4230aea22f514e729024f9688b5e7010d,4096x4096,512x4096,2048x4096
model.language_model.layers.45.mlp.experts.34.up_proj,routed,2048,4096,8388608,4319,4.6875,75499429,72c0a009e3c25e766ef440d544177055d2b6e2388dfdf05952dcbb3892a03d21,4096x4096,512x4096,2048x4096
model.language_model.layers.45.mlp.experts.35.down_proj,routed,4096,2048,8388608,12146,22.25,20973477,caeab30a2dd2ef149a015a833adc85378c906c26664cc1131251335ddd3f451f,2048x2048,512x2048,4096x2048
model.language_model.layers.45.mlp.experts.35.gate_proj,routed,2048,4096,8388608,12146,5.53125,75499429,450c1890df528c4ad47da3caeb4f7cfcf43c8af151ffe020cd993922f99f1ab8,4096x4096,512x4096,2048x4096
model.language_model.layers.45.mlp.experts.35.up_proj,routed,2048,4096,8388608,12146,5.53125,75499429,0144f978c57125715ec3746788278bb08318a5bab45dec8c739965bb6f2b5268,4096x4096,512x4096,2048x4096
model.language_model.layers.45.mlp.experts.36.down_proj,routed,4096,2048,8388608,6596,33.5,20973477,ef56b9c41d31a9f83aa279aaee669657ee986afe7752fb8e2872aaf3e6bfcded,2048x2048,512x2048,4096x2048
model.language_model.layers.45.mlp.experts.36.gate_proj,routed,2048,4096,8388608,6596,5.46875,75499429,8903a3b3aaa9a4fd114fcea78f578472033a3635e87475022932741c79da9b6a,4096x4096,512x4096,2048x4096
model.language_model.layers.45.mlp.experts.36.up_proj,routed,2048,4096,8388608,6596,5.46875,75499429,70401334e5c6b361578e5cc31f42d5b122e1f3be9c241440ac83a924a37677de,4096x4096,512x4096,2048x4096
model.language_model.layers.45.mlp.experts.37.down_proj,routed,4096,2048,8388608,7217,22.875,20973477,a238972d46f94fd2023caf4450864c8fd4007e97063a5e00fdf4dd958d7509f7,2048x2048,512x2048,4096x2048
model.language_model.layers.45.mlp.experts.37.gate_proj,routed,2048,4096,8388608,7217,5.21875,75499429,68652dbd6146c5e5fcb3528a50a0fd966adb8f3e08c46ce09260d30bc4c7c87a,4096x4096,512x4096,2048x4096
model.language_model.layers.45.mlp.experts.37.up_proj,routed,2048,4096,8388608,7217,5.21875,75499429,cea0db38a01c292100228f960ed995dd75496dcee62830cb8880bdb30014db24,4096x4096,512x4096,2048x4096
model.language_model.layers.45.mlp.experts.38.down_proj,routed,4096,2048,8388608,8642,31.25,20973477,3087332a6e1aa78b59986e4d889d8652339d56979b7c1f73b3197e2b33a26ae9,2048x2048,512x2048,4096x2048
model.language_model.layers.45.mlp.experts.38.gate_proj,routed,2048,4096,8388608,8642,5.34375,75499429,78068d7c110c291049d9900c2eec7834cf126ef24fda08210b9941ded1971420,4096x4096,512x4096,2048x4096
model.language_model.layers.45.mlp.experts.38.up_proj,routed,2048,4096,8388608,8642,5.34375,75499429,4d64cda236cd5ab010e7e6203a67293b7fb690911c879e318ed875c59ffe9790,4096x4096,512x4096,2048x4096
model.language_model.layers.45.mlp.experts.39.down_proj,routed,4096,2048,8388608,1282,17.375,20973477,a0889a510cac949e4a051a87f54ce2f3520eaa3aa74dae70268edc28224afbd3,2048x2048,512x2048,4096x2048
model.language_model.layers.45.mlp.experts.39.gate_proj,routed,2048,4096,8388608,1282,3.9375,75499429,c1726b6622f8aed4626ffc9c72ca447ddb90c176ee6618f4ca2b37e69a2267b6,4096x4096,512x4096,2048x4096
model.language_model.layers.45.mlp.experts.39.up_proj,routed,2048,4096,8388608,1282,3.9375,75499429,93e2a3f3aa5154f8f42d09403aa5149e1db1b988a49888e7a89703086ad6e1cf,4096x4096,512x4096,2048x4096
model.language_model.layers.45.mlp.experts.4.down_proj,routed,4096,2048,8388608,2702,21.625,20973477,3a90a2415528368d6cf9b0b96e0d82973cb0d18107a12adc452a6a4db657d3d7,2048x2048,512x2048,4096x2048
model.language_model.layers.45.mlp.experts.4.gate_proj,routed,2048,4096,8388608,2702,4.40625,75499429,2d945a9696884026723e240cb075e4e092e1a69c77e1e24349670189f8256a83,4096x4096,512x4096,2048x4096
model.language_model.layers.45.mlp.experts.4.up_proj,routed,2048,4096,8388608,2702,4.40625,75499429,e91bd9e3a4adc049f93da84149b044c20c4612212c5dad9ed6f703413053c0d6,4096x4096,512x4096,2048x4096
model.language_model.layers.45.mlp.experts.40.down_proj,routed,4096,2048,8388608,3258,38.75,20973477,1477d7fadf32e19924ae399825fa2b219cf838333413826b75fcfea7a6ac2218,2048x2048,512x2048,4096x2048
model.language_model.layers.45.mlp.experts.40.gate_proj,routed,2048,4096,8388608,3258,5.125,75499429,233e7ec950ba37a15aac7649d6c44cdebd2d4311e4f9bbb15f5c279409d4aa37,4096x4096,512x4096,2048x4096
model.language_model.layers.45.mlp.experts.40.up_proj,routed,2048,4096,8388608,3258,5.125,75499429,08cba959c8f7815a8f8a20e786ba82f358ad5cba82bb243d8f5a12cbf28d3ba3,4096x4096,512x4096,2048x4096
model.language_model.layers.45.mlp.experts.41.down_proj,routed,4096,2048,8388608,21705,26.25,20973477,fcee8317034692630e6bff91af4c64dd06f4b009a13e2ff780279a5f9f8f0d38,2048x2048,512x2048,4096x2048
model.language_model.layers.45.mlp.experts.41.gate_proj,routed,2048,4096,8388608,21705,6.34375,75499429,eea7693653a11cc538c8a0baa88519c390091a214e8e4773b8cb29bbd6fe9f81,4096x4096,512x4096,2048x4096
model.language_model.layers.45.mlp.experts.41.up_proj,routed,2048,4096,8388608,21705,6.34375,75499429,91911b3f6a3db8382287a3efe435e691f80440624ac242bebe62203824cac3d7,4096x4096,512x4096,2048x4096
model.language_model.layers.45.mlp.experts.42.down_proj,routed,4096,2048,8388608,6134,22.875,20973477,3a1914de77916c17ad36be5be7d5824870240d83a1e9e1d0daf93e10d57772ec,2048x2048,512x2048,4096x2048
model.language_model.layers.45.mlp.experts.42.gate_proj,routed,2048,4096,8388608,6134,6.875,75499429,a2b1abedefe67afd9cafb4656b613fa0652edfd7f30e2b3765a03e46b15b416a,4096x4096,512x4096,2048x4096
model.language_model.layers.45.mlp.experts.42.up_proj,routed,2048,4096,8388608,6134,6.875,75499429,3c92e324dc728a6710c57c7b9220810675e5d9bd00cec09bf1ddaebe0415ed77,4096x4096,512x4096,2048x4096
model.language_model.layers.45.mlp.experts.43.down_proj,routed,4096,2048,8388608,15888,30.0,20973477,2b7def647ee7d68fa3a348f849f2571d5a72e505308c2455b3e66d0bcf6025a1,2048x2048,512x2048,4096x2048
model.language_model.layers.45.mlp.experts.43.gate_proj,routed,2048,4096,8388608,15888,4.96875,75499429,34b4238718445fcaf407b5a4ffdf3d341f682c8976f34277862e84b7b13c2669,4096x4096,512x4096,2048x4096
model.language_model.layers.45.mlp.experts.43.up_proj,routed,2048,4096,8388608,15888,4.96875,75499429,b64ebeca3cc1ac48b04dae49989cce9d767aa89a8b6534258a522631a24ba160,4096x4096,512x4096,2048x4096
model.language_model.layers.45.mlp.experts.44.down_proj,routed,4096,2048,8388608,4528,25.625,20973477,b266ac494efa7f642b42c6c1ce08776c38471ca9c6546a95ba7f0e2f8ca4be6e,2048x2048,512x2048,4096x2048
model.language_model.layers.45.mlp.experts.44.gate_proj,routed,2048,4096,8388608,4528,4.5,75499429,375db0481c93e432e547b366cfb2cef164033abc635f8df1ca5de8f4bf3bcaa2,4096x4096,512x4096,2048x4096
model.language_model.layers.45.mlp.experts.44.up_proj,routed,2048,4096,8388608,4528,4.5,75499429,8f21d7c348ad4a44965f2655f566baa1ad9506d7bfb4c5354c7490b4cf074ee1,4096x4096,512x4096,2048x4096
model.language_model.layers.45.mlp.experts.45.down_proj,routed,4096,2048,8388608,3561,22.125,20973477,add38598ff131560acc5c3bc6e10c3ef99bae9bb5b956042f3a3fb5c60a04502,2048x2048,512x2048,4096x2048
model.language_model.layers.45.mlp.experts.45.gate_proj,routed,2048,4096,8388608,3561,4.9375,75499429,56224c02e0ee859cfd19ce0c460749597ba00000c889bf6738bec77dd5e8c67c,4096x4096,512x4096,2048x4096
model.language_model.layers.45.mlp.experts.45.up_proj,routed,2048,4096,8388608,3561,4.9375,75499429,0674417eccb04649dbb0e2a77b9518aaf06dae5c7628fcad0a7a20c5dd1e2434,4096x4096,512x4096,2048x4096
model.language_model.layers.45.mlp.experts.46.down_proj,routed,4096,2048,8388608,3713,15.75,20973477,cc3f69c4d443999be18049a375070e89d0921537a0f4122384edd20efe879283,2048x2048,512x2048,4096x2048
model.language_model.layers.45.mlp.experts.46.gate_proj,routed,2048,4096,8388608,3713,3.734375,75499429,dd81cce499bb74a8ba1c1c1b266e8bfd79cb9702e9c1f010101d616b4f23dd46,4096x4096,512x4096,2048x4096
model.language_model.layers.45.mlp.experts.46.up_proj,routed,2048,4096,8388608,3713,3.734375,75499429,f6bcb446a559721ad10645bae32250a77736ab652efe631c27dd3ed9b3508940,4096x4096,512x4096,2048x4096
model.language_model.layers.45.mlp.experts.47.down_proj,routed,4096,2048,8388608,5072,26.625,20973477,575884c542ed114b8868c2387c031f2ebd4637351a69701c859be0587033ffac,2048x2048,512x2048,4096x2048
model.language_model.layers.45.mlp.experts.47.gate_proj,routed,2048,4096,8388608,5072,5.03125,75499429,6bd71cc14dc0d1098f5f08182d69b92b0b51eeb38fca7a55d445618dcc6f6b6c,4096x4096,512x4096,2048x4096
model.language_model.layers.45.mlp.experts.47.up_proj,routed,2048,4096,8388608,5072,5.03125,75499429,3d7ed66505b8046123b1effcf035b8f91ba64db80173e5b99dd7451394df969e,4096x4096,512x4096,2048x4096
model.language_model.layers.45.mlp.experts.48.down_proj,routed,4096,2048,8388608,7556,25.75,20973477,3a8e19c685dd240734e04db74ff9f0dae7de2a13bc5558722978e7f105fed820,2048x2048,512x2048,4096x2048
model.language_model.layers.45.mlp.experts.48.gate_proj,routed,2048,4096,8388608,7556,4.59375,75499429,69c8365a6b13de9baf956507498071791ce773911e6d91286ab43888bff99dc4,4096x4096,512x4096,2048x4096
model.language_model.layers.45.mlp.experts.48.up_proj,routed,2048,4096,8388608,7556,4.59375,75499429,72ce70e3c30ed60bdce01695d94cecb9c4112f81c0d2493e6dfdf93f9f865ee8,4096x4096,512x4096,2048x4096
model.language_model.layers.45.mlp.experts.49.down_proj,routed,4096,2048,8388608,6519,33.5,20973477,ae485fdb52a5669afb3cdad9eb67cf86ffa8dbd4d1f2ee3ea62057b8ef18516e,2048x2048,512x2048,4096x2048
model.language_model.layers.45.mlp.experts.49.gate_proj,routed,2048,4096,8388608,6519,5.59375,75499429,d3c3e5f2e88553eb4c6ab7ccd2924d09247ed15846dc99b6022111724e186bf7,4096x4096,512x4096,2048x4096
model.language_model.layers.45.mlp.experts.49.up_proj,routed,2048,4096,8388608,6519,5.59375,75499429,de664795f390dcb5d433810ca55e996435d29d040cd8208872a0ef77e57e2d12,4096x4096,512x4096,2048x4096
model.language_model.layers.45.mlp.experts.5.down_proj,routed,4096,2048,8388608,7445,23.5,20973477,7d54e196d120c40ebcb718a316e9fd4f2ef0c07f7d3e33834f4459caa295dd3f,2048x2048,512x2048,4096x2048
model.language_model.layers.45.mlp.experts.5.gate_proj,routed,2048,4096,8388608,7445,4.96875,75499429,901452f6e94e825f8db87be744c00703a1c4f4eba985f06fe37661b7d2c4a72b,4096x4096,512x4096,2048x4096
model.language_model.layers.45.mlp.experts.5.up_proj,routed,2048,4096,8388608,7445,4.96875,75499429,7fd09a3b3c350e125386f2023d2e38ad24d6c1b6d45a70a1d8def500359c1637,4096x4096,512x4096,2048x4096
model.language_model.layers.45.mlp.experts.50.down_proj,routed,4096,2048,8388608,1051,20.5,20973477,48fea176abac077c2e5054f6b995fa9a92e271e4e968ca552377d13da7a3d56d,2048x2048,512x2048,4096x2048
model.language_model.layers.45.mlp.experts.50.gate_proj,routed,2048,4096,8388608,1051,4.75,75499429,567bd9a869bccf341db08f7857689870164355de017d922cc6d9966fd02493ed,4096x4096,512x4096,2048x4096
model.language_model.layers.45.mlp.experts.50.up_proj,routed,2048,4096,8388608,1051,4.75,75499429,b19f364fd3c88477d135a11c05723247e54ff587aa280eb414399657f86a39e4,4096x4096,512x4096,2048x4096
model.language_model.layers.45.mlp.experts.51.down_proj,routed,4096,2048,8388608,6076,27.875,20973477,18d49ee715547ea7463ff2d27ad3c932c5ebc99b48e0722355a02459c0211608,2048x2048,512x2048,4096x2048
model.language_model.layers.45.mlp.experts.51.gate_proj,routed,2048,4096,8388608,6076,5.125,75499429,78b985be01979ecbd330a3bd7fb085fde9de56c96e37ef76efc4d9d30ffcb5bc,4096x4096,512x4096,2048x4096
model.language_model.layers.45.mlp.experts.51.up_proj,routed,2048,4096,8388608,6076,5.125,75499429,aeb0882e878cfa9957e41c32f96d7aa4ac8e769b0ab47240cf66c75054e1632f,4096x4096,512x4096,2048x4096
model.language_model.layers.45.mlp.experts.52.down_proj,routed,4096,2048,8388608,902,17.75,20973477,d97fa8d3dab7b039f8c9eea46b89bf07bb8210f53fc17b1e4613b5f7df051c3f,2048x2048,512x2048,4096x2048
model.language_model.layers.45.mlp.experts.52.gate_proj,routed,2048,4096,8388608,902,4.53125,75499429,f77098a3f8e4a92137f51420d56c9f3a764f1a4325e0d9729b8555a64e60a7f2,4096x4096,512x4096,2048x4096
model.language_model.layers.45.mlp.experts.52.up_proj,routed,2048,4096,8388608,902,4.53125,75499429,ecd82c058aa99c37e868a8258a21be690d5a8283bc09872ef085a5aab6b20d09,4096x4096,512x4096,2048x4096
model.language_model.layers.45.mlp.experts.53.down_proj,routed,4096,2048,8388608,3690,21.0,20973477,bdea479b5b7f8f4c006385c34a312622156e2b75459285b54c0cc611db86f8d0,2048x2048,512x2048,4096x2048
model.language_model.layers.45.mlp.experts.53.gate_proj,routed,2048,4096,8388608,3690,4.9375,75499429,3389155326141931dd21b9fd734d357bab3f7dc13ddc597ce592061290918190,4096x4096,512x4096,2048x4096
model.language_model.layers.45.mlp.experts.53.up_proj,routed,2048,4096,8388608,3690,4.9375,75499429,d3cf880eaf0a494c72f90d6fc56e65814bb3b49f6af37fb6c23e8efe0386e26c,4096x4096,512x4096,2048x4096
model.language_model.layers.45.mlp.experts.54.down_proj,routed,4096,2048,8388608,6457,19.375,20973477,fb4f6c155e750daa7d8f0beae3acd962403703ad26c92ee3fec25ef8f808b5e3,2048x2048,512x2048,4096x2048
model.language_model.layers.45.mlp.experts.54.gate_proj,routed,2048,4096,8388608,6457,5.46875,75499429,802058196ac13834aa09bc35520ae687a4342a71d9e188da30db56945b85c9b0,4096x4096,512x4096,2048x4096
model.language_model.layers.45.mlp.experts.54.up_proj,routed,2048,4096,8388608,6457,5.46875,75499429,9a98061249bf1a871cc57d04fac64a50887d6af2904c9230756d01e777ef86dc,4096x4096,512x4096,2048x4096
model.language_model.layers.45.mlp.experts.55.down_proj,routed,4096,2048,8388608,14297,24.875,20973477,536c17eafaea9f57fc5015b08197cb5d6fcedb41e9a10c0867951674bc09ceb3,2048x2048,512x2048,4096x2048
model.language_model.layers.45.mlp.experts.55.gate_proj,routed,2048,4096,8388608,14297,4.5,75499429,7b174af53cc07272d0c9efc3a272c8fb2b3d781f7fe7cb0012c18026ae3455f1,4096x4096,512x4096,2048x4096
model.language_model.layers.45.mlp.experts.55.up_proj,routed,2048,4096,8388608,14297,4.5,75499429,7391e662025587eebb1fd95dbc9491bf164768d0085f44d9528a7dadec21938e,4096x4096,512x4096,2048x4096
model.language_model.layers.45.mlp.experts.56.down_proj,routed,4096,2048,8388608,885,31.5,20973477,e4461a18974ab45f95401f6cd2898e2c093c776668e1be85b8b19cce8e147ddc,2048x2048,512x2048,4096x2048
model.language_model.layers.45.mlp.experts.56.gate_proj,routed,2048,4096,8388608,885,4.3125,75499429,21c9c141a72ebe3947142f28ee47e0871bfaa74f8b5987e97d7f01da3262e545,4096x4096,512x4096,2048x4096
model.language_model.layers.45.mlp.experts.56.up_proj,routed,2048,4096,8388608,885,4.3125,75499429,9a49d0211673b91dc639a9c56a1645119d95815c2e4e19f995fadca6bdab1877,4096x4096,512x4096,2048x4096
model.language_model.layers.45.mlp.experts.57.down_proj,routed,4096,2048,8388608,8555,18.75,20973477,b39455413a82cd5427d2ea8ebcb5c72bd85873dc5b94d53bb917b144fd768ad1,2048x2048,512x2048,4096x2048
model.language_model.layers.45.mlp.experts.57.gate_proj,routed,2048,4096,8388608,8555,4.90625,75499429,9d0728b2476f70e5f7ed798fdc61ab5a445f800f525b1becb4547cd9b0c516b7,4096x4096,512x4096,2048x4096
model.language_model.layers.45.mlp.experts.57.up_proj,routed,2048,4096,8388608,8555,4.90625,75499429,c3fe92471d7160833be40afea3f30c1c33979c292e4c84d483ba7752a7ac65c5,4096x4096,512x4096,2048x4096
model.language_model.layers.45.mlp.experts.58.down_proj,routed,4096,2048,8388608,6716,27.625,20973477,cf3b64c2fb8884e158e7627bc9ffdc09d090c172b8524cddd83bd40b2d251edc,2048x2048,512x2048,4096x2048
model.language_model.layers.45.mlp.experts.58.gate_proj,routed,2048,4096,8388608,6716,5.25,75499429,ed2b1c13b7f65b747fcbec6cbe2932dad71c907c276a004a987d7aaac77e5469,4096x4096,512x4096,2048x4096
model.language_model.layers.45.mlp.experts.58.up_proj,routed,2048,4096,8388608,6716,5.25,75499429,3a1e4ed0f1d2af7ea498df35f03c91a33e68adb736ac46fdc39e7b4693ef18c9,4096x4096,512x4096,2048x4096
model.language_model.layers.45.mlp.experts.59.down_proj,routed,4096,2048,8388608,1434,16.25,20973477,3b5ed11958af8e6dcd5bbe5b14938c04329d2e5ba2907eea6a1e4df53fdb2a56,2048x2048,512x2048,4096x2048
model.language_model.layers.45.mlp.experts.59.gate_proj,routed,2048,4096,8388608,1434,3.6875,75499429,065e927867b3d461f172029b45fbf461d98014c02345a2770f8d54c75c017238,4096x4096,512x4096,2048x4096
model.language_model.layers.45.mlp.experts.59.up_proj,routed,2048,4096,8388608,1434,3.6875,75499429,5fe507cdd7d59870531c4a86b4e5d0b965ce8058ef984497fcc6d98b42ec8d5c,4096x4096,512x4096,2048x4096
model.language_model.layers.45.mlp.experts.6.down_proj,routed,4096,2048,8388608,6116,33.5,20973477,3cc07753982ace9ee3308aa3072382d45afc2d9248bcb4a56593769e1230ed60,2048x2048,512x2048,4096x2048
model.language_model.layers.45.mlp.experts.6.gate_proj,routed,2048,4096,8388608,6116,5.40625,75499429,732c9aa265e658fc54c750a3f86b870ba87e23a3b92318c0cf674781af8169c2,4096x4096,512x4096,2048x4096
model.language_model.layers.45.mlp.experts.6.up_proj,routed,2048,4096,8388608,6116,5.40625,75499429,ac3982de31e3b9c010f60d7ee754b1858adef6101e8c2f3d24192807e156253d,4096x4096,512x4096,2048x4096
model.language_model.layers.45.mlp.experts.60.down_proj,routed,4096,2048,8388608,7717,30.625,20973477,521200bff3bf6f02e87808cd86a20e17338d4592239c5cb882c8ed78dcc35fab,2048x2048,512x2048,4096x2048
model.language_model.layers.45.mlp.experts.60.gate_proj,routed,2048,4096,8388608,7717,5.90625,75499429,a26f3abc2e7bb94a01158f4d2a09cf37695115b764b3835165c7f18043d34b02,4096x4096,512x4096,2048x4096
model.language_model.layers.45.mlp.experts.60.up_proj,routed,2048,4096,8388608,7717,5.90625,75499429,6fc6800bdff659c0a69c2ed5bdcc2bc5f89d25d17f79c7ff4061e6fc7b1d5e52,4096x4096,512x4096,2048x4096
model.language_model.layers.45.mlp.experts.61.down_proj,routed,4096,2048,8388608,4018,16.5,20973477,31b17ead4c8c1807e3596fae4b43dbd7b58ef20a6ecf70c75a12e1d56a9a0138,2048x2048,512x2048,4096x2048
model.language_model.layers.45.mlp.experts.61.gate_proj,routed,2048,4096,8388608,4018,6.875,75499429,2132fca859273f8a4b68d8ce8e6e2eaaf8c4e8d3b4a4add17bdbb57aca414169,4096x4096,512x4096,2048x4096
model.language_model.layers.45.mlp.experts.61.up_proj,routed,2048,4096,8388608,4018,6.875,75499429,8d02471f960baec6fa933a208cb1a0079a06df8ef9187dfbc7450b0258bc25f5,4096x4096,512x4096,2048x4096
model.language_model.layers.45.mlp.experts.62.down_proj,routed,4096,2048,8388608,11150,19.75,20973477,d796de36c6455b7820e088d1ee0620ba8485f271ecac76943a8a3cb4807e2ae2,2048x2048,512x2048,4096x2048
model.language_model.layers.45.mlp.experts.62.gate_proj,routed,2048,4096,8388608,11150,6.21875,75499429,916f99badc1fa16d14ffa31b1e9d66f0e91a61b66e85644b3e138316d6064043,4096x4096,512x4096,2048x4096
model.language_model.layers.45.mlp.experts.62.up_proj,routed,2048,4096,8388608,11150,6.21875,75499429,6dfad16adae6ef67fa8627b76824b32fe9794a12595fde2a72d0f8b3549e5ee3,4096x4096,512x4096,2048x4096
model.language_model.layers.45.mlp.experts.63.down_proj,routed,4096,2048,8388608,7164,23.125,20973477,69f66b8fc440a2e38f8d58867475302e09e63deaaf7f6e791d9fb6c0824281a4,2048x2048,512x2048,4096x2048
model.language_model.layers.45.mlp.experts.63.gate_proj,routed,2048,4096,8388608,7164,4.1875,75499429,4982cfe6ba57b163a2b7b489cad5995345b29fe981b7e608fa818317fcbad9df,4096x4096,512x4096,2048x4096
model.language_model.layers.45.mlp.experts.63.up_proj,routed,2048,4096,8388608,7164,4.1875,75499429,ed5db9dbbbeb606c8be8f2dee7b40157e03096e199aaa8efdb76dfd4c7b6ae4a,4096x4096,512x4096,2048x4096
model.language_model.layers.45.mlp.experts.64.down_proj,routed,4096,2048,8388608,7025,30.5,20973477,f6f920a694d26967893b5cbdaa160ae8fb8cbb08b04b8d4d0445568663033ec7,2048x2048,512x2048,4096x2048
model.language_model.layers.45.mlp.experts.64.gate_proj,routed,2048,4096,8388608,7025,5.34375,75499429,288e5703588648a9a2459abda530abbaa1813532d869a840b75e138dccdf71db,4096x4096,512x4096,2048x4096
model.language_model.layers.45.mlp.experts.64.up_proj,routed,2048,4096,8388608,7025,5.34375,75499429,bf4bca843477a02602ec5de09fa0751d6c07c3fb739f66c7aaddc52ff4b31742,4096x4096,512x4096,2048x4096
model.language_model.layers.45.mlp.experts.65.down_proj,routed,4096,2048,8388608,7097,22.625,20973477,bc2d57643ef31cc0f10499d51e748191a4bb5d44005bbd0d472a496eda507003,2048x2048,512x2048,4096x2048
model.language_model.layers.45.mlp.experts.65.gate_proj,routed,2048,4096,8388608,7097,5.15625,75499429,c06fa830cda46f292906789a88042dc7116817ef1cd7cfad0b914366da9ad215,4096x4096,512x4096,2048x4096
model.language_model.layers.45.mlp.experts.65.up_proj,routed,2048,4096,8388608,7097,5.15625,75499429,f1af5aaae9eef5dfacbe9a28e67977477970a27a6eeb9f78fab2b19cba6f3c10,4096x4096,512x4096,2048x4096
model.language_model.layers.45.mlp.experts.66.down_proj,routed,4096,2048,8388608,7567,28.125,20973477,1b713f6b0fac8c4b4b9df805d30aa4c9531c2676557e5265c4a3f25e480b1f21,2048x2048,512x2048,4096x2048
model.language_model.layers.45.mlp.experts.66.gate_proj,routed,2048,4096,8388608,7567,5.28125,75499429,94b97c8981d777faff05fe9049720a28a21057b39f719faf9d2bf641b4c8f5d9,4096x4096,512x4096,2048x4096
model.language_model.layers.45.mlp.experts.66.up_proj,routed,2048,4096,8388608,7567,5.28125,75499429,db79807638529ea2a041199089d13104e5d0134aa4df3f42b270a0d59a753fa5,4096x4096,512x4096,2048x4096
model.language_model.layers.45.mlp.experts.67.down_proj,routed,4096,2048,8388608,9954,28.0,20973477,186238d33443497ec04a1d4ecd5273d8452a26da56ec0bf05109a6f73b2d6893,2048x2048,512x2048,4096x2048
model.language_model.layers.45.mlp.experts.67.gate_proj,routed,2048,4096,8388608,9954,5.09375,75499429,490933a8a9d98e3a568dff1347763d394e0e676bfc13caa033548bfbdd1b6480,4096x4096,512x4096,2048x4096
model.language_model.layers.45.mlp.experts.67.up_proj,routed,2048,4096,8388608,9954,5.09375,75499429,214f32c0d3d626c5b5735a661a5f35594ff67eb5fda84c16b8189472debd2cb4,4096x4096,512x4096,2048x4096
model.language_model.layers.45.mlp.experts.68.down_proj,routed,4096,2048,8388608,6300,23.0,20973477,5997c4110785998e72d5f585b262a81a2fe6a7bf126fcce20cddc71ce326c111,2048x2048,512x2048,4096x2048
model.language_model.layers.45.mlp.experts.68.gate_proj,routed,2048,4096,8388608,6300,4.78125,75499429,3931410830a07ac4a189ce93bc36fc168e9068b8e7b270cf86599bf7e20a44fe,4096x4096,512x4096,2048x4096
model.language_model.layers.45.mlp.experts.68.up_proj,routed,2048,4096,8388608,6300,4.78125,75499429,20af432de73c117814acf07c5a0adcacc190ddd917b859d3d1a23190caf2a926,4096x4096,512x4096,2048x4096
model.language_model.layers.45.mlp.experts.69.down_proj,routed,4096,2048,8388608,4731,26.75,20973477,f68dad1a12103e518b2c498052ac3663da3c8a8e8cae6fde18a5aa7c6449e97e,2048x2048,512x2048,4096x2048
model.language_model.layers.45.mlp.experts.69.gate_proj,routed,2048,4096,8388608,4731,4.25,75499429,fef531d4cfdf221765f9a15bfc5500059a3f64190e77988da08e225f57783561,4096x4096,512x4096,2048x4096
model.language_model.layers.45.mlp.experts.69.up_proj,routed,2048,4096,8388608,4731,4.25,75499429,f8ffd850aa453ddf5f192c10b98b5d8a7859b0cb5554ac49f59b753c900c993b,4096x4096,512x4096,2048x4096
model.language_model.layers.45.mlp.experts.7.down_proj,routed,4096,2048,8388608,1420,16.25,20973477,4106cea8a5a3461b194a58e6a6e0dd10e5dc4b8097fb3924a6068458da63a76c,2048x2048,512x2048,4096x2048
model.language_model.layers.45.mlp.experts.7.gate_proj,routed,2048,4096,8388608,1420,4.28125,75499429,9405850dd39e46ca18ecc6730f16e13a23c019efaf394dc377619d67f7535827,4096x4096,512x4096,2048x4096
model.language_model.layers.45.mlp.experts.7.up_proj,routed,2048,4096,8388608,1420,4.28125,75499429,ac3d252be07924fe2aa276fa420f1f84ba246a150c5910fb8ec9e50fa4df4216,4096x4096,512x4096,2048x4096
model.language_model.layers.45.mlp.experts.70.down_proj,routed,4096,2048,8388608,10089,23.375,20973477,b378464513abc25dbd88b875a04cfb426dc4d14993dc7525c95a18f956a105c6,2048x2048,512x2048,4096x2048
model.language_model.layers.45.mlp.experts.70.gate_proj,routed,2048,4096,8388608,10089,6.34375,75499429,f8e2915df06a6e867012457219247cb124fdf9990faed8fcfae073aed36f4ef3,4096x4096,512x4096,2048x4096
model.language_model.layers.45.mlp.experts.70.up_proj,routed,2048,4096,8388608,10089,6.34375,75499429,6a45cc49cdbb36617ce954567fd3692f42ecde3e53421277652772d2a25d9893,4096x4096,512x4096,2048x4096
model.language_model.layers.45.mlp.experts.71.down_proj,routed,4096,2048,8388608,7684,26.625,20973477,83c04a17b92bb2c5c0a4956007dd6881edba35fc17207f9c6196879a0764a32b,2048x2048,512x2048,4096x2048
model.language_model.layers.45.mlp.experts.71.gate_proj,routed,2048,4096,8388608,7684,6.875,75499429,e7dbeb70d3f57af54c587521cbfc6cf431b63cacf2cda605581cb72c815210b3,4096x4096,512x4096,2048x4096
model.language_model.layers.45.mlp.experts.71.up_proj,routed,2048,4096,8388608,7684,6.875,75499429,efca2dcfa639c2b5371e257f117c4441b9b636a10495afc69d1702a279a24beb,4096x4096,512x4096,2048x4096
model.language_model.layers.45.mlp.experts.72.down_proj,routed,4096,2048,8388608,6582,38.75,20973477,e79b2ab4900c86348052dc10e2cce5cc288e37cd855bac6c23f567fcdacd5a93,2048x2048,512x2048,4096x2048
model.language_model.layers.45.mlp.experts.72.gate_proj,routed,2048,4096,8388608,6582,5.9375,75499429,ef0d373331333f9331343f501a131dd0a37df8f3544390c7c636c89085ec18fd,4096x4096,512x4096,2048x4096
model.language_model.layers.45.mlp.experts.72.up_proj,routed,2048,4096,8388608,6582,5.9375,75499429,ab023e783ed13ef8eed4ea4bafd04e74a9c32a1acf4ea4b03d51769f01521eb0,4096x4096,512x4096,2048x4096
model.language_model.layers.45.mlp.experts.73.down_proj,routed,4096,2048,8388608,10106,35.25,20973477,d7e381fa844e349c1539cd7eb9421e09264f8a8c1cbc74872eabf05bbb86c9f6,2048x2048,512x2048,4096x2048
model.language_model.layers.45.mlp.experts.73.gate_proj,routed,2048,4096,8388608,10106,5.34375,75499429,dad83908936687959ad03c59309ebc3566341cfb825c1d5ce691276ed502ccbc,4096x4096,512x4096,2048x4096
model.language_model.layers.45.mlp.experts.73.up_proj,routed,2048,4096,8388608,10106,5.34375,75499429,9667265c421a08023f5a2986a12e4dfe220744a1bfca6bafdd60f287f7dceb50,4096x4096,512x4096,2048x4096
model.language_model.layers.45.mlp.experts.74.down_proj,routed,4096,2048,8388608,10896,19.625,20973477,6329ddacc73f7c0a49f41c20a8b29f5b855b4d833120c670f34fbbf647ea7b40,2048x2048,512x2048,4096x2048
model.language_model.layers.45.mlp.experts.74.gate_proj,routed,2048,4096,8388608,10896,5.59375,75499429,68dd0817740d6d967b808311e999af3bc5f9692d63760553488492bcab714100,4096x4096,512x4096,2048x4096
model.language_model.layers.45.mlp.experts.74.up_proj,routed,2048,4096,8388608,10896,5.59375,75499429,0cbe391e1c3f03bcb2365cce938456c795c700894d64be911a2bf37c960fb6f4,4096x4096,512x4096,2048x4096
model.language_model.layers.45.mlp.experts.75.down_proj,routed,4096,2048,8388608,10942,17.5,20973477,8be00dfa4a8abd4c041a5e069e677fc66a7969f1f361da78765bec13d722cfd3,2048x2048,512x2048,4096x2048
model.language_model.layers.45.mlp.experts.75.gate_proj,routed,2048,4096,8388608,10942,6.03125,75499429,e30b9979e217e1eb8442507fccdd47dc4f84244555bcfc1f31a0ddb59d6a5064,4096x4096,512x4096,2048x4096
model.language_model.layers.45.mlp.experts.75.up_proj,routed,2048,4096,8388608,10942,6.03125,75499429,c08b197573a8e136f458485225760d7a185064c40ca3de68864f2b6647ddec0a,4096x4096,512x4096,2048x4096
model.language_model.layers.45.mlp.experts.76.down_proj,routed,4096,2048,8388608,6628,28.75,20973477,203aa3d96e51eb4f6cd350920b27bacf22e716688e84f8d0f2623308437c6980,2048x2048,512x2048,4096x2048
model.language_model.layers.45.mlp.experts.76.gate_proj,routed,2048,4096,8388608,6628,5.75,75499429,96327082c3c75fdc82c09224b1f514f6f5a5c260ad15f77d78b63f71f3de1979,4096x4096,512x4096,2048x4096
model.language_model.layers.45.mlp.experts.76.up_proj,routed,2048,4096,8388608,6628,5.75,75499429,780bc015e03a4eeb344c5ffa37301bc9a8d0ea3fd8faef94d663b78fd2851468,4096x4096,512x4096,2048x4096
model.language_model.layers.45.mlp.experts.77.down_proj,routed,4096,2048,8388608,3229,21.5,20973477,3cd88841b4721ef26e6462f2cc8ea6820948b81fd5259fd438463bcc3cb1a9e1,2048x2048,512x2048,4096x2048
model.language_model.layers.45.mlp.experts.77.gate_proj,routed,2048,4096,8388608,3229,4.40625,75499429,c083fbfe37af75c0e41af46f35fc2ad8d1a534d7bf6daa68f0406f1ab370c87a,4096x4096,512x4096,2048x4096
model.language_model.layers.45.mlp.experts.77.up_proj,routed,2048,4096,8388608,3229,4.40625,75499429,c1d5bd0abd1e6b99fa4ce2616fca3008b5bf30b06d90b21a28266b904f2cd5e7,4096x4096,512x4096,2048x4096
model.language_model.layers.45.mlp.experts.78.down_proj,routed,4096,2048,8388608,8111,24.875,20973477,97b440e6021a70d13c06dcca6ac2b908a42999b517c60e53adb8d9fe38adda6b,2048x2048,512x2048,4096x2048
model.language_model.layers.45.mlp.experts.78.gate_proj,routed,2048,4096,8388608,8111,4.6875,75499429,ed4450cd30d3a64213e2fa6c09b03aef32e8e38dc54d5c7f95ecc22185dfd812,4096x4096,512x4096,2048x4096
model.language_model.layers.45.mlp.experts.78.up_proj,routed,2048,4096,8388608,8111,4.6875,75499429,76522f410c3b663793bd7529bd67ec72e86ace378b5f3e711bbba2fe41e4cd8e,4096x4096,512x4096,2048x4096
model.language_model.layers.45.mlp.experts.79.down_proj,routed,4096,2048,8388608,7905,28.875,20973477,9b423e84a0de15450746679ec78cc63fc589975bc94d19dc2e9ca212e24555a3,2048x2048,512x2048,4096x2048
model.language_model.layers.45.mlp.experts.79.gate_proj,routed,2048,4096,8388608,7905,4.875,75499429,37795bff02e249c8f434388101d86ab4bd835c950eeea3c3e2d08d3257912be6,4096x4096,512x4096,2048x4096
model.language_model.layers.45.mlp.experts.79.up_proj,routed,2048,4096,8388608,7905,4.875,75499429,bde1de4090cb1805343148889fcbf866b6ad7bd8446093d9c18eb84f295c7d98,4096x4096,512x4096,2048x4096
model.language_model.layers.45.mlp.experts.8.down_proj,routed,4096,2048,8388608,11220,30.875,20973477,5c22062684d8977d2daf93fb59f881965b1269145a935f956c6700c70cbc814c,2048x2048,512x2048,4096x2048
model.language_model.layers.45.mlp.experts.8.gate_proj,routed,2048,4096,8388608,11220,5.0,75499429,a7b4ba642407628bc7ca4226552231fd0f7b876d5ff376dda53791e8eb5f964c,4096x4096,512x4096,2048x4096
model.language_model.layers.45.mlp.experts.8.up_proj,routed,2048,4096,8388608,11220,5.0,75499429,8eaf80ae52a41dfee7315acdd18ad563724112bdbc5469749756296f41674b6d,4096x4096,512x4096,2048x4096
model.language_model.layers.45.mlp.experts.80.down_proj,routed,4096,2048,8388608,6487,22.125,20973477,95328ace848ab223b8dfef90db0915acda985ba669e7a8ac46904382f4c031fa,2048x2048,512x2048,4096x2048
model.language_model.layers.45.mlp.experts.80.gate_proj,routed,2048,4096,8388608,6487,4.84375,75499429,7a093d8235a87fcc17a25c2d4e5b0caeea8661357b05acc649d0524b4a3d44ee,4096x4096,512x4096,2048x4096
model.language_model.layers.45.mlp.experts.80.up_proj,routed,2048,4096,8388608,6487,4.84375,75499429,e32a485b2e9ef015a09b019ffdd2db846141f05c1b075463f4f5c3282d4c1ed1,4096x4096,512x4096,2048x4096
model.language_model.layers.45.mlp.experts.81.down_proj,routed,4096,2048,8388608,6658,29.125,20973477,2c0611c8cc4f4f49f45aca8395b7e6b86c8001dd61e6f6d6c3af14177a92d18a,2048x2048,512x2048,4096x2048
model.language_model.layers.45.mlp.experts.81.gate_proj,routed,2048,4096,8388608,6658,6.875,75499429,2e6d828f33a8195d8c916fc4fb905c2ad4a8aae66c20ca890c414e7292fa4dcd,4096x4096,512x4096,2048x4096
model.language_model.layers.45.mlp.experts.81.up_proj,routed,2048,4096,8388608,6658,6.875,75499429,04cdb0ef5a4c7137abc4d21df428c34ad0dd40dfc2e8678ff4f14974846146a3,4096x4096,512x4096,2048x4096
model.language_model.layers.45.mlp.experts.82.down_proj,routed,4096,2048,8388608,4877,30.125,20973477,bff3bb3650cc8f7f160cb8a17db4d849f0fc2d041fc266950edaf40c3e74af46,2048x2048,512x2048,4096x2048
model.language_model.layers.45.mlp.experts.82.gate_proj,routed,2048,4096,8388608,4877,4.78125,75499429,015021b5da9933418b59b6427432799105bb7e44544d6a255d3f7b9ce6189397,4096x4096,512x4096,2048x4096
model.language_model.layers.45.mlp.experts.82.up_proj,routed,2048,4096,8388608,4877,4.78125,75499429,703239382213fa13553cb211eb5b5cc8ab99fe242b2de10ac1425d2d102630b5,4096x4096,512x4096,2048x4096
model.language_model.layers.45.mlp.experts.83.down_proj,routed,4096,2048,8388608,7317,25.5,20973477,1fae2de6c74b6a72c74ef552b55c1059bb409775791295d913f638d2acf0f144,2048x2048,512x2048,4096x2048
model.language_model.layers.45.mlp.experts.83.gate_proj,routed,2048,4096,8388608,7317,5.375,75499429,d930f8f24a5ef56f13e07e708ebe0a448db3c301c281c94691a46e27b78ab3fd,4096x4096,512x4096,2048x4096
model.language_model.layers.45.mlp.experts.83.up_proj,routed,2048,4096,8388608,7317,5.375,75499429,697358135bffebbdada730f4ba6c815229c61981cc58e1e31e70a2e15202f6a9,4096x4096,512x4096,2048x4096
model.language_model.layers.45.mlp.experts.84.down_proj,routed,4096,2048,8388608,7200,35.25,20973477,403eb2be306e9de259b547b01710d2238bc77ad1851765e0cbab89e4262f13f7,2048x2048,512x2048,4096x2048
model.language_model.layers.45.mlp.experts.84.gate_proj,routed,2048,4096,8388608,7200,5.125,75499429,4c4fa0c5ac85e871bb2582b8157119f4369f43b735f73dd85f400516cb28d21d,4096x4096,512x4096,2048x4096
model.language_model.layers.45.mlp.experts.84.up_proj,routed,2048,4096,8388608,7200,5.125,75499429,37d627cd0566ffc051a48aa38baa6ac396a80778952a530f8a39b740da81648f,4096x4096,512x4096,2048x4096
model.language_model.layers.45.mlp.experts.85.down_proj,routed,4096,2048,8388608,6431,26.5,20973477,3da354e315797a7e44c8db711ef5909105fa7b08c2258da76d2649545504b73e,2048x2048,512x2048,4096x2048
model.language_model.layers.45.mlp.experts.85.gate_proj,routed,2048,4096,8388608,6431,5.0625,75499429,ffe77f49acc7e333932881888cf6ff766033d1effa434e4ca8575b4419e4a132,4096x4096,512x4096,2048x4096
model.language_model.layers.45.mlp.experts.85.up_proj,routed,2048,4096,8388608,6431,5.0625,75499429,1115f05219b5c0f5d65c0794e55fb3af7e7fb908da03c0ca8d9b28bbad599719,4096x4096,512x4096,2048x4096
model.language_model.layers.45.mlp.experts.86.down_proj,routed,4096,2048,8388608,13188,32.5,20973477,101974fcfaea9a564021bd8060bbea0123950ec200058dfbdf0384942d4eb3af,2048x2048,512x2048,4096x2048
model.language_model.layers.45.mlp.experts.86.gate_proj,routed,2048,4096,8388608,13188,6.875,75499429,933dd8cf02b990c78d43d7283fa06452a0c745f9cf8e1f0241dad204c87d5501,4096x4096,512x4096,2048x4096
model.language_model.layers.45.mlp.experts.86.up_proj,routed,2048,4096,8388608,13188,6.875,75499429,194d844a4b825df43484332c901199c430972100a4a5ff2aa4d316bd42b71d5b,4096x4096,512x4096,2048x4096
model.language_model.layers.45.mlp.experts.87.down_proj,routed,4096,2048,8388608,7903,16.375,20973477,e8f32bce1872d095908ed9143c3e6d3bd302001cf9653f17dcf90430b48184a6,2048x2048,512x2048,4096x2048
model.language_model.layers.45.mlp.experts.87.gate_proj,routed,2048,4096,8388608,7903,5.15625,75499429,fb67a52fd51f1eb4aaffb9c3f648509604720af1285569b9fe7e7457f1917572,4096x4096,512x4096,2048x4096
model.language_model.layers.45.mlp.experts.87.up_proj,routed,2048,4096,8388608,7903,5.15625,75499429,23f0760e29ad50cda6c95adb399a267a1caed98d96fe91e097f329a85ce4af7d,4096x4096,512x4096,2048x4096
model.language_model.layers.45.mlp.experts.88.down_proj,routed,4096,2048,8388608,3852,28.125,20973477,4cabf4e08d896580f9b66d6823cbd3b4ca5ed4bd0b7a0d82b9c8742a7b1b3709,2048x2048,512x2048,4096x2048
model.language_model.layers.45.mlp.experts.88.gate_proj,routed,2048,4096,8388608,3852,5.8125,75499429,f5b24cdb925f32d84483a806363379b058ad6303623146d4dc39b628662d3de6,4096x4096,512x4096,2048x4096
model.language_model.layers.45.mlp.experts.88.up_proj,routed,2048,4096,8388608,3852,5.8125,75499429,f0c6b170602907e41f3b0e1a0efedf28648fb25e112453030a9331d4e6801f1a,4096x4096,512x4096,2048x4096
model.language_model.layers.45.mlp.experts.89.down_proj,routed,4096,2048,8388608,6272,32.25,20973477,0800158375aff87090fe8512915d6e316d681c29a79c98b93452ad7b9ba501c5,2048x2048,512x2048,4096x2048
model.language_model.layers.45.mlp.experts.89.gate_proj,routed,2048,4096,8388608,6272,4.84375,75499429,b11461aa191620b716c282c213980a66d77854b7b0adbcea179518f24506357c,4096x4096,512x4096,2048x4096
model.language_model.layers.45.mlp.experts.89.up_proj,routed,2048,4096,8388608,6272,4.84375,75499429,5638318253ea7feb8813d4f8c683d74b8cd5bf87993a5c74e1de428074570a1a,4096x4096,512x4096,2048x4096
model.language_model.layers.45.mlp.experts.9.down_proj,routed,4096,2048,8388608,1418,16.5,20973477,c8cc7595fa3fabe8b04dbe0af3e24bc4e29531bdfd0e74416e870c0918b920d1,2048x2048,512x2048,4096x2048
model.language_model.layers.45.mlp.experts.9.gate_proj,routed,2048,4096,8388608,1418,6.875,75499429,63b68b2cd0a9d8cb491da5b009a65c2184fc7993185d9582e0c2905725b406c8,4096x4096,512x4096,2048x4096
model.language_model.layers.45.mlp.experts.9.up_proj,routed,2048,4096,8388608,1418,6.875,75499429,a2fa2c336e71efce352669add1c1861fa07d3b48e2545b535bb755a0f5cfa062,4096x4096,512x4096,2048x4096
model.language_model.layers.45.mlp.experts.90.down_proj,routed,4096,2048,8388608,8288,32.0,20973477,6a4df829bceb556ce9dc3cbf9c9a6f0ea974368ccb5fe555be0b1f3571513987,2048x2048,512x2048,4096x2048
model.language_model.layers.45.mlp.experts.90.gate_proj,routed,2048,4096,8388608,8288,5.15625,75499429,f1f977df0386e9ccecf7b2277a3728e4ef74fce2c007459cd4a77547de4a8bd0,4096x4096,512x4096,2048x4096
model.language_model.layers.45.mlp.experts.90.up_proj,routed,2048,4096,8388608,8288,5.15625,75499429,c61f3fc842b55fe59112a10e4a7ab36c3221b4bd6cf31796e63fe6777bef8324,4096x4096,512x4096,2048x4096
model.language_model.layers.45.mlp.experts.91.down_proj,routed,4096,2048,8388608,7593,35.0,20973477,abf0069b71687e904a4605f7f3219c1ad497de5da854689f597141daa81a1d2a,2048x2048,512x2048,4096x2048
model.language_model.layers.45.mlp.experts.91.gate_proj,routed,2048,4096,8388608,7593,5.15625,75499429,64dc00e1626e4498b31ee60bcd272461081b758f9b17d215276600d0a4729208,4096x4096,512x4096,2048x4096
model.language_model.layers.45.mlp.experts.91.up_proj,routed,2048,4096,8388608,7593,5.15625,75499429,2bd4ece6dea2126342ac5dcfcd0a783c7f2f8d95f55678ec1829c59c44944323,4096x4096,512x4096,2048x4096
model.language_model.layers.45.mlp.experts.92.down_proj,routed,4096,2048,8388608,10168,45.5,20973477,b7861091fd74053402f00e4c6a111b7fe5c634912cf7cf21a53785b4138d1764,2048x2048,512x2048,4096x2048
model.language_model.layers.45.mlp.experts.92.gate_proj,routed,2048,4096,8388608,10168,4.78125,75499429,2b3fb2a7878a2173d09610746ba8307a1574d3a4168178144fdbf32e41a800cb,4096x4096,512x4096,2048x4096
model.language_model.layers.45.mlp.experts.92.up_proj,routed,2048,4096,8388608,10168,4.78125,75499429,bc719e4ca24f60f0caf7f601b1636a08f40544b9dfb053ca176965b4e3265e59,4096x4096,512x4096,2048x4096
model.language_model.layers.45.mlp.experts.93.down_proj,routed,4096,2048,8388608,5636,26.125,20973477,c713d032a279f89a2a94fb5e9f15bab31cb092dbe0ef85677463b8e9e49b789a,2048x2048,512x2048,4096x2048
model.language_model.layers.45.mlp.experts.93.gate_proj,routed,2048,4096,8388608,5636,4.90625,75499429,7be81eadca09934352390b81a728632ce4a303576cc9154135f56c145b58e759,4096x4096,512x4096,2048x4096
model.language_model.layers.45.mlp.experts.93.up_proj,routed,2048,4096,8388608,5636,4.90625,75499429,0fafe51d0f233bb63f2bd1e391a9cf25428e8f7ba84d75510b1e116f36bdf283,4096x4096,512x4096,2048x4096
model.language_model.layers.45.mlp.experts.94.down_proj,routed,4096,2048,8388608,11031,18.625,20973477,969d9de12edd3917af7da3c7eaa9bf7bc651fd5faa4a2c52a66410012490e5b4,2048x2048,512x2048,4096x2048
model.language_model.layers.45.mlp.experts.94.gate_proj,routed,2048,4096,8388608,11031,4.375,75499429,6b9b0c7a3b5c4b207f21f7c0b12c6969d3840c755d358ab05e3ee62b0b7f4207,4096x4096,512x4096,2048x4096
model.language_model.layers.45.mlp.experts.94.up_proj,routed,2048,4096,8388608,11031,4.375,75499429,5ad71f0e98a179b73e5013eca7c420ccbfb4b933be56be66986befb84267e065,4096x4096,512x4096,2048x4096
model.language_model.layers.45.mlp.experts.95.down_proj,routed,4096,2048,8388608,9492,40.25,20973477,1ac06e8e598ac6ffec361044f2fb81b1d316473df0edc55d1dd6abba77ffb834,2048x2048,512x2048,4096x2048
model.language_model.layers.45.mlp.experts.95.gate_proj,routed,2048,4096,8388608,9492,4.90625,75499429,f229185d04cecef966a8fae49d4230d6360b3fcacdb2aedb307d0415bfbb8cc3,4096x4096,512x4096,2048x4096
model.language_model.layers.45.mlp.experts.95.up_proj,routed,2048,4096,8388608,9492,4.90625,75499429,a99bdf6cf50b137e3299f89b14f888c363ceb6e1002003426788323adb356720,4096x4096,512x4096,2048x4096
model.language_model.layers.45.mlp.experts.96.down_proj,routed,4096,2048,8388608,857,21.875,20973477,5bbdac8d204c7ba5c05f63a3614a494345163bcccdc809bda5aeab3004fadf44,2048x2048,512x2048,4096x2048
model.language_model.layers.45.mlp.experts.96.gate_proj,routed,2048,4096,8388608,857,3.90625,75499429,da6f838e252baa66363a1d7cba8af765af517f6b670d57f874ba6a814c9e806a,4096x4096,512x4096,2048x4096
model.language_model.layers.45.mlp.experts.96.up_proj,routed,2048,4096,8388608,857,3.90625,75499429,2bd7fcea9950cf5aece66b882a6c939ce0f8734bbb5cfca755f646e50aa7f4b2,4096x4096,512x4096,2048x4096
model.language_model.layers.45.mlp.experts.97.down_proj,routed,4096,2048,8388608,8852,20.5,20973477,e371f7f5620c2b6abc1252cb9a1ec9dd541591b83855054f5aadd4fc249d09b2,2048x2048,512x2048,4096x2048
model.language_model.layers.45.mlp.experts.97.gate_proj,routed,2048,4096,8388608,8852,5.3125,75499429,3e8e367535c5a7a3f30742d3466eafc74e520c8fe70242cb933bea7b0bc87536,4096x4096,512x4096,2048x4096
model.language_model.layers.45.mlp.experts.97.up_proj,routed,2048,4096,8388608,8852,5.3125,75499429,315f08a179ec86bf80c256febc86ad4b85d0ecaa21e9b242b618afde615a50d4,4096x4096,512x4096,2048x4096
model.language_model.layers.45.mlp.experts.98.down_proj,routed,4096,2048,8388608,2345,26.625,20973477,67a6e11cbc6bfe409945c3291f54323df56848791d1bb3a318cec26f7d1fcd14,2048x2048,512x2048,4096x2048
model.language_model.layers.45.mlp.experts.98.gate_proj,routed,2048,4096,8388608,2345,4.8125,75499429,caadb91af0ce657942c188cf62970449cc36fe6c0b3f2b2704975cb81d2aa0ed,4096x4096,512x4096,2048x4096
model.language_model.layers.45.mlp.experts.98.up_proj,routed,2048,4096,8388608,2345,4.8125,75499429,9c5d409481d7ec9ed5abef83e02b913047b7cb33b193ea4405b435e99865221a,4096x4096,512x4096,2048x4096
model.language_model.layers.45.mlp.experts.99.down_proj,routed,4096,2048,8388608,6137,18.5,20973477,4e7c9c16cdc01b10880f144f951880236dfece9faa4c477e71fb38e7c91875a0,2048x2048,512x2048,4096x2048
model.language_model.layers.45.mlp.experts.99.gate_proj,routed,2048,4096,8388608,6137,5.59375,75499429,4919830d0da518dfb0af433d7c0c0432b5562c10e2682013b5b39b46db4f255f,4096x4096,512x4096,2048x4096
model.language_model.layers.45.mlp.experts.99.up_proj,routed,2048,4096,8388608,6137,5.59375,75499429,a129220424e0d892834f4fa14c7ac42bc6b26ebe3264e93310227652a115802f,4096x4096,512x4096,2048x4096
model.language_model.layers.45.mlp.shared_experts.down_proj,shared,4096,2048,8388608,261632,59.25,20973477,1cac062c8a250f4cfee2d0f7396457a21b4283315779c92d0642ad3df21ddd8a,2048x2048,512x2048,
model.language_model.layers.45.mlp.shared_experts.gate_proj,shared,2048,4096,8388608,261632,6.875,75499429,b05bc7d73d36840bfa7615a00792ed9cc302ebe646a2563eed15b2203829661f,4096x4096,512x4096,
model.language_model.layers.45.mlp.shared_experts.up_proj,shared,2048,4096,8388608,261632,6.875,75499429,ccdc94b195ed8a26862485d1126685133c2e28985b06b45326d499d4755c22b9,4096x4096,512x4096,
